-- MySQL dump 10.13  Distrib 8.0.21, for Win64 (x86_64)
--
-- Host: localhost    Database: test
-- ------------------------------------------------------
-- Server version	8.0.21

/*!40101 SET @OLD_CHARACTER_SET_CLIENT=@@CHARACTER_SET_CLIENT */;
/*!40101 SET @OLD_CHARACTER_SET_RESULTS=@@CHARACTER_SET_RESULTS */;
/*!40101 SET @OLD_COLLATION_CONNECTION=@@COLLATION_CONNECTION */;
/*!50503 SET NAMES utf8mb4 */;
/*!40103 SET @OLD_TIME_ZONE=@@TIME_ZONE */;
/*!40103 SET TIME_ZONE='+00:00' */;
/*!40014 SET @OLD_UNIQUE_CHECKS=@@UNIQUE_CHECKS, UNIQUE_CHECKS=0 */;
/*!40014 SET @OLD_FOREIGN_KEY_CHECKS=@@FOREIGN_KEY_CHECKS, FOREIGN_KEY_CHECKS=0 */;
/*!40101 SET @OLD_SQL_MODE=@@SQL_MODE, SQL_MODE='NO_AUTO_VALUE_ON_ZERO' */;
/*!40111 SET @OLD_SQL_NOTES=@@SQL_NOTES, SQL_NOTES=0 */;

--
-- Table structure for table `qrtz_blob_triggers`
--

DROP TABLE IF EXISTS `qrtz_blob_triggers`;
/*!40101 SET @saved_cs_client     = @@character_set_client */;
/*!50503 SET character_set_client = utf8mb4 */;
CREATE TABLE `qrtz_blob_triggers` (
  `SCHED_NAME` varchar(120) NOT NULL,
  `TRIGGER_NAME` varchar(200) NOT NULL,
  `TRIGGER_GROUP` varchar(200) NOT NULL,
  `BLOB_DATA` blob,
  PRIMARY KEY (`SCHED_NAME`,`TRIGGER_NAME`,`TRIGGER_GROUP`),
  CONSTRAINT `qrtz_blob_triggers_ibfk_1` FOREIGN KEY (`SCHED_NAME`, `TRIGGER_NAME`, `TRIGGER_GROUP`) REFERENCES `qrtz_triggers` (`SCHED_NAME`, `TRIGGER_NAME`, `TRIGGER_GROUP`)
) ENGINE=InnoDB DEFAULT CHARSET=utf8mb4 COLLATE=utf8mb4_0900_ai_ci;
/*!40101 SET character_set_client = @saved_cs_client */;

--
-- Dumping data for table `qrtz_blob_triggers`
--

LOCK TABLES `qrtz_blob_triggers` WRITE;
/*!40000 ALTER TABLE `qrtz_blob_triggers` DISABLE KEYS */;
/*!40000 ALTER TABLE `qrtz_blob_triggers` ENABLE KEYS */;
UNLOCK TABLES;

--
-- Table structure for table `qrtz_calendars`
--

DROP TABLE IF EXISTS `qrtz_calendars`;
/*!40101 SET @saved_cs_client     = @@character_set_client */;
/*!50503 SET character_set_client = utf8mb4 */;
CREATE TABLE `qrtz_calendars` (
  `SCHED_NAME` varchar(120) NOT NULL,
  `CALENDAR_NAME` varchar(200) NOT NULL,
  `CALENDAR` blob NOT NULL,
  PRIMARY KEY (`SCHED_NAME`,`CALENDAR_NAME`)
) ENGINE=InnoDB DEFAULT CHARSET=utf8mb4 COLLATE=utf8mb4_0900_ai_ci;
/*!40101 SET character_set_client = @saved_cs_client */;

--
-- Dumping data for table `qrtz_calendars`
--

LOCK TABLES `qrtz_calendars` WRITE;
/*!40000 ALTER TABLE `qrtz_calendars` DISABLE KEYS */;
/*!40000 ALTER TABLE `qrtz_calendars` ENABLE KEYS */;
UNLOCK TABLES;

--
-- Table structure for table `qrtz_cron_triggers`
--

DROP TABLE IF EXISTS `qrtz_cron_triggers`;
/*!40101 SET @saved_cs_client     = @@character_set_client */;
/*!50503 SET character_set_client = utf8mb4 */;
CREATE TABLE `qrtz_cron_triggers` (
  `SCHED_NAME` varchar(120) NOT NULL,
  `TRIGGER_NAME` varchar(200) NOT NULL,
  `TRIGGER_GROUP` varchar(200) NOT NULL,
  `CRON_EXPRESSION` varchar(200) NOT NULL,
  `TIME_ZONE_ID` varchar(80) DEFAULT NULL,
  PRIMARY KEY (`SCHED_NAME`,`TRIGGER_NAME`,`TRIGGER_GROUP`),
  CONSTRAINT `qrtz_cron_triggers_ibfk_1` FOREIGN KEY (`SCHED_NAME`, `TRIGGER_NAME`, `TRIGGER_GROUP`) REFERENCES `qrtz_triggers` (`SCHED_NAME`, `TRIGGER_NAME`, `TRIGGER_GROUP`)
) ENGINE=InnoDB DEFAULT CHARSET=utf8mb4 COLLATE=utf8mb4_0900_ai_ci;
/*!40101 SET character_set_client = @saved_cs_client */;

--
-- Dumping data for table `qrtz_cron_triggers`
--

LOCK TABLES `qrtz_cron_triggers` WRITE;
/*!40000 ALTER TABLE `qrtz_cron_triggers` DISABLE KEYS */;
INSERT INTO `qrtz_cron_triggers` VALUES ('FEBS_Scheduler','TASK_1','DEFAULT','0/1 * * * * ?','Asia/Shanghai'),('FEBS_Scheduler','TASK_11','DEFAULT','0/5 * * * * ?','Asia/Shanghai'),('FEBS_Scheduler','TASK_2','DEFAULT','0/10 * * * * ?','Asia/Shanghai'),('FEBS_Scheduler','TASK_3','DEFAULT','0/1 * * * * ?','Asia/Shanghai'),('GWARBMS_Scheduler','TASK_1','DEFAULT','0/1 * * * * ?','Asia/Shanghai'),('GWARBMS_Scheduler','TASK_11','DEFAULT','0/5 * * * * ?','Asia/Shanghai'),('GWARBMS_Scheduler','TASK_2','DEFAULT','0/10 * * * * ?','Asia/Shanghai'),('GWARBMS_Scheduler','TASK_3','DEFAULT','0/1 * * * * ?','Asia/Shanghai');
/*!40000 ALTER TABLE `qrtz_cron_triggers` ENABLE KEYS */;
UNLOCK TABLES;

--
-- Table structure for table `qrtz_fired_triggers`
--

DROP TABLE IF EXISTS `qrtz_fired_triggers`;
/*!40101 SET @saved_cs_client     = @@character_set_client */;
/*!50503 SET character_set_client = utf8mb4 */;
CREATE TABLE `qrtz_fired_triggers` (
  `SCHED_NAME` varchar(120) NOT NULL,
  `ENTRY_ID` varchar(95) NOT NULL,
  `TRIGGER_NAME` varchar(200) NOT NULL,
  `TRIGGER_GROUP` varchar(200) NOT NULL,
  `INSTANCE_NAME` varchar(200) NOT NULL,
  `FIRED_TIME` bigint NOT NULL,
  `SCHED_TIME` bigint NOT NULL,
  `PRIORITY` int NOT NULL,
  `STATE` varchar(16) NOT NULL,
  `JOB_NAME` varchar(200) DEFAULT NULL,
  `JOB_GROUP` varchar(200) DEFAULT NULL,
  `IS_NONCONCURRENT` varchar(1) DEFAULT NULL,
  `REQUESTS_RECOVERY` varchar(1) DEFAULT NULL,
  PRIMARY KEY (`SCHED_NAME`,`ENTRY_ID`)
) ENGINE=InnoDB DEFAULT CHARSET=utf8mb4 COLLATE=utf8mb4_0900_ai_ci;
/*!40101 SET character_set_client = @saved_cs_client */;

--
-- Dumping data for table `qrtz_fired_triggers`
--

LOCK TABLES `qrtz_fired_triggers` WRITE;
/*!40000 ALTER TABLE `qrtz_fired_triggers` DISABLE KEYS */;
/*!40000 ALTER TABLE `qrtz_fired_triggers` ENABLE KEYS */;
UNLOCK TABLES;

--
-- Table structure for table `qrtz_job_details`
--

DROP TABLE IF EXISTS `qrtz_job_details`;
/*!40101 SET @saved_cs_client     = @@character_set_client */;
/*!50503 SET character_set_client = utf8mb4 */;
CREATE TABLE `qrtz_job_details` (
  `SCHED_NAME` varchar(120) NOT NULL,
  `JOB_NAME` varchar(200) NOT NULL,
  `JOB_GROUP` varchar(200) NOT NULL,
  `DESCRIPTION` varchar(250) DEFAULT NULL,
  `JOB_CLASS_NAME` varchar(250) NOT NULL,
  `IS_DURABLE` varchar(1) NOT NULL,
  `IS_NONCONCURRENT` varchar(1) NOT NULL,
  `IS_UPDATE_DATA` varchar(1) NOT NULL,
  `REQUESTS_RECOVERY` varchar(1) NOT NULL,
  `JOB_DATA` blob,
  PRIMARY KEY (`SCHED_NAME`,`JOB_NAME`,`JOB_GROUP`)
) ENGINE=InnoDB DEFAULT CHARSET=utf8mb4 COLLATE=utf8mb4_0900_ai_ci;
/*!40101 SET character_set_client = @saved_cs_client */;

--
-- Dumping data for table `qrtz_job_details`
--

LOCK TABLES `qrtz_job_details` WRITE;
/*!40000 ALTER TABLE `qrtz_job_details` DISABLE KEYS */;
INSERT INTO `qrtz_job_details` VALUES ('FEBS_Scheduler','TASK_1','DEFAULT',NULL,'cc.mrbird.febs.job.util.ScheduleJob','0','0','0','0',_binary 'ï¿½ï¿½\0sr\0org.quartz.JobDataMapï¿½ï¿½ï¿½è¿©ï¿½ï¿½\0\0xr\0&org.quartz.utils.StringKeyDirtyFlagMapï¿½ï¿½ï¿½ï¿½ï¿½](\0Z\0allowsTransientDataxr\0org.quartz.utils.DirtyFlagMapï¿½.ï¿½(v\nï¿½\0Z\0dirtyL\0mapt\0Ljava/util/Map;xpsr\0java.util.HashMapï¿½ï¿½ï¿½`ï¿½\0F\0\nloadFactorI\0	thresholdxp?@\0\0\0\0\0w\0\0\0\0\0\0t\0\rJOB_PARAM_KEYsr\0cc.mrbird.febs.job.entity.Jobï¿½Rï¿½ï¿½ï¿½\0L\0beanNamet\0Ljava/lang/String;L\0\ncreateTimet\0Ljava/util/Date;L\0cronExpressionq\0~\0	L\0jobIdt\0Ljava/lang/Long;L\0\nmethodNameq\0~\0	L\0paramsq\0~\0	L\0remarkq\0~\0	L\0statusq\0~\0	xpt\0testTasksr\0java.util.Datehjï¿½KYt\0\0xpw\0\0aï¿½ï¿½ppxt\0\r0/1 * * * * ?sr\0java.lang.Long;ï¿½ï¿½Ì#ï¿½\0J\0valuexr\0java.lang.Numberï¿½ï¿½ï¿½ï¿½ï¿½ï¿½\0\0xp\0\0\0\0\0\0\0t\0testt\0mrbirdt\0\Zæœ‰å‚ä»»åŠ¡è°ƒåº¦æµ‹è¯•~~t\01x\0'),('FEBS_Scheduler','TASK_11','DEFAULT',NULL,'cc.mrbird.febs.job.util.ScheduleJob','0','0','0','0',_binary 'ï¿½ï¿½\0sr\0org.quartz.JobDataMapï¿½ï¿½ï¿½è¿©ï¿½ï¿½\0\0xr\0&org.quartz.utils.StringKeyDirtyFlagMapï¿½ï¿½ï¿½ï¿½ï¿½](\0Z\0allowsTransientDataxr\0org.quartz.utils.DirtyFlagMapï¿½.ï¿½(v\nï¿½\0Z\0dirtyL\0mapt\0Ljava/util/Map;xpsr\0java.util.HashMapï¿½ï¿½ï¿½`ï¿½\0F\0\nloadFactorI\0	thresholdxp?@\0\0\0\0\0w\0\0\0\0\0\0t\0\rJOB_PARAM_KEYsr\0cc.mrbird.febs.job.entity.Jobï¿½Rï¿½ï¿½ï¿½\0L\0beanNamet\0Ljava/lang/String;L\0\ncreateTimet\0Ljava/util/Date;L\0cronExpressionq\0~\0	L\0jobIdt\0Ljava/lang/Long;L\0\nmethodNameq\0~\0	L\0paramsq\0~\0	L\0remarkq\0~\0	L\0statusq\0~\0	xpt\0testTasksr\0java.util.Datehjï¿½KYt\0\0xpw\0\0aï¿½ï¿½Pxt\0\r0/5 * * * * ?sr\0java.lang.Long;ï¿½ï¿½Ì#ï¿½\0J\0valuexr\0java.lang.Numberï¿½ï¿½ï¿½ï¿½ï¿½ï¿½\0\0xp\0\0\0\0\0\0\0t\0test2pt\0æµ‹è¯•å¼‚å¸¸t\01x\0'),('FEBS_Scheduler','TASK_2','DEFAULT',NULL,'cc.mrbird.febs.job.util.ScheduleJob','0','0','0','0',_binary 'ï¿½ï¿½\0sr\0org.quartz.JobDataMapï¿½ï¿½ï¿½è¿©ï¿½ï¿½\0\0xr\0&org.quartz.utils.StringKeyDirtyFlagMapï¿½ï¿½ï¿½ï¿½ï¿½](\0Z\0allowsTransientDataxr\0org.quartz.utils.DirtyFlagMapï¿½.ï¿½(v\nï¿½\0Z\0dirtyL\0mapt\0Ljava/util/Map;xpsr\0java.util.HashMapï¿½ï¿½ï¿½`ï¿½\0F\0\nloadFactorI\0	thresholdxp?@\0\0\0\0\0w\0\0\0\0\0\0t\0\rJOB_PARAM_KEYsr\0cc.mrbird.febs.job.entity.Jobï¿½Rï¿½ï¿½ï¿½\0L\0beanNamet\0Ljava/lang/String;L\0\ncreateTimet\0Ljava/util/Date;L\0cronExpressionq\0~\0	L\0jobIdt\0Ljava/lang/Long;L\0\nmethodNameq\0~\0	L\0paramsq\0~\0	L\0remarkq\0~\0	L\0statusq\0~\0	xpt\0testTasksr\0java.util.Datehjï¿½KYt\0\0xpw\0\0aï¿½2ï¿½xt\00/10 * * * * ?sr\0java.lang.Long;ï¿½ï¿½Ì#ï¿½\0J\0valuexr\0java.lang.Numberï¿½ï¿½ï¿½ï¿½ï¿½ï¿½\0\0xp\0\0\0\0\0\0\0t\0test1pt\0æ— å‚ä»»åŠ¡è°ƒåº¦æµ‹è¯•t\01x\0'),('FEBS_Scheduler','TASK_3','DEFAULT',NULL,'cc.mrbird.febs.job.util.ScheduleJob','0','0','0','0',_binary 'ï¿½ï¿½\0sr\0org.quartz.JobDataMapï¿½ï¿½ï¿½è¿©ï¿½ï¿½\0\0xr\0&org.quartz.utils.StringKeyDirtyFlagMapï¿½ï¿½ï¿½ï¿½ï¿½](\0Z\0allowsTransientDataxr\0org.quartz.utils.DirtyFlagMapï¿½.ï¿½(v\nï¿½\0Z\0dirtyL\0mapt\0Ljava/util/Map;xpsr\0java.util.HashMapï¿½ï¿½ï¿½`ï¿½\0F\0\nloadFactorI\0	thresholdxp?@\0\0\0\0\0w\0\0\0\0\0\0t\0\rJOB_PARAM_KEYsr\0cc.mrbird.febs.job.entity.Jobï¿½Rï¿½ï¿½ï¿½\0L\0beanNamet\0Ljava/lang/String;L\0\ncreateTimet\0Ljava/util/Date;L\0cronExpressionq\0~\0	L\0jobIdt\0Ljava/lang/Long;L\0\nmethodNameq\0~\0	L\0paramsq\0~\0	L\0remarkq\0~\0	L\0statusq\0~\0	xpt\0testTasksr\0java.util.Datehjï¿½KYt\0\0xpw\0\0aÏ¹ï¿½ï¿½xt\0\r0/1 * * * * ?sr\0java.lang.Long;ï¿½ï¿½Ì#ï¿½\0J\0valuexr\0java.lang.Numberï¿½ï¿½ï¿½ï¿½ï¿½ï¿½\0\0xp\0\0\0\0\0\0\0t\0testt\0hello worldt\0+æœ‰å‚ä»»åŠ¡è°ƒåº¦æµ‹è¯•,æ¯éš”ä¸€ç§’è§¦å‘t\01x\0'),('GWARBMS_Scheduler','TASK_1','DEFAULT',NULL,'cn.edu.hit.spat.job.util.ScheduleJob','0','0','0','0',_binary 'ï¿½ï¿½\0sr\0org.quartz.JobDataMapï¿½ï¿½ï¿½è¿©ï¿½ï¿½\0\0xr\0&org.quartz.utils.StringKeyDirtyFlagMapï¿½ï¿½ï¿½ï¿½ï¿½](\0Z\0allowsTransientDataxr\0org.quartz.utils.DirtyFlagMapï¿½.ï¿½(v\nï¿½\0Z\0dirtyL\0mapt\0Ljava/util/Map;xpsr\0java.util.HashMapï¿½ï¿½ï¿½`ï¿½\0F\0\nloadFactorI\0	thresholdxp?@\0\0\0\0\0w\0\0\0\0\0\0t\0\rJOB_PARAM_KEYsr\0cn.edu.hit.spat.job.entity.Jobï¿½Rï¿½ï¿½ï¿½\0L\0beanNamet\0Ljava/lang/String;L\0\ncreateTimet\0Ljava/util/Date;L\0cronExpressionq\0~\0	L\0jobIdt\0Ljava/lang/Long;L\0\nmethodNameq\0~\0	L\0paramsq\0~\0	L\0remarkq\0~\0	L\0statusq\0~\0	xpt\0testTasksr\0java.util.Datehjï¿½KYt\0\0xpw\0\0aï¿½ï¿½ppxt\0\r0/1 * * * * ?sr\0java.lang.Long;ï¿½ï¿½Ì#ï¿½\0J\0valuexr\0java.lang.Numberï¿½ï¿½ï¿½ï¿½ï¿½ï¿½\0\0xp\0\0\0\0\0\0\0t\0testt\0mrbirdt\0\Zæœ‰å‚ä»»åŠ¡è°ƒåº¦æµ‹è¯•~~t\01x\0'),('GWARBMS_Scheduler','TASK_11','DEFAULT',NULL,'cn.edu.hit.spat.job.util.ScheduleJob','0','0','0','0',_binary 'ï¿½ï¿½\0sr\0org.quartz.JobDataMapï¿½ï¿½ï¿½è¿©ï¿½ï¿½\0\0xr\0&org.quartz.utils.StringKeyDirtyFlagMapï¿½ï¿½ï¿½ï¿½ï¿½](\0Z\0allowsTransientDataxr\0org.quartz.utils.DirtyFlagMapï¿½.ï¿½(v\nï¿½\0Z\0dirtyL\0mapt\0Ljava/util/Map;xpsr\0java.util.HashMapï¿½ï¿½ï¿½`ï¿½\0F\0\nloadFactorI\0	thresholdxp?@\0\0\0\0\0w\0\0\0\0\0\0t\0\rJOB_PARAM_KEYsr\0cn.edu.hit.spat.job.entity.Jobï¿½Rï¿½ï¿½ï¿½\0L\0beanNamet\0Ljava/lang/String;L\0\ncreateTimet\0Ljava/util/Date;L\0cronExpressionq\0~\0	L\0jobIdt\0Ljava/lang/Long;L\0\nmethodNameq\0~\0	L\0paramsq\0~\0	L\0remarkq\0~\0	L\0statusq\0~\0	xpt\0testTasksr\0java.util.Datehjï¿½KYt\0\0xpw\0\0aï¿½ï¿½Pxt\0\r0/5 * * * * ?sr\0java.lang.Long;ï¿½ï¿½Ì#ï¿½\0J\0valuexr\0java.lang.Numberï¿½ï¿½ï¿½ï¿½ï¿½ï¿½\0\0xp\0\0\0\0\0\0\0t\0test2pt\0æµ‹è¯•å¼‚å¸¸t\01x\0'),('GWARBMS_Scheduler','TASK_2','DEFAULT',NULL,'cn.edu.hit.spat.job.util.ScheduleJob','0','0','0','0',_binary 'ï¿½ï¿½\0sr\0org.quartz.JobDataMapï¿½ï¿½ï¿½è¿©ï¿½ï¿½\0\0xr\0&org.quartz.utils.StringKeyDirtyFlagMapï¿½ï¿½ï¿½ï¿½ï¿½](\0Z\0allowsTransientDataxr\0org.quartz.utils.DirtyFlagMapï¿½.ï¿½(v\nï¿½\0Z\0dirtyL\0mapt\0Ljava/util/Map;xpsr\0java.util.HashMapï¿½ï¿½ï¿½`ï¿½\0F\0\nloadFactorI\0	thresholdxp?@\0\0\0\0\0w\0\0\0\0\0\0t\0\rJOB_PARAM_KEYsr\0cn.edu.hit.spat.job.entity.Jobï¿½Rï¿½ï¿½ï¿½\0L\0beanNamet\0Ljava/lang/String;L\0\ncreateTimet\0Ljava/util/Date;L\0cronExpressionq\0~\0	L\0jobIdt\0Ljava/lang/Long;L\0\nmethodNameq\0~\0	L\0paramsq\0~\0	L\0remarkq\0~\0	L\0statusq\0~\0	xpt\0testTasksr\0java.util.Datehjï¿½KYt\0\0xpw\0\0aï¿½2ï¿½xt\00/10 * * * * ?sr\0java.lang.Long;ï¿½ï¿½Ì#ï¿½\0J\0valuexr\0java.lang.Numberï¿½ï¿½ï¿½ï¿½ï¿½ï¿½\0\0xp\0\0\0\0\0\0\0t\0test1pt\0æ— å‚ä»»åŠ¡è°ƒåº¦æµ‹è¯•t\01x\0'),('GWARBMS_Scheduler','TASK_3','DEFAULT',NULL,'cn.edu.hit.spat.job.util.ScheduleJob','0','0','0','0',_binary 'ï¿½ï¿½\0sr\0org.quartz.JobDataMapï¿½ï¿½ï¿½è¿©ï¿½ï¿½\0\0xr\0&org.quartz.utils.StringKeyDirtyFlagMapï¿½ï¿½ï¿½ï¿½ï¿½](\0Z\0allowsTransientDataxr\0org.quartz.utils.DirtyFlagMapï¿½.ï¿½(v\nï¿½\0Z\0dirtyL\0mapt\0Ljava/util/Map;xpsr\0java.util.HashMapï¿½ï¿½ï¿½`ï¿½\0F\0\nloadFactorI\0	thresholdxp?@\0\0\0\0\0w\0\0\0\0\0\0t\0\rJOB_PARAM_KEYsr\0cn.edu.hit.spat.job.entity.Jobï¿½Rï¿½ï¿½ï¿½\0L\0beanNamet\0Ljava/lang/String;L\0\ncreateTimet\0Ljava/util/Date;L\0cronExpressionq\0~\0	L\0jobIdt\0Ljava/lang/Long;L\0\nmethodNameq\0~\0	L\0paramsq\0~\0	L\0remarkq\0~\0	L\0statusq\0~\0	xpt\0testTasksr\0java.util.Datehjï¿½KYt\0\0xpw\0\0aÏ¹ï¿½ï¿½xt\0\r0/1 * * * * ?sr\0java.lang.Long;ï¿½ï¿½Ì#ï¿½\0J\0valuexr\0java.lang.Numberï¿½ï¿½ï¿½ï¿½ï¿½ï¿½\0\0xp\0\0\0\0\0\0\0t\0testt\0hello worldt\0+æœ‰å‚ä»»åŠ¡è°ƒåº¦æµ‹è¯•,æ¯éš”ä¸€ç§’è§¦å‘t\01x\0');
/*!40000 ALTER TABLE `qrtz_job_details` ENABLE KEYS */;
UNLOCK TABLES;

--
-- Table structure for table `qrtz_locks`
--

DROP TABLE IF EXISTS `qrtz_locks`;
/*!40101 SET @saved_cs_client     = @@character_set_client */;
/*!50503 SET character_set_client = utf8mb4 */;
CREATE TABLE `qrtz_locks` (
  `SCHED_NAME` varchar(120) NOT NULL,
  `LOCK_NAME` varchar(40) NOT NULL,
  PRIMARY KEY (`SCHED_NAME`,`LOCK_NAME`)
) ENGINE=InnoDB DEFAULT CHARSET=utf8mb4 COLLATE=utf8mb4_0900_ai_ci;
/*!40101 SET character_set_client = @saved_cs_client */;

--
-- Dumping data for table `qrtz_locks`
--

LOCK TABLES `qrtz_locks` WRITE;
/*!40000 ALTER TABLE `qrtz_locks` DISABLE KEYS */;
INSERT INTO `qrtz_locks` VALUES ('FEBS_Scheduler','STATE_ACCESS'),('FEBS_Scheduler','TRIGGER_ACCESS'),('GWARBMS_Scheduler','STATE_ACCESS'),('GWARBMS_Scheduler','TRIGGER_ACCESS');
/*!40000 ALTER TABLE `qrtz_locks` ENABLE KEYS */;
UNLOCK TABLES;

--
-- Table structure for table `qrtz_paused_trigger_grps`
--

DROP TABLE IF EXISTS `qrtz_paused_trigger_grps`;
/*!40101 SET @saved_cs_client     = @@character_set_client */;
/*!50503 SET character_set_client = utf8mb4 */;
CREATE TABLE `qrtz_paused_trigger_grps` (
  `SCHED_NAME` varchar(120) NOT NULL,
  `TRIGGER_GROUP` varchar(200) NOT NULL,
  PRIMARY KEY (`SCHED_NAME`,`TRIGGER_GROUP`)
) ENGINE=InnoDB DEFAULT CHARSET=utf8mb4 COLLATE=utf8mb4_0900_ai_ci;
/*!40101 SET character_set_client = @saved_cs_client */;

--
-- Dumping data for table `qrtz_paused_trigger_grps`
--

LOCK TABLES `qrtz_paused_trigger_grps` WRITE;
/*!40000 ALTER TABLE `qrtz_paused_trigger_grps` DISABLE KEYS */;
/*!40000 ALTER TABLE `qrtz_paused_trigger_grps` ENABLE KEYS */;
UNLOCK TABLES;

--
-- Table structure for table `qrtz_scheduler_state`
--

DROP TABLE IF EXISTS `qrtz_scheduler_state`;
/*!40101 SET @saved_cs_client     = @@character_set_client */;
/*!50503 SET character_set_client = utf8mb4 */;
CREATE TABLE `qrtz_scheduler_state` (
  `SCHED_NAME` varchar(120) NOT NULL,
  `INSTANCE_NAME` varchar(200) NOT NULL,
  `LAST_CHECKIN_TIME` bigint NOT NULL,
  `CHECKIN_INTERVAL` bigint NOT NULL,
  PRIMARY KEY (`SCHED_NAME`,`INSTANCE_NAME`)
) ENGINE=InnoDB DEFAULT CHARSET=utf8mb4 COLLATE=utf8mb4_0900_ai_ci;
/*!40101 SET character_set_client = @saved_cs_client */;

--
-- Dumping data for table `qrtz_scheduler_state`
--

LOCK TABLES `qrtz_scheduler_state` WRITE;
/*!40000 ALTER TABLE `qrtz_scheduler_state` DISABLE KEYS */;
INSERT INTO `qrtz_scheduler_state` VALUES ('FEBS_Scheduler','DESKTOP-SCQM16L1606459601845',1606460205091,15000),('GWARBMS_Scheduler','DESKTOP-SCQM16L1607137221232',1607137869634,15000);
/*!40000 ALTER TABLE `qrtz_scheduler_state` ENABLE KEYS */;
UNLOCK TABLES;

--
-- Table structure for table `qrtz_simple_triggers`
--

DROP TABLE IF EXISTS `qrtz_simple_triggers`;
/*!40101 SET @saved_cs_client     = @@character_set_client */;
/*!50503 SET character_set_client = utf8mb4 */;
CREATE TABLE `qrtz_simple_triggers` (
  `SCHED_NAME` varchar(120) NOT NULL,
  `TRIGGER_NAME` varchar(200) NOT NULL,
  `TRIGGER_GROUP` varchar(200) NOT NULL,
  `REPEAT_COUNT` bigint NOT NULL,
  `REPEAT_INTERVAL` bigint NOT NULL,
  `TIMES_TRIGGERED` bigint NOT NULL,
  PRIMARY KEY (`SCHED_NAME`,`TRIGGER_NAME`,`TRIGGER_GROUP`),
  CONSTRAINT `qrtz_simple_triggers_ibfk_1` FOREIGN KEY (`SCHED_NAME`, `TRIGGER_NAME`, `TRIGGER_GROUP`) REFERENCES `qrtz_triggers` (`SCHED_NAME`, `TRIGGER_NAME`, `TRIGGER_GROUP`)
) ENGINE=InnoDB DEFAULT CHARSET=utf8mb4 COLLATE=utf8mb4_0900_ai_ci;
/*!40101 SET character_set_client = @saved_cs_client */;

--
-- Dumping data for table `qrtz_simple_triggers`
--

LOCK TABLES `qrtz_simple_triggers` WRITE;
/*!40000 ALTER TABLE `qrtz_simple_triggers` DISABLE KEYS */;
/*!40000 ALTER TABLE `qrtz_simple_triggers` ENABLE KEYS */;
UNLOCK TABLES;

--
-- Table structure for table `qrtz_simprop_triggers`
--

DROP TABLE IF EXISTS `qrtz_simprop_triggers`;
/*!40101 SET @saved_cs_client     = @@character_set_client */;
/*!50503 SET character_set_client = utf8mb4 */;
CREATE TABLE `qrtz_simprop_triggers` (
  `SCHED_NAME` varchar(120) NOT NULL,
  `TRIGGER_NAME` varchar(200) NOT NULL,
  `TRIGGER_GROUP` varchar(200) NOT NULL,
  `STR_PROP_1` varchar(512) DEFAULT NULL,
  `STR_PROP_2` varchar(512) DEFAULT NULL,
  `STR_PROP_3` varchar(512) DEFAULT NULL,
  `INT_PROP_1` int DEFAULT NULL,
  `INT_PROP_2` int DEFAULT NULL,
  `LONG_PROP_1` bigint DEFAULT NULL,
  `LONG_PROP_2` bigint DEFAULT NULL,
  `DEC_PROP_1` decimal(13,4) DEFAULT NULL,
  `DEC_PROP_2` decimal(13,4) DEFAULT NULL,
  `BOOL_PROP_1` varchar(1) DEFAULT NULL,
  `BOOL_PROP_2` varchar(1) DEFAULT NULL,
  PRIMARY KEY (`SCHED_NAME`,`TRIGGER_NAME`,`TRIGGER_GROUP`),
  CONSTRAINT `qrtz_simprop_triggers_ibfk_1` FOREIGN KEY (`SCHED_NAME`, `TRIGGER_NAME`, `TRIGGER_GROUP`) REFERENCES `qrtz_triggers` (`SCHED_NAME`, `TRIGGER_NAME`, `TRIGGER_GROUP`)
) ENGINE=InnoDB DEFAULT CHARSET=utf8mb4 COLLATE=utf8mb4_0900_ai_ci;
/*!40101 SET character_set_client = @saved_cs_client */;

--
-- Dumping data for table `qrtz_simprop_triggers`
--

LOCK TABLES `qrtz_simprop_triggers` WRITE;
/*!40000 ALTER TABLE `qrtz_simprop_triggers` DISABLE KEYS */;
/*!40000 ALTER TABLE `qrtz_simprop_triggers` ENABLE KEYS */;
UNLOCK TABLES;

--
-- Table structure for table `qrtz_triggers`
--

DROP TABLE IF EXISTS `qrtz_triggers`;
/*!40101 SET @saved_cs_client     = @@character_set_client */;
/*!50503 SET character_set_client = utf8mb4 */;
CREATE TABLE `qrtz_triggers` (
  `SCHED_NAME` varchar(120) NOT NULL,
  `TRIGGER_NAME` varchar(200) NOT NULL,
  `TRIGGER_GROUP` varchar(200) NOT NULL,
  `JOB_NAME` varchar(200) NOT NULL,
  `JOB_GROUP` varchar(200) NOT NULL,
  `DESCRIPTION` varchar(250) DEFAULT NULL,
  `NEXT_FIRE_TIME` bigint DEFAULT NULL,
  `PREV_FIRE_TIME` bigint DEFAULT NULL,
  `PRIORITY` int DEFAULT NULL,
  `TRIGGER_STATE` varchar(16) NOT NULL,
  `TRIGGER_TYPE` varchar(8) NOT NULL,
  `START_TIME` bigint NOT NULL,
  `END_TIME` bigint DEFAULT NULL,
  `CALENDAR_NAME` varchar(200) DEFAULT NULL,
  `MISFIRE_INSTR` smallint DEFAULT NULL,
  `JOB_DATA` blob,
  PRIMARY KEY (`SCHED_NAME`,`TRIGGER_NAME`,`TRIGGER_GROUP`),
  KEY `SCHED_NAME` (`SCHED_NAME`,`JOB_NAME`,`JOB_GROUP`),
  CONSTRAINT `qrtz_triggers_ibfk_1` FOREIGN KEY (`SCHED_NAME`, `JOB_NAME`, `JOB_GROUP`) REFERENCES `qrtz_job_details` (`SCHED_NAME`, `JOB_NAME`, `JOB_GROUP`)
) ENGINE=InnoDB DEFAULT CHARSET=utf8mb4 COLLATE=utf8mb4_0900_ai_ci;
/*!40101 SET character_set_client = @saved_cs_client */;

--
-- Dumping data for table `qrtz_triggers`
--

LOCK TABLES `qrtz_triggers` WRITE;
/*!40000 ALTER TABLE `qrtz_triggers` DISABLE KEYS */;
INSERT INTO `qrtz_triggers` VALUES ('FEBS_Scheduler','TASK_1','DEFAULT','TASK_1','DEFAULT',NULL,1606351991000,-1,5,'PAUSED','CRON',1606351991000,0,NULL,2,_binary 'ï¿½ï¿½\0sr\0org.quartz.JobDataMapï¿½ï¿½ï¿½è¿©ï¿½ï¿½\0\0xr\0&org.quartz.utils.StringKeyDirtyFlagMapï¿½ï¿½ï¿½ï¿½ï¿½](\0Z\0allowsTransientDataxr\0org.quartz.utils.DirtyFlagMapï¿½.ï¿½(v\nï¿½\0Z\0dirtyL\0mapt\0Ljava/util/Map;xpsr\0java.util.HashMapï¿½ï¿½ï¿½`ï¿½\0F\0\nloadFactorI\0	thresholdxp?@\0\0\0\0\0w\0\0\0\0\0\0t\0\rJOB_PARAM_KEYsr\0cc.mrbird.febs.job.entity.Jobï¿½Rï¿½ï¿½ï¿½\0L\0beanNamet\0Ljava/lang/String;L\0\ncreateTimet\0Ljava/util/Date;L\0cronExpressionq\0~\0	L\0jobIdt\0Ljava/lang/Long;L\0\nmethodNameq\0~\0	L\0paramsq\0~\0	L\0remarkq\0~\0	L\0statusq\0~\0	xpt\0testTasksr\0java.util.Datehjï¿½KYt\0\0xpw\0\0aï¿½ï¿½ppxt\0\r0/1 * * * * ?sr\0java.lang.Long;ï¿½ï¿½Ì#ï¿½\0J\0valuexr\0java.lang.Numberï¿½ï¿½ï¿½ï¿½ï¿½ï¿½\0\0xp\0\0\0\0\0\0\0t\0testt\0mrbirdt\0\Zæœ‰å‚ä»»åŠ¡è°ƒåº¦æµ‹è¯•~~t\01x\0'),('FEBS_Scheduler','TASK_11','DEFAULT','TASK_11','DEFAULT',NULL,1606351995000,-1,5,'PAUSED','CRON',1606351991000,0,NULL,2,_binary 'ï¿½ï¿½\0sr\0org.quartz.JobDataMapï¿½ï¿½ï¿½è¿©ï¿½ï¿½\0\0xr\0&org.quartz.utils.StringKeyDirtyFlagMapï¿½ï¿½ï¿½ï¿½ï¿½](\0Z\0allowsTransientDataxr\0org.quartz.utils.DirtyFlagMapï¿½.ï¿½(v\nï¿½\0Z\0dirtyL\0mapt\0Ljava/util/Map;xpsr\0java.util.HashMapï¿½ï¿½ï¿½`ï¿½\0F\0\nloadFactorI\0	thresholdxp?@\0\0\0\0\0w\0\0\0\0\0\0t\0\rJOB_PARAM_KEYsr\0cc.mrbird.febs.job.entity.Jobï¿½Rï¿½ï¿½ï¿½\0L\0beanNamet\0Ljava/lang/String;L\0\ncreateTimet\0Ljava/util/Date;L\0cronExpressionq\0~\0	L\0jobIdt\0Ljava/lang/Long;L\0\nmethodNameq\0~\0	L\0paramsq\0~\0	L\0remarkq\0~\0	L\0statusq\0~\0	xpt\0testTasksr\0java.util.Datehjï¿½KYt\0\0xpw\0\0aï¿½ï¿½Pxt\0\r0/5 * * * * ?sr\0java.lang.Long;ï¿½ï¿½Ì#ï¿½\0J\0valuexr\0java.lang.Numberï¿½ï¿½ï¿½ï¿½ï¿½ï¿½\0\0xp\0\0\0\0\0\0\0t\0test2pt\0æµ‹è¯•å¼‚å¸¸t\01x\0'),('FEBS_Scheduler','TASK_2','DEFAULT','TASK_2','DEFAULT',NULL,1606352000000,-1,5,'PAUSED','CRON',1606351991000,0,NULL,2,_binary 'ï¿½ï¿½\0sr\0org.quartz.JobDataMapï¿½ï¿½ï¿½è¿©ï¿½ï¿½\0\0xr\0&org.quartz.utils.StringKeyDirtyFlagMapï¿½ï¿½ï¿½ï¿½ï¿½](\0Z\0allowsTransientDataxr\0org.quartz.utils.DirtyFlagMapï¿½.ï¿½(v\nï¿½\0Z\0dirtyL\0mapt\0Ljava/util/Map;xpsr\0java.util.HashMapï¿½ï¿½ï¿½`ï¿½\0F\0\nloadFactorI\0	thresholdxp?@\0\0\0\0\0w\0\0\0\0\0\0t\0\rJOB_PARAM_KEYsr\0cc.mrbird.febs.job.entity.Jobï¿½Rï¿½ï¿½ï¿½\0L\0beanNamet\0Ljava/lang/String;L\0\ncreateTimet\0Ljava/util/Date;L\0cronExpressionq\0~\0	L\0jobIdt\0Ljava/lang/Long;L\0\nmethodNameq\0~\0	L\0paramsq\0~\0	L\0remarkq\0~\0	L\0statusq\0~\0	xpt\0testTasksr\0java.util.Datehjï¿½KYt\0\0xpw\0\0aï¿½2ï¿½xt\00/10 * * * * ?sr\0java.lang.Long;ï¿½ï¿½Ì#ï¿½\0J\0valuexr\0java.lang.Numberï¿½ï¿½ï¿½ï¿½ï¿½ï¿½\0\0xp\0\0\0\0\0\0\0t\0test1pt\0æ— å‚ä»»åŠ¡è°ƒåº¦æµ‹è¯•t\01x\0'),('FEBS_Scheduler','TASK_3','DEFAULT','TASK_3','DEFAULT',NULL,1606351991000,-1,5,'PAUSED','CRON',1606351991000,0,NULL,2,_binary 'ï¿½ï¿½\0sr\0org.quartz.JobDataMapï¿½ï¿½ï¿½è¿©ï¿½ï¿½\0\0xr\0&org.quartz.utils.StringKeyDirtyFlagMapï¿½ï¿½ï¿½ï¿½ï¿½](\0Z\0allowsTransientDataxr\0org.quartz.utils.DirtyFlagMapï¿½.ï¿½(v\nï¿½\0Z\0dirtyL\0mapt\0Ljava/util/Map;xpsr\0java.util.HashMapï¿½ï¿½ï¿½`ï¿½\0F\0\nloadFactorI\0	thresholdxp?@\0\0\0\0\0w\0\0\0\0\0\0t\0\rJOB_PARAM_KEYsr\0cc.mrbird.febs.job.entity.Jobï¿½Rï¿½ï¿½ï¿½\0L\0beanNamet\0Ljava/lang/String;L\0\ncreateTimet\0Ljava/util/Date;L\0cronExpressionq\0~\0	L\0jobIdt\0Ljava/lang/Long;L\0\nmethodNameq\0~\0	L\0paramsq\0~\0	L\0remarkq\0~\0	L\0statusq\0~\0	xpt\0testTasksr\0java.util.Datehjï¿½KYt\0\0xpw\0\0aÏ¹ï¿½ï¿½xt\0\r0/1 * * * * ?sr\0java.lang.Long;ï¿½ï¿½Ì#ï¿½\0J\0valuexr\0java.lang.Numberï¿½ï¿½ï¿½ï¿½ï¿½ï¿½\0\0xp\0\0\0\0\0\0\0t\0testt\0hello worldt\0+æœ‰å‚ä»»åŠ¡è°ƒåº¦æµ‹è¯•,æ¯éš”ä¸€ç§’è§¦å‘t\01x\0'),('GWARBMS_Scheduler','TASK_1','DEFAULT','TASK_1','DEFAULT',NULL,1606443359000,-1,5,'PAUSED','CRON',1606443359000,0,NULL,2,_binary 'ï¿½ï¿½\0sr\0org.quartz.JobDataMapï¿½ï¿½ï¿½è¿©ï¿½ï¿½\0\0xr\0&org.quartz.utils.StringKeyDirtyFlagMapï¿½ï¿½ï¿½ï¿½ï¿½](\0Z\0allowsTransientDataxr\0org.quartz.utils.DirtyFlagMapï¿½.ï¿½(v\nï¿½\0Z\0dirtyL\0mapt\0Ljava/util/Map;xpsr\0java.util.HashMapï¿½ï¿½ï¿½`ï¿½\0F\0\nloadFactorI\0	thresholdxp?@\0\0\0\0\0w\0\0\0\0\0\0t\0\rJOB_PARAM_KEYsr\0cn.edu.hit.spat.job.entity.Jobï¿½Rï¿½ï¿½ï¿½\0L\0beanNamet\0Ljava/lang/String;L\0\ncreateTimet\0Ljava/util/Date;L\0cronExpressionq\0~\0	L\0jobIdt\0Ljava/lang/Long;L\0\nmethodNameq\0~\0	L\0paramsq\0~\0	L\0remarkq\0~\0	L\0statusq\0~\0	xpt\0testTasksr\0java.util.Datehjï¿½KYt\0\0xpw\0\0aï¿½ï¿½ppxt\0\r0/1 * * * * ?sr\0java.lang.Long;ï¿½ï¿½Ì#ï¿½\0J\0valuexr\0java.lang.Numberï¿½ï¿½ï¿½ï¿½ï¿½ï¿½\0\0xp\0\0\0\0\0\0\0t\0testt\0mrbirdt\0\Zæœ‰å‚ä»»åŠ¡è°ƒåº¦æµ‹è¯•~~t\01x\0'),('GWARBMS_Scheduler','TASK_11','DEFAULT','TASK_11','DEFAULT',NULL,1606443360000,-1,5,'PAUSED','CRON',1606443359000,0,NULL,2,_binary 'ï¿½ï¿½\0sr\0org.quartz.JobDataMapï¿½ï¿½ï¿½è¿©ï¿½ï¿½\0\0xr\0&org.quartz.utils.StringKeyDirtyFlagMapï¿½ï¿½ï¿½ï¿½ï¿½](\0Z\0allowsTransientDataxr\0org.quartz.utils.DirtyFlagMapï¿½.ï¿½(v\nï¿½\0Z\0dirtyL\0mapt\0Ljava/util/Map;xpsr\0java.util.HashMapï¿½ï¿½ï¿½`ï¿½\0F\0\nloadFactorI\0	thresholdxp?@\0\0\0\0\0w\0\0\0\0\0\0t\0\rJOB_PARAM_KEYsr\0cn.edu.hit.spat.job.entity.Jobï¿½Rï¿½ï¿½ï¿½\0L\0beanNamet\0Ljava/lang/String;L\0\ncreateTimet\0Ljava/util/Date;L\0cronExpressionq\0~\0	L\0jobIdt\0Ljava/lang/Long;L\0\nmethodNameq\0~\0	L\0paramsq\0~\0	L\0remarkq\0~\0	L\0statusq\0~\0	xpt\0testTasksr\0java.util.Datehjï¿½KYt\0\0xpw\0\0aï¿½ï¿½Pxt\0\r0/5 * * * * ?sr\0java.lang.Long;ï¿½ï¿½Ì#ï¿½\0J\0valuexr\0java.lang.Numberï¿½ï¿½ï¿½ï¿½ï¿½ï¿½\0\0xp\0\0\0\0\0\0\0t\0test2pt\0æµ‹è¯•å¼‚å¸¸t\01x\0'),('GWARBMS_Scheduler','TASK_2','DEFAULT','TASK_2','DEFAULT',NULL,1606443360000,-1,5,'PAUSED','CRON',1606443359000,0,NULL,2,_binary 'ï¿½ï¿½\0sr\0org.quartz.JobDataMapï¿½ï¿½ï¿½è¿©ï¿½ï¿½\0\0xr\0&org.quartz.utils.StringKeyDirtyFlagMapï¿½ï¿½ï¿½ï¿½ï¿½](\0Z\0allowsTransientDataxr\0org.quartz.utils.DirtyFlagMapï¿½.ï¿½(v\nï¿½\0Z\0dirtyL\0mapt\0Ljava/util/Map;xpsr\0java.util.HashMapï¿½ï¿½ï¿½`ï¿½\0F\0\nloadFactorI\0	thresholdxp?@\0\0\0\0\0w\0\0\0\0\0\0t\0\rJOB_PARAM_KEYsr\0cn.edu.hit.spat.job.entity.Jobï¿½Rï¿½ï¿½ï¿½\0L\0beanNamet\0Ljava/lang/String;L\0\ncreateTimet\0Ljava/util/Date;L\0cronExpressionq\0~\0	L\0jobIdt\0Ljava/lang/Long;L\0\nmethodNameq\0~\0	L\0paramsq\0~\0	L\0remarkq\0~\0	L\0statusq\0~\0	xpt\0testTasksr\0java.util.Datehjï¿½KYt\0\0xpw\0\0aï¿½2ï¿½xt\00/10 * * * * ?sr\0java.lang.Long;ï¿½ï¿½Ì#ï¿½\0J\0valuexr\0java.lang.Numberï¿½ï¿½ï¿½ï¿½ï¿½ï¿½\0\0xp\0\0\0\0\0\0\0t\0test1pt\0æ— å‚ä»»åŠ¡è°ƒåº¦æµ‹è¯•t\01x\0'),('GWARBMS_Scheduler','TASK_3','DEFAULT','TASK_3','DEFAULT',NULL,1606443359000,-1,5,'PAUSED','CRON',1606443359000,0,NULL,2,_binary 'ï¿½ï¿½\0sr\0org.quartz.JobDataMapï¿½ï¿½ï¿½è¿©ï¿½ï¿½\0\0xr\0&org.quartz.utils.StringKeyDirtyFlagMapï¿½ï¿½ï¿½ï¿½ï¿½](\0Z\0allowsTransientDataxr\0org.quartz.utils.DirtyFlagMapï¿½.ï¿½(v\nï¿½\0Z\0dirtyL\0mapt\0Ljava/util/Map;xpsr\0java.util.HashMapï¿½ï¿½ï¿½`ï¿½\0F\0\nloadFactorI\0	thresholdxp?@\0\0\0\0\0w\0\0\0\0\0\0t\0\rJOB_PARAM_KEYsr\0cn.edu.hit.spat.job.entity.Jobï¿½Rï¿½ï¿½ï¿½\0L\0beanNamet\0Ljava/lang/String;L\0\ncreateTimet\0Ljava/util/Date;L\0cronExpressionq\0~\0	L\0jobIdt\0Ljava/lang/Long;L\0\nmethodNameq\0~\0	L\0paramsq\0~\0	L\0remarkq\0~\0	L\0statusq\0~\0	xpt\0testTasksr\0java.util.Datehjï¿½KYt\0\0xpw\0\0aÏ¹ï¿½ï¿½xt\0\r0/1 * * * * ?sr\0java.lang.Long;ï¿½ï¿½Ì#ï¿½\0J\0valuexr\0java.lang.Numberï¿½ï¿½ï¿½ï¿½ï¿½ï¿½\0\0xp\0\0\0\0\0\0\0t\0testt\0hello worldt\0+æœ‰å‚ä»»åŠ¡è°ƒåº¦æµ‹è¯•,æ¯éš”ä¸€ç§’è§¦å‘t\01x\0');
/*!40000 ALTER TABLE `qrtz_triggers` ENABLE KEYS */;
UNLOCK TABLES;

--
-- Table structure for table `t_customer`
--

DROP TABLE IF EXISTS `t_customer`;
/*!40101 SET @saved_cs_client     = @@character_set_client */;
/*!50503 SET character_set_client = utf8mb4 */;
CREATE TABLE `t_customer` (
  `CUSTOMER_ID` bigint unsigned NOT NULL AUTO_INCREMENT COMMENT 'å®¢æˆ·ID',
  `NAME` varchar(100) CHARACTER SET utf8mb4 COLLATE utf8mb4_0900_ai_ci NOT NULL COMMENT 'å§“å',
  `GENDER` varchar(100) CHARACTER SET utf8mb4 COLLATE utf8mb4_0900_ai_ci NOT NULL COMMENT 'æ€§åˆ«',
  `PHONE` varchar(100) CHARACTER SET utf8mb4 COLLATE utf8mb4_0900_ai_ci NOT NULL COMMENT 'ç”µè¯',
  `TYPE` varchar(100) CHARACTER SET utf8mb4 COLLATE utf8mb4_0900_ai_ci NOT NULL COMMENT 'å®¢æˆ·ç±»å‹',
  `VIP` varchar(100) DEFAULT NULL COMMENT 'ä¼šå‘˜æ ‡è®°',
  `POINTS` bigint unsigned DEFAULT NULL COMMENT 'ç§¯åˆ†',
  `BALANCE` bigint DEFAULT NULL,
  PRIMARY KEY (`CUSTOMER_ID`)
) ENGINE=InnoDB AUTO_INCREMENT=6 DEFAULT CHARSET=utf8mb4 COLLATE=utf8mb4_0900_ai_ci COMMENT='å®¢æˆ·è¡¨';
/*!40101 SET character_set_client = @saved_cs_client */;

--
-- Dumping data for table `t_customer`
--

LOCK TABLES `t_customer` WRITE;
/*!40000 ALTER TABLE `t_customer` DISABLE KEYS */;
INSERT INTO `t_customer` VALUES (2,'æå››','ç”·','15211112222','é›¶å”®å®¢æˆ·','0',NULL,NULL),(3,'ç‹äº”','å¥³','15433334444','æ‰¹å‘å®¢æˆ·','1',10,90),(4,'å…­','ç”·','11111111111','é›¶å”®å®¢æˆ·','1',0,20);
/*!40000 ALTER TABLE `t_customer` ENABLE KEYS */;
UNLOCK TABLES;

--
-- Table structure for table `t_data_permission_test`
--

DROP TABLE IF EXISTS `t_data_permission_test`;
/*!40101 SET @saved_cs_client     = @@character_set_client */;
/*!50503 SET character_set_client = utf8mb4 */;
CREATE TABLE `t_data_permission_test` (
  `FIELD1` varchar(20) NOT NULL,
  `FIELD2` varchar(20) NOT NULL,
  `FIELD3` varchar(20) NOT NULL,
  `FIELD4` varchar(20) NOT NULL,
  `DEPT_ID` int NOT NULL,
  `CREATE_TIME` datetime NOT NULL,
  `ID` int NOT NULL,
  PRIMARY KEY (`ID`)
) ENGINE=InnoDB DEFAULT CHARSET=utf8 COMMENT='ç”¨æˆ·æƒé™æµ‹è¯•';
/*!40101 SET character_set_client = @saved_cs_client */;

--
-- Dumping data for table `t_data_permission_test`
--

LOCK TABLES `t_data_permission_test` WRITE;
/*!40000 ALTER TABLE `t_data_permission_test` DISABLE KEYS */;
INSERT INTO `t_data_permission_test` VALUES ('å°ç±³','å°ç±³10Pro','4999','çç ç™½',1,'2020-04-14 15:00:38',1),('è…¾è®¯','é»‘é²¨æ¸¸æˆæ‰‹æœº3','3799','é“ ç”²ç°',2,'2020-04-14 15:01:36',2),('åä¸º','åä¸ºP30','3299','å¤©ç©ºä¹‹å¢ƒ',1,'2020-04-14 15:03:11',3),('åä¸º','åä¸ºP40Pro','6488','äº®é»‘è‰²',3,'2020-04-14 15:04:31',4),('vivo','Vivo iQOO 3','3998','æ‹‰åŠ›æ©™',4,'2020-04-14 15:05:55',5),('ä¸€åŠ ','ä¸€åŠ 7T','3199','å†°é™…è“',5,'2020-04-14 15:06:53',6),('ä¸‰æ˜Ÿ','ä¸‰æ˜ŸGalaxy S10','4098','æµ©ç‰ç™½',6,'2020-04-14 15:08:25',7),('è‹¹æœ','iPhone 11 pro max','9198','æš—å¤œç»¿',4,'2020-04-14 15:09:20',8);
/*!40000 ALTER TABLE `t_data_permission_test` ENABLE KEYS */;
UNLOCK TABLES;

--
-- Table structure for table `t_dept`
--

DROP TABLE IF EXISTS `t_dept`;
/*!40101 SET @saved_cs_client     = @@character_set_client */;
/*!50503 SET character_set_client = utf8mb4 */;
CREATE TABLE `t_dept` (
  `DEPT_ID` bigint NOT NULL AUTO_INCREMENT COMMENT 'éƒ¨é—¨ID',
  `PARENT_ID` bigint NOT NULL COMMENT 'ä¸Šçº§éƒ¨é—¨ID',
  `DEPT_NAME` varchar(100) CHARACTER SET utf8 COLLATE utf8_general_ci NOT NULL COMMENT 'éƒ¨é—¨åç§°',
  `ORDER_NUM` bigint DEFAULT NULL COMMENT 'æ’åº',
  `CREATE_TIME` datetime DEFAULT NULL COMMENT 'åˆ›å»ºæ—¶é—´',
  `MODIFY_TIME` datetime DEFAULT NULL COMMENT 'ä¿®æ”¹æ—¶é—´',
  PRIMARY KEY (`DEPT_ID`) USING BTREE,
  KEY `t_dept_parent_id` (`PARENT_ID`),
  KEY `t_dept_dept_name` (`DEPT_NAME`)
) ENGINE=InnoDB AUTO_INCREMENT=11 DEFAULT CHARSET=utf8 ROW_FORMAT=DYNAMIC COMMENT='éƒ¨é—¨è¡¨';
/*!40101 SET character_set_client = @saved_cs_client */;

--
-- Dumping data for table `t_dept`
--

LOCK TABLES `t_dept` WRITE;
/*!40000 ALTER TABLE `t_dept` DISABLE KEYS */;
INSERT INTO `t_dept` VALUES (1,0,'å¼€å‘éƒ¨',1,'2019-06-14 20:56:41',NULL),(6,0,'é”€å”®éƒ¨',4,'2019-06-14 21:00:15',NULL);
/*!40000 ALTER TABLE `t_dept` ENABLE KEYS */;
UNLOCK TABLES;

--
-- Table structure for table `t_eximport`
--

DROP TABLE IF EXISTS `t_eximport`;
/*!40101 SET @saved_cs_client     = @@character_set_client */;
/*!50503 SET character_set_client = utf8mb4 */;
CREATE TABLE `t_eximport` (
  `FIELD1` varchar(20) CHARACTER SET utf8 COLLATE utf8_general_ci NOT NULL COMMENT 'å­—æ®µ1',
  `FIELD2` int NOT NULL COMMENT 'å­—æ®µ2',
  `FIELD3` varchar(100) CHARACTER SET utf8 COLLATE utf8_general_ci NOT NULL COMMENT 'å­—æ®µ3',
  `CREATE_TIME` datetime NOT NULL
) ENGINE=MyISAM DEFAULT CHARSET=utf8 ROW_FORMAT=DYNAMIC COMMENT='Excelå¯¼å…¥å¯¼å‡ºæµ‹è¯•';
/*!40101 SET character_set_client = @saved_cs_client */;

--
-- Dumping data for table `t_eximport`
--

LOCK TABLES `t_eximport` WRITE;
/*!40000 ALTER TABLE `t_eximport` DISABLE KEYS */;
INSERT INTO `t_eximport` VALUES ('å­—æ®µ1',1,'mrbird0@gmail.com','2019-06-13 03:14:06'),('å­—æ®µ1',2,'mrbird1@gmail.com','2019-06-13 03:14:06'),('å­—æ®µ1',3,'mrbird2@gmail.com','2019-06-13 03:14:06'),('å­—æ®µ1',4,'mrbird3@gmail.com','2019-06-13 03:14:06'),('å­—æ®µ1',5,'mrbird4@gmail.com','2019-06-13 03:14:06'),('å­—æ®µ1',6,'mrbird5@gmail.com','2019-06-13 03:14:06'),('å­—æ®µ1',7,'mrbird6@gmail.com','2019-06-13 03:14:06'),('å­—æ®µ1',8,'mrbird7@gmail.com','2019-06-13 03:14:06'),('å­—æ®µ1',9,'mrbird8@gmail.com','2019-06-13 03:14:06'),('å­—æ®µ1',10,'mrbird9@gmail.com','2019-06-13 03:14:06'),('å­—æ®µ1',11,'mrbird10@gmail.com','2019-06-13 03:14:06'),('å­—æ®µ1',12,'mrbird11@gmail.com','2019-06-13 03:14:06'),('å­—æ®µ1',13,'mrbird12@gmail.com','2019-06-13 03:14:06'),('å­—æ®µ1',14,'mrbird13@gmail.com','2019-06-13 03:14:06'),('å­—æ®µ1',15,'mrbird14@gmail.com','2019-06-13 03:14:06'),('å­—æ®µ1',16,'mrbird15@gmail.com','2019-06-13 03:14:06'),('å­—æ®µ1',17,'mrbird16@gmail.com','2019-06-13 03:14:06'),('å­—æ®µ1',18,'mrbird17@gmail.com','2019-06-13 03:14:06'),('å­—æ®µ1',19,'mrbird18@gmail.com','2019-06-13 03:14:06'),('å­—æ®µ1',20,'mrbird19@gmail.com','2019-06-13 03:14:06');
/*!40000 ALTER TABLE `t_eximport` ENABLE KEYS */;
UNLOCK TABLES;

--
-- Table structure for table `t_generator_config`
--

DROP TABLE IF EXISTS `t_generator_config`;
/*!40101 SET @saved_cs_client     = @@character_set_client */;
/*!50503 SET character_set_client = utf8mb4 */;
CREATE TABLE `t_generator_config` (
  `id` int NOT NULL COMMENT 'ä¸»é”®',
  `author` varchar(20) CHARACTER SET utf8 COLLATE utf8_general_ci NOT NULL COMMENT 'ä½œè€…',
  `base_package` varchar(50) CHARACTER SET utf8 COLLATE utf8_general_ci NOT NULL COMMENT 'åŸºç¡€åŒ…å',
  `entity_package` varchar(20) CHARACTER SET utf8 COLLATE utf8_general_ci NOT NULL COMMENT 'entityæ–‡ä»¶å­˜æ”¾è·¯å¾„',
  `mapper_package` varchar(20) CHARACTER SET utf8 COLLATE utf8_general_ci NOT NULL COMMENT 'mapperæ–‡ä»¶å­˜æ”¾è·¯å¾„',
  `mapper_xml_package` varchar(20) CHARACTER SET utf8 COLLATE utf8_general_ci NOT NULL COMMENT 'mapper xmlæ–‡ä»¶å­˜æ”¾è·¯å¾„',
  `service_package` varchar(20) CHARACTER SET utf8 COLLATE utf8_general_ci NOT NULL COMMENT 'servcieæ–‡ä»¶å­˜æ”¾è·¯å¾„',
  `service_impl_package` varchar(20) CHARACTER SET utf8 COLLATE utf8_general_ci NOT NULL COMMENT 'serviceImplæ–‡ä»¶å­˜æ”¾è·¯å¾„',
  `controller_package` varchar(20) CHARACTER SET utf8 COLLATE utf8_general_ci NOT NULL COMMENT 'controlleræ–‡ä»¶å­˜æ”¾è·¯å¾„',
  `is_trim` char(1) CHARACTER SET utf8 COLLATE utf8_general_ci NOT NULL COMMENT 'æ˜¯å¦å»é™¤å‰ç¼€ 1æ˜¯ 0å¦',
  `trim_value` varchar(10) CHARACTER SET utf8 COLLATE utf8_general_ci DEFAULT NULL COMMENT 'å‰ç¼€å†…å®¹',
  PRIMARY KEY (`id`) USING BTREE
) ENGINE=InnoDB DEFAULT CHARSET=utf8 ROW_FORMAT=DYNAMIC COMMENT='ä»£ç ç”Ÿæˆé…ç½®è¡¨';
/*!40101 SET character_set_client = @saved_cs_client */;

--
-- Dumping data for table `t_generator_config`
--

LOCK TABLES `t_generator_config` WRITE;
/*!40000 ALTER TABLE `t_generator_config` DISABLE KEYS */;
INSERT INTO `t_generator_config` VALUES (1,'MrBird','cc.mrbird.febs.gen','entity','mapper','mapper','service','service.impl','controller','1','t_');
/*!40000 ALTER TABLE `t_generator_config` ENABLE KEYS */;
UNLOCK TABLES;

--
-- Table structure for table `t_goods`
--

DROP TABLE IF EXISTS `t_goods`;
/*!40101 SET @saved_cs_client     = @@character_set_client */;
/*!50503 SET character_set_client = utf8mb4 */;
CREATE TABLE `t_goods` (
  `GOODS_ID` bigint unsigned NOT NULL AUTO_INCREMENT,
  `NAME` varchar(100) NOT NULL,
  `PURCHASE_PRICE` double NOT NULL,
  `WHOLESALE_PRICE` double NOT NULL,
  `RETAIL_PRICE` double NOT NULL,
  PRIMARY KEY (`GOODS_ID`)
) ENGINE=InnoDB AUTO_INCREMENT=13 DEFAULT CHARSET=utf8mb4 COLLATE=utf8mb4_0900_ai_ci COMMENT='è´§å“è¡¨';
/*!40101 SET character_set_client = @saved_cs_client */;

--
-- Dumping data for table `t_goods`
--

LOCK TABLES `t_goods` WRITE;
/*!40000 ALTER TABLE `t_goods` DISABLE KEYS */;
INSERT INTO `t_goods` VALUES (1,'é”®ç›˜',200,300,400),(3,'é¼ æ ‡',10,20,30),(7,'æ‰‹æœº',1000,1200,1300),(10,'ç”µè„‘',1000,2000,3000),(12,'å¯ä¹',1,2,3);
/*!40000 ALTER TABLE `t_goods` ENABLE KEYS */;
UNLOCK TABLES;

--
-- Table structure for table `t_goods_detail`
--

DROP TABLE IF EXISTS `t_goods_detail`;
/*!40101 SET @saved_cs_client     = @@character_set_client */;
/*!50503 SET character_set_client = utf8mb4 */;
CREATE TABLE `t_goods_detail` (
  `GOODS_DETAIL_ID` bigint unsigned NOT NULL AUTO_INCREMENT,
  `GOODS_ID` bigint unsigned NOT NULL,
  `GOODS_ATTRIBUTE` varchar(100) NOT NULL,
  `GOODS_ATTRIBUTE_VALUE` varchar(100) NOT NULL,
  PRIMARY KEY (`GOODS_DETAIL_ID`)
) ENGINE=InnoDB AUTO_INCREMENT=11 DEFAULT CHARSET=utf8mb4 COLLATE=utf8mb4_0900_ai_ci COMMENT='è´§å“è¯¦ç»†ä¿¡æ¯è¡¨';
/*!40101 SET character_set_client = @saved_cs_client */;

--
-- Dumping data for table `t_goods_detail`
--

LOCK TABLES `t_goods_detail` WRITE;
/*!40000 ALTER TABLE `t_goods_detail` DISABLE KEYS */;
INSERT INTO `t_goods_detail` VALUES (1,1,'é‡é‡','0.5'),(2,1,'é¢œè‰²','é»‘è‰²'),(6,4,'é«˜åº¦(cm)','60'),(7,5,'æ¡Œé«˜(cm)','120'),(9,7,'é¢œè‰²','ç™½è‰²');
/*!40000 ALTER TABLE `t_goods_detail` ENABLE KEYS */;
UNLOCK TABLES;

--
-- Table structure for table `t_job`
--

DROP TABLE IF EXISTS `t_job`;
/*!40101 SET @saved_cs_client     = @@character_set_client */;
/*!50503 SET character_set_client = utf8mb4 */;
CREATE TABLE `t_job` (
  `JOB_ID` bigint NOT NULL AUTO_INCREMENT COMMENT 'ä»»åŠ¡id',
  `BEAN_NAME` varchar(50) CHARACTER SET utf8 COLLATE utf8_general_ci NOT NULL COMMENT 'spring beanåç§°',
  `METHOD_NAME` varchar(50) CHARACTER SET utf8 COLLATE utf8_general_ci NOT NULL COMMENT 'æ–¹æ³•å',
  `PARAMS` varchar(50) CHARACTER SET utf8 COLLATE utf8_general_ci DEFAULT NULL COMMENT 'å‚æ•°',
  `CRON_EXPRESSION` varchar(20) CHARACTER SET utf8 COLLATE utf8_general_ci NOT NULL COMMENT 'cronè¡¨è¾¾å¼',
  `STATUS` char(2) CHARACTER SET utf8 COLLATE utf8_general_ci NOT NULL COMMENT 'ä»»åŠ¡çŠ¶æ€  0ï¼šæ­£å¸¸  1ï¼šæš‚åœ',
  `REMARK` varchar(50) CHARACTER SET utf8 COLLATE utf8_general_ci DEFAULT NULL COMMENT 'å¤‡æ³¨',
  `CREATE_TIME` datetime DEFAULT NULL COMMENT 'åˆ›å»ºæ—¶é—´',
  PRIMARY KEY (`JOB_ID`) USING BTREE,
  KEY `t_job_create_time` (`CREATE_TIME`)
) ENGINE=InnoDB AUTO_INCREMENT=12 DEFAULT CHARSET=utf8 ROW_FORMAT=DYNAMIC COMMENT='å®šæ—¶ä»»åŠ¡è¡¨';
/*!40101 SET character_set_client = @saved_cs_client */;

--
-- Dumping data for table `t_job`
--

LOCK TABLES `t_job` WRITE;
/*!40000 ALTER TABLE `t_job` DISABLE KEYS */;
INSERT INTO `t_job` VALUES (1,'testTask','test','mrbird','0/1 * * * * ?','1','æœ‰å‚ä»»åŠ¡è°ƒåº¦æµ‹è¯•~~','2018-02-24 16:26:14'),(2,'testTask','test1',NULL,'0/10 * * * * ?','1','æ— å‚ä»»åŠ¡è°ƒåº¦æµ‹è¯•','2018-02-24 17:06:23'),(3,'testTask','test','hello world','0/1 * * * * ?','1','æœ‰å‚ä»»åŠ¡è°ƒåº¦æµ‹è¯•,æ¯éš”ä¸€ç§’è§¦å‘','2018-02-26 09:28:26'),(11,'testTask','test2',NULL,'0/5 * * * * ?','1','æµ‹è¯•å¼‚å¸¸','2018-02-26 11:15:30');
/*!40000 ALTER TABLE `t_job` ENABLE KEYS */;
UNLOCK TABLES;

--
-- Table structure for table `t_job_log`
--

DROP TABLE IF EXISTS `t_job_log`;
/*!40101 SET @saved_cs_client     = @@character_set_client */;
/*!50503 SET character_set_client = utf8mb4 */;
CREATE TABLE `t_job_log` (
  `LOG_ID` bigint NOT NULL AUTO_INCREMENT COMMENT 'ä»»åŠ¡æ—¥å¿—id',
  `JOB_ID` bigint NOT NULL COMMENT 'ä»»åŠ¡id',
  `BEAN_NAME` varchar(100) CHARACTER SET utf8 COLLATE utf8_general_ci NOT NULL COMMENT 'spring beanåç§°',
  `METHOD_NAME` varchar(100) CHARACTER SET utf8 COLLATE utf8_general_ci NOT NULL COMMENT 'æ–¹æ³•å',
  `PARAMS` varchar(200) CHARACTER SET utf8 COLLATE utf8_general_ci DEFAULT NULL COMMENT 'å‚æ•°',
  `STATUS` char(2) CHARACTER SET utf8 COLLATE utf8_general_ci NOT NULL COMMENT 'ä»»åŠ¡çŠ¶æ€    0ï¼šæˆåŠŸ    1ï¼šå¤±è´¥',
  `ERROR` text CHARACTER SET utf8 COLLATE utf8_general_ci COMMENT 'å¤±è´¥ä¿¡æ¯',
  `TIMES` decimal(11,0) DEFAULT NULL COMMENT 'è€—æ—¶(å•ä½ï¼šæ¯«ç§’)',
  `CREATE_TIME` datetime DEFAULT NULL COMMENT 'åˆ›å»ºæ—¶é—´',
  PRIMARY KEY (`LOG_ID`) USING BTREE,
  KEY `t_job_log_create_time` (`CREATE_TIME`)
) ENGINE=MyISAM AUTO_INCREMENT=2562 DEFAULT CHARSET=utf8 ROW_FORMAT=DYNAMIC COMMENT='è°ƒåº¦æ—¥å¿—è¡¨';
/*!40101 SET character_set_client = @saved_cs_client */;

--
-- Dumping data for table `t_job_log`
--

LOCK TABLES `t_job_log` WRITE;
/*!40000 ALTER TABLE `t_job_log` DISABLE KEYS */;
/*!40000 ALTER TABLE `t_job_log` ENABLE KEYS */;
UNLOCK TABLES;

--
-- Table structure for table `t_log`
--

DROP TABLE IF EXISTS `t_log`;
/*!40101 SET @saved_cs_client     = @@character_set_client */;
/*!50503 SET character_set_client = utf8mb4 */;
CREATE TABLE `t_log` (
  `ID` bigint NOT NULL AUTO_INCREMENT COMMENT 'æ—¥å¿—ID',
  `USERNAME` varchar(50) CHARACTER SET utf8 COLLATE utf8_general_ci DEFAULT NULL COMMENT 'æ“ä½œç”¨æˆ·',
  `OPERATION` text CHARACTER SET utf8 COLLATE utf8_general_ci COMMENT 'æ“ä½œå†…å®¹',
  `TIME` decimal(11,0) DEFAULT NULL COMMENT 'è€—æ—¶',
  `METHOD` text CHARACTER SET utf8 COLLATE utf8_general_ci COMMENT 'æ“ä½œæ–¹æ³•',
  `PARAMS` text CHARACTER SET utf8 COLLATE utf8_general_ci COMMENT 'æ–¹æ³•å‚æ•°',
  `IP` varchar(64) CHARACTER SET utf8 COLLATE utf8_general_ci DEFAULT NULL COMMENT 'æ“ä½œè€…IP',
  `CREATE_TIME` datetime DEFAULT NULL COMMENT 'åˆ›å»ºæ—¶é—´',
  `location` varchar(50) CHARACTER SET utf8 COLLATE utf8_general_ci DEFAULT NULL COMMENT 'æ“ä½œåœ°ç‚¹',
  PRIMARY KEY (`ID`) USING BTREE,
  KEY `t_log_create_time` (`CREATE_TIME`)
) ENGINE=MyISAM AUTO_INCREMENT=1517 DEFAULT CHARSET=utf8 ROW_FORMAT=DYNAMIC COMMENT='æ“ä½œæ—¥å¿—è¡¨';
/*!40101 SET character_set_client = @saved_cs_client */;

--
-- Dumping data for table `t_log`
--

LOCK TABLES `t_log` WRITE;
/*!40000 ALTER TABLE `t_log` DISABLE KEYS */;
INSERT INTO `t_log` VALUES (1011,'MrBird','æ–°å¢èœå•/æŒ‰é’®',39,'cc.mrbird.febs.system.controller.MenuController.addMenu()',' menu: \"Menu(menuId=179, parentId=0, menuName=è®¢å•ç®¡ç†, url=, perms=, icon=layui-icon-filedone, type=0, orderNum=null, createTime=Sun Jul 26 17:39:33 CST 2020, modifyTime=null)\"','192.168.137.1','2020-07-26 17:39:34','å†…ç½‘IP|0|0|å†…ç½‘IP|å†…ç½‘IP'),(1012,'MrBird','æ–°å¢èœå•/æŒ‰é’®',46,'cc.mrbird.febs.system.controller.MenuController.addMenu()',' menu: \"Menu(menuId=180, parentId=179, menuName=æ–°å¢è®¢å•, url=, perms=, icon=layui-icon-file-add, type=0, orderNum=null, createTime=Sun Jul 26 17:41:25 CST 2020, modifyTime=null)\"','192.168.137.1','2020-07-26 17:41:25','å†…ç½‘IP|0|0|å†…ç½‘IP|å†…ç½‘IP'),(1013,'MrBird','æ–°å¢èœå•/æŒ‰é’®',47,'cc.mrbird.febs.system.controller.MenuController.addMenu()',' menu: \"Menu(menuId=181, parentId=179, menuName=å®¡æ‰¹è®¢å•, url=, perms=, icon=layui-icon-fileprotect, type=0, orderNum=null, createTime=Sun Jul 26 17:42:50 CST 2020, modifyTime=null)\"','192.168.137.1','2020-07-26 17:42:51','å†…ç½‘IP|0|0|å†…ç½‘IP|å†…ç½‘IP'),(1014,'MrBird','æ–°å¢èœå•/æŒ‰é’®',26,'cc.mrbird.febs.system.controller.MenuController.addMenu()',' menu: \"Menu(menuId=182, parentId=179, menuName=å½’æ¡£è®¢å•, url=, perms=, icon=layui-icon-reconciliation, type=0, orderNum=null, createTime=Sun Jul 26 17:43:42 CST 2020, modifyTime=null)\"','192.168.137.1','2020-07-26 17:43:42','å†…ç½‘IP|0|0|å†…ç½‘IP|å†…ç½‘IP'),(1015,'MrBird','æ–°å¢èœå•/æŒ‰é’®',19,'cc.mrbird.febs.system.controller.MenuController.addMenu()',' menu: \"Menu(menuId=183, parentId=181, menuName=é”€å”®å®¡æ‰¹, url=null, perms=, icon=null, type=1, orderNum=null, createTime=Sun Jul 26 17:44:13 CST 2020, modifyTime=null)\"','192.168.137.1','2020-07-26 17:44:13','å†…ç½‘IP|0|0|å†…ç½‘IP|å†…ç½‘IP'),(1016,'MrBird','ä¿®æ”¹èœå•/æŒ‰é’®',20,'cc.mrbird.febs.system.controller.MenuController.updateMenu()',' menu: \"Menu(menuId=183, parentId=181, menuName=é”€å”®å®¡æ ¸, url=null, perms=, icon=null, type=1, orderNum=null, createTime=null, modifyTime=Sun Jul 26 17:44:24 CST 2020)\"','192.168.137.1','2020-07-26 17:44:25','å†…ç½‘IP|0|0|å†…ç½‘IP|å†…ç½‘IP'),(1017,'MrBird','æ–°å¢èœå•/æŒ‰é’®',9,'cc.mrbird.febs.system.controller.MenuController.addMenu()',' menu: \"Menu(menuId=184, parentId=181, menuName=è´¢åŠ¡å®¡æ ¸, url=null, perms=, icon=null, type=1, orderNum=null, createTime=Sun Jul 26 17:44:43 CST 2020, modifyTime=null)\"','192.168.137.1','2020-07-26 17:44:43','å†…ç½‘IP|0|0|å†…ç½‘IP|å†…ç½‘IP'),(1018,'MrBird','æ–°å¢èœå•/æŒ‰é’®',13,'cc.mrbird.febs.system.controller.MenuController.addMenu()',' menu: \"Menu(menuId=185, parentId=181, menuName=äº¤ä»˜å®¡æ ¸, url=null, perms=, icon=null, type=1, orderNum=null, createTime=Sun Jul 26 17:45:04 CST 2020, modifyTime=null)\"','192.168.137.1','2020-07-26 17:45:04','å†…ç½‘IP|0|0|å†…ç½‘IP|å†…ç½‘IP'),(1019,'MrBird','ä¿®æ”¹è§’è‰²',119,'cc.mrbird.febs.system.controller.RoleController.updateRole()',' role: \"Role(roleId=1, roleName=ç³»ç»Ÿç®¡ç†å‘˜, remark=ç³»ç»Ÿç®¡ç†å‘˜ï¼Œæ‹¥æœ‰æ‰€æœ‰æ“ä½œæƒé™ ^_^, createTime=null, modifyTime=Sun Jul 26 17:45:53 CST 2020, menuIds=179,180,181,183,184,185,182,1,3,13,11,12,160,161,4,162,14,15,16,5,163,17,18,19,6,164,20,21,22,2,8,23,10,24,170,136,171,172,127,128,129,131,175,101,102,103,104,105,106,107,108,173,109,110,174,137,138,165,139,166,115,132,133,135,134,126,159,116,117,119,120,121,122,123,118,125,167,168,169,178)\"','192.168.137.1','2020-07-26 17:45:53','å†…ç½‘IP|0|0|å†…ç½‘IP|å†…ç½‘IP'),(1020,'MrBird','ä¿®æ”¹èœå•/æŒ‰é’®',18,'cc.mrbird.febs.system.controller.MenuController.updateMenu()',' menu: \"Menu(menuId=180, parentId=179, menuName=æ–°å¢è®¢å•, url=, perms=, icon=layui-icon-file-add, type=0, orderNum=1, createTime=null, modifyTime=Sun Jul 26 17:46:25 CST 2020)\"','192.168.137.1','2020-07-26 17:46:25','å†…ç½‘IP|0|0|å†…ç½‘IP|å†…ç½‘IP'),(1021,'MrBird','ä¿®æ”¹èœå•/æŒ‰é’®',20,'cc.mrbird.febs.system.controller.MenuController.updateMenu()',' menu: \"Menu(menuId=182, parentId=179, menuName=å½’æ¡£è®¢å•, url=, perms=, icon=layui-icon-reconciliation, type=0, orderNum=2, createTime=null, modifyTime=Sun Jul 26 17:46:34 CST 2020)\"','192.168.137.1','2020-07-26 17:46:35','å†…ç½‘IP|0|0|å†…ç½‘IP|å†…ç½‘IP'),(1022,'MrBird','ä¿®æ”¹èœå•/æŒ‰é’®',22,'cc.mrbird.febs.system.controller.MenuController.updateMenu()',' menu: \"Menu(menuId=181, parentId=179, menuName=å®¡æ‰¹è®¢å•, url=, perms=, icon=layui-icon-fileprotect, type=0, orderNum=3, createTime=null, modifyTime=Sun Jul 26 17:46:41 CST 2020)\"','192.168.137.1','2020-07-26 17:46:41','å†…ç½‘IP|0|0|å†…ç½‘IP|å†…ç½‘IP'),(1023,'MrBird','ä¿®æ”¹èœå•/æŒ‰é’®',22,'cc.mrbird.febs.system.controller.MenuController.updateMenu()',' menu: \"Menu(menuId=181, parentId=179, menuName=å®¡æ‰¹è®¢å•, url=, perms=, icon=layui-icon-fileprotect, type=0, orderNum=2, createTime=null, modifyTime=Sun Jul 26 17:46:50 CST 2020)\"','192.168.137.1','2020-07-26 17:46:51','å†…ç½‘IP|0|0|å†…ç½‘IP|å†…ç½‘IP'),(1024,'MrBird','ä¿®æ”¹èœå•/æŒ‰é’®',20,'cc.mrbird.febs.system.controller.MenuController.updateMenu()',' menu: \"Menu(menuId=182, parentId=179, menuName=å½’æ¡£è®¢å•, url=, perms=, icon=layui-icon-reconciliation, type=0, orderNum=3, createTime=null, modifyTime=Sun Jul 26 17:46:57 CST 2020)\"','192.168.137.1','2020-07-26 17:46:58','å†…ç½‘IP|0|0|å†…ç½‘IP|å†…ç½‘IP'),(1025,'MrBird','æ–°å¢è§’è‰²',27,'cc.mrbird.febs.system.controller.RoleController.addRole()',' role: \"Role(roleId=81, roleName=é”€å”®äººå‘˜, remark=è½¦è¾†é”€å”®, createTime=Sun Jul 26 18:20:03 CST 2020, modifyTime=null, menuIds=180)\"','192.168.137.1','2020-07-26 18:20:04','å†…ç½‘IP|0|0|å†…ç½‘IP|å†…ç½‘IP'),(1026,'MrBird','æ–°å¢ç”¨æˆ·',28,'cc.mrbird.febs.system.controller.UserController.addUser()',' user: \"User(userId=8, username=zhangsan, password=92dac726ea92d5bdd01eab9aef544c95, deptId=6, email=12345@asd.com, mobile=13911112222, status=1, createTime=Sun Jul 26 18:21:47 CST 2020, modifyTime=null, lastLoginTime=null, sex=0, avatar=default.jpg, theme=black, isTab=1, description=, deptName=null, createTimeFrom=null, createTimeTo=null, roleId=81, roleName=null, deptIds=null)\"','192.168.137.1','2020-07-26 18:21:47','å†…ç½‘IP|0|0|å†…ç½‘IP|å†…ç½‘IP'),(1027,'MrBird','ä¿®æ”¹è§’è‰²',36,'cc.mrbird.febs.system.controller.RoleController.updateRole()',' role: \"Role(roleId=81, roleName=é”€å”®äººå‘˜, remark=è½¦è¾†é”€å”®, createTime=null, modifyTime=Sun Jul 26 18:26:05 CST 2020, menuIds=179,180)\"','192.168.137.1','2020-07-26 18:26:05','å†…ç½‘IP|0|0|å†…ç½‘IP|å†…ç½‘IP'),(1028,'MrBird','ä¿®æ”¹èœå•/æŒ‰é’®',16,'cc.mrbird.febs.system.controller.MenuController.updateMenu()',' menu: \"Menu(menuId=180, parentId=179, menuName=æ–°å¢è®¢å•, url=, perms=user:view, icon=layui-icon-file-add, type=0, orderNum=1, createTime=null, modifyTime=Sun Jul 26 18:43:26 CST 2020)\"','192.168.137.1','2020-07-26 18:43:26','å†…ç½‘IP|0|0|å†…ç½‘IP|å†…ç½‘IP'),(1029,'MrBird','ä¿®æ”¹èœå•/æŒ‰é’®',10,'cc.mrbird.febs.system.controller.MenuController.updateMenu()',' menu: \"Menu(menuId=180, parentId=179, menuName=æ–°å¢è®¢å•, url=/system/user, perms=user:view, icon=layui-icon-file-add, type=0, orderNum=1, createTime=null, modifyTime=Sun Jul 26 18:43:58 CST 2020)\"','192.168.137.1','2020-07-26 18:43:58','å†…ç½‘IP|0|0|å†…ç½‘IP|å†…ç½‘IP'),(1030,'MrBird','ä¿®æ”¹èœå•/æŒ‰é’®',15,'cc.mrbird.febs.system.controller.MenuController.updateMenu()',' menu: \"Menu(menuId=180, parentId=179, menuName=æ–°å¢è®¢å•, url=/system/order, perms=user:view, icon=layui-icon-file-add, type=0, orderNum=1, createTime=null, modifyTime=Sun Jul 26 18:52:30 CST 2020)\"','192.168.137.1','2020-07-26 18:52:30','å†…ç½‘IP|0|0|å†…ç½‘IP|å†…ç½‘IP'),(1031,'MrBird','ä¿®æ”¹èœå•/æŒ‰é’®',12,'cc.mrbird.febs.system.controller.MenuController.updateMenu()',' menu: \"Menu(menuId=180, parentId=179, menuName=æ–°å¢è®¢å•, url=/system/order, perms=order:view, icon=layui-icon-file-add, type=0, orderNum=1, createTime=null, modifyTime=Sun Jul 26 18:52:59 CST 2020)\"','192.168.137.1','2020-07-26 18:53:00','å†…ç½‘IP|0|0|å†…ç½‘IP|å†…ç½‘IP'),(1032,'MrBird','ä¿®æ”¹èœå•/æŒ‰é’®',42,'cc.mrbird.febs.system.controller.MenuController.updateMenu()',' menu: \"Menu(menuId=180, parentId=179, menuName=æ–°å¢è®¢å•, url=/system/order, perms=order:create, icon=layui-icon-file-add, type=0, orderNum=1, createTime=null, modifyTime=Sun Jul 26 19:44:01 CST 2020)\"','192.168.137.1','2020-07-26 19:44:02','å†…ç½‘IP|0|0|å†…ç½‘IP|å†…ç½‘IP'),(1033,'MrBird','ä¿®æ”¹èœå•/æŒ‰é’®',22,'cc.mrbird.febs.system.controller.MenuController.updateMenu()',' menu: \"Menu(menuId=181, parentId=179, menuName=å®¡æ‰¹è®¢å•, url=, perms=order:approve, icon=layui-icon-fileprotect, type=0, orderNum=2, createTime=null, modifyTime=Sun Jul 26 19:44:41 CST 2020)\"','192.168.137.1','2020-07-26 19:44:42','å†…ç½‘IP|0|0|å†…ç½‘IP|å†…ç½‘IP'),(1034,'MrBird','ä¿®æ”¹èœå•/æŒ‰é’®',14,'cc.mrbird.febs.system.controller.MenuController.updateMenu()',' menu: \"Menu(menuId=182, parentId=179, menuName=å½’æ¡£è®¢å•, url=, perms=order:archive, icon=layui-icon-reconciliation, type=0, orderNum=3, createTime=null, modifyTime=Sun Jul 26 19:44:55 CST 2020)\"','192.168.137.1','2020-07-26 19:44:56','å†…ç½‘IP|0|0|å†…ç½‘IP|å†…ç½‘IP'),(1035,'MrBird','ä¿®æ”¹èœå•/æŒ‰é’®',17,'cc.mrbird.febs.system.controller.MenuController.updateMenu()',' menu: \"Menu(menuId=180, parentId=179, menuName=æ–°å¢è®¢å•, url=/system/order, perms=order:view, icon=layui-icon-file-add, type=0, orderNum=1, createTime=null, modifyTime=Sun Jul 26 19:53:42 CST 2020)\"','192.168.137.1','2020-07-26 19:53:42','å†…ç½‘IP|0|0|å†…ç½‘IP|å†…ç½‘IP'),(1036,'MrBird','ä¿®æ”¹èœå•/æŒ‰é’®',17,'cc.mrbird.febs.system.controller.MenuController.updateMenu()',' menu: \"Menu(menuId=179, parentId=0, menuName=è®¢å•ç®¡ç†, url=, perms=order:view, icon=layui-icon-filedone, type=0, orderNum=null, createTime=null, modifyTime=Sun Jul 26 19:58:42 CST 2020)\"','192.168.137.1','2020-07-26 19:58:43','å†…ç½‘IP|0|0|å†…ç½‘IP|å†…ç½‘IP'),(1037,'MrBird','ä¿®æ”¹èœå•/æŒ‰é’®',9,'cc.mrbird.febs.system.controller.MenuController.updateMenu()',' menu: \"Menu(menuId=180, parentId=179, menuName=æ–°å¢è®¢å•, url=/system/order, perms=order:create, icon=layui-icon-file-add, type=0, orderNum=1, createTime=null, modifyTime=Sun Jul 26 19:59:11 CST 2020)\"','192.168.137.1','2020-07-26 19:59:12','å†…ç½‘IP|0|0|å†…ç½‘IP|å†…ç½‘IP'),(1038,'MrBird','æ–°å¢è®¢å•',57,'cc.mrbird.febs.system.controller.OrderController.createOrder()',' order: \"Order(orderId=2, salesId=13, customerName=lisi, customerPhone=12345678912, vehicleId=11, price=202222, createTime=Mon Jul 27 14:31:09 CST 2020, createTimeFrom=null, createTimeTo=null)\"','192.168.137.1','2020-07-27 14:31:09','å†…ç½‘IP|0|0|å†…ç½‘IP|å†…ç½‘IP'),(1039,'MrBird','æ–°å¢è®¢å•',20,'cc.mrbird.febs.system.controller.OrderController.createOrder()',' order: \"Order(orderId=3, salesId=22, customerName=wangwu, customerPhone=12379845632, vehicleId=22, price=3333333, createTime=Mon Jul 27 14:34:05 CST 2020, createTimeFrom=null, createTimeTo=null)\"','192.168.137.1','2020-07-27 14:34:06','å†…ç½‘IP|0|0|å†…ç½‘IP|å†…ç½‘IP'),(1040,'MrBird','æ–°å¢è®¢å•',57,'cc.mrbird.febs.system.controller.OrderController.createOrder()',' order: \"Order(orderId=4, salesId=22, customerName=xxx, customerPhone=12345679811, vehicleId=22, price=200000, createTime=Mon Jul 27 14:46:48 CST 2020, createTimeFrom=null, createTimeTo=null)\"','192.168.137.1','2020-07-27 14:46:49','å†…ç½‘IP|0|0|å†…ç½‘IP|å†…ç½‘IP'),(1041,'MrBird','æ–°å¢è®¢å•',66,'cc.mrbird.febs.system.controller.OrderController.createOrder()',' order: \"Order(orderId=5, salesId=211, customerName=sss, customerPhone=12345678955, vehicleId=11, price=200000, createTime=Mon Jul 27 14:50:00 CST 2020, createTimeFrom=null, createTimeTo=null)\"','192.168.137.1','2020-07-27 14:50:01','å†…ç½‘IP|0|0|å†…ç½‘IP|å†…ç½‘IP'),(1042,'MrBird','æ–°å¢è®¢å•',36,'cc.mrbird.febs.system.controller.OrderController.createOrder()',' order: \"Order(orderId=6, salesId=22, customerName=qwer, customerPhone=12230000222, vehicleId=33, price=666666, createTime=Mon Jul 27 15:32:05 CST 2020, createTimeFrom=null, createTimeTo=null)\"','192.168.137.1','2020-07-27 15:32:05','å†…ç½‘IP|0|0|å†…ç½‘IP|å†…ç½‘IP'),(1043,'MrBird','æ–°å¢è®¢å•',31,'cc.mrbird.febs.system.controller.OrderController.createOrder()',' order: \"Order(orderId=7, salesId=null, customerName=, customerPhone=, vehicleId=null, price=null, createTime=Mon Jul 27 16:51:21 CST 2020, createTimeFrom=null, createTimeTo=null)\"','192.168.137.1','2020-07-27 16:51:22','å†…ç½‘IP|0|0|å†…ç½‘IP|å†…ç½‘IP'),(1044,'MrBird','æ–°å¢è®¢å•',58,'cc.mrbird.febs.system.controller.OrderController.createOrder()',' order: \"Order(orderId=8, salesId=15, customerName=aaaaa, customerPhone=15533336666, vehicleId=88, price=150000, createTime=Tue Jul 28 10:37:09 CST 2020, status=å¾…å®¡æ ¸, createTimeFrom=null, createTimeTo=null)\"','192.168.137.1','2020-07-28 10:37:10','å†…ç½‘IP|0|0|å†…ç½‘IP|å†…ç½‘IP'),(1045,'MrBird','ä¿®æ”¹è®¢å•',56,'cc.mrbird.febs.system.controller.OrderController.updateUser()',' order: \"Order(orderId=1, salesId=11, customerName=zhangsan, customerPhone=15034659999, vehicleId=52, price=120000, createTime=null, status=å¾…å®¡æ ¸, createTimeFrom=null, createTimeTo=null)\"','192.168.137.1','2020-07-28 12:53:15','å†…ç½‘IP|0|0|å†…ç½‘IP|å†…ç½‘IP'),(1046,'MrBird','ä¿®æ”¹èœå•/æŒ‰é’®',40,'cc.mrbird.febs.system.controller.MenuController.updateMenu()',' menu: \"Menu(menuId=181, parentId=179, menuName=å®¡æ‰¹è®¢å•, url=/system/order, perms=order:approve, icon=layui-icon-fileprotect, type=0, orderNum=2, createTime=null, modifyTime=Tue Jul 28 14:01:45 CST 2020)\"','192.168.137.1','2020-07-28 14:01:46','å†…ç½‘IP|0|0|å†…ç½‘IP|å†…ç½‘IP'),(1047,'MrBird','ä¿®æ”¹èœå•/æŒ‰é’®',13,'cc.mrbird.febs.system.controller.MenuController.updateMenu()',' menu: \"Menu(menuId=182, parentId=179, menuName=å½’æ¡£è®¢å•, url=/system/order, perms=order:archive, icon=layui-icon-reconciliation, type=0, orderNum=3, createTime=null, modifyTime=Tue Jul 28 14:01:51 CST 2020)\"','192.168.137.1','2020-07-28 14:01:51','å†…ç½‘IP|0|0|å†…ç½‘IP|å†…ç½‘IP'),(1048,'MrBird','æ–°å¢è®¢å•',73,'cc.mrbird.febs.system.controller.OrderController.createOrder()',' order: \"Order(orderId=9, salesId=11, customerName=22, customerPhone=12300000000, vehicleId=11, price=200000, createTime=Tue Jul 28 14:15:45 CST 2020, status=å¾…å®¡æ ¸, createTimeFrom=null, createTimeTo=null)\"','192.168.137.1','2020-07-28 14:15:45','å†…ç½‘IP|0|0|å†…ç½‘IP|å†…ç½‘IP'),(1049,'MrBird','ä¿®æ”¹è®¢å•',19,'cc.mrbird.febs.system.controller.OrderController.updateUser()',' order: \"Order(orderId=1, salesId=11, customerName=zhangsan, customerPhone=15034659998, vehicleId=52, price=120000, createTime=null, status=å¾…å®¡æ ¸, createTimeFrom=null, createTimeTo=null)\"','192.168.137.1','2020-07-28 14:16:26','å†…ç½‘IP|0|0|å†…ç½‘IP|å†…ç½‘IP'),(1050,'MrBird','ä¿®æ”¹èœå•/æŒ‰é’®',13,'cc.mrbird.febs.system.controller.MenuController.updateMenu()',' menu: \"Menu(menuId=180, parentId=179, menuName=æ–°å¢è®¢å•, url=/system/order/create, perms=order:create, icon=layui-icon-file-add, type=0, orderNum=1, createTime=null, modifyTime=Tue Jul 28 14:18:27 CST 2020)\"','192.168.137.1','2020-07-28 14:18:28','å†…ç½‘IP|0|0|å†…ç½‘IP|å†…ç½‘IP'),(1051,'MrBird','ä¿®æ”¹èœå•/æŒ‰é’®',18,'cc.mrbird.febs.system.controller.MenuController.updateMenu()',' menu: \"Menu(menuId=181, parentId=179, menuName=å®¡æ‰¹è®¢å•, url=/system/order/approve, perms=order:approve, icon=layui-icon-fileprotect, type=0, orderNum=2, createTime=null, modifyTime=Tue Jul 28 14:18:53 CST 2020)\"','192.168.137.1','2020-07-28 14:18:54','å†…ç½‘IP|0|0|å†…ç½‘IP|å†…ç½‘IP'),(1052,'MrBird','ä¿®æ”¹èœå•/æŒ‰é’®',18,'cc.mrbird.febs.system.controller.MenuController.updateMenu()',' menu: \"Menu(menuId=182, parentId=179, menuName=å½’æ¡£è®¢å•, url=/system/order/archive, perms=order:archive, icon=layui-icon-reconciliation, type=0, orderNum=3, createTime=null, modifyTime=Tue Jul 28 14:19:03 CST 2020)\"','192.168.137.1','2020-07-28 14:19:03','å†…ç½‘IP|0|0|å†…ç½‘IP|å†…ç½‘IP'),(1053,'MrBird','ä¿®æ”¹èœå•/æŒ‰é’®',20,'cc.mrbird.febs.system.controller.MenuController.updateMenu()',' menu: \"Menu(menuId=179, parentId=0, menuName=è®¢å•ç®¡ç†, url=/system/order/, perms=order:view, icon=layui-icon-filedone, type=0, orderNum=null, createTime=null, modifyTime=Tue Jul 28 14:19:44 CST 2020)\"','192.168.137.1','2020-07-28 14:19:45','å†…ç½‘IP|0|0|å†…ç½‘IP|å†…ç½‘IP'),(1054,'MrBird','å®¡æ‰¹è®¢å•',90,'cc.mrbird.febs.system.controller.OrderController.approveOrder()',' orderIds: \"7\"','192.168.137.1','2020-07-28 14:34:22','å†…ç½‘IP|0|0|å†…ç½‘IP|å†…ç½‘IP'),(1055,'MrBird','æ–°å¢è§’è‰²',27,'cc.mrbird.febs.system.controller.RoleController.addRole()',' role: \"Role(roleId=82, roleName=é”€å”®ç»ç†, remark=è´Ÿè´£ç®¡ç†é”€å”®äººå‘˜åŠè®¢å•å®¡æ‰¹, createTime=Tue Jul 28 14:41:50 CST 2020, modifyTime=null, menuIds=179,180,181,183)\"','192.168.137.1','2020-07-28 14:41:51','å†…ç½‘IP|0|0|å†…ç½‘IP|å†…ç½‘IP'),(1056,'MrBird','ä¿®æ”¹è§’è‰²',33,'cc.mrbird.febs.system.controller.RoleController.updateRole()',' role: \"Role(roleId=82, roleName=é”€å”®ç»ç†, remark=è´Ÿè´£ç®¡ç†é”€å”®äººå‘˜åŠè®¢å•å®¡æ‰¹, createTime=null, modifyTime=Tue Jul 28 14:42:04 CST 2020, menuIds=179,180,181,183,182)\"','192.168.137.1','2020-07-28 14:42:05','å†…ç½‘IP|0|0|å†…ç½‘IP|å†…ç½‘IP'),(1057,'MrBird','æ–°å¢è§’è‰²',27,'cc.mrbird.febs.system.controller.RoleController.addRole()',' role: \"Role(roleId=83, roleName=è´¢åŠ¡ä¼šè®¡, remark=è´Ÿè´£å®¡æ ¸è´¦å•åŠè®¢å•æ ¡å¯¹, createTime=Tue Jul 28 14:42:58 CST 2020, modifyTime=null, menuIds=179,181,184)\"','192.168.137.1','2020-07-28 14:42:59','å†…ç½‘IP|0|0|å†…ç½‘IP|å†…ç½‘IP'),(1058,'MrBird','ä¿®æ”¹è§’è‰²',27,'cc.mrbird.febs.system.controller.RoleController.updateRole()',' role: \"Role(roleId=81, roleName=é”€å”®äººå‘˜, remark=è½¦è¾†é”€å”®, createTime=null, modifyTime=Tue Jul 28 14:43:06 CST 2020, menuIds=179,180,182)\"','192.168.137.1','2020-07-28 14:43:07','å†…ç½‘IP|0|0|å†…ç½‘IP|å†…ç½‘IP'),(1059,'MrBird','ä¿®æ”¹è§’è‰²',24,'cc.mrbird.febs.system.controller.RoleController.updateRole()',' role: \"Role(roleId=81, roleName=é”€å”®äººå‘˜, remark=è½¦è¾†é”€å”®, createTime=null, modifyTime=Tue Jul 28 14:43:32 CST 2020, menuIds=179,180,185)\"','192.168.137.1','2020-07-28 14:43:33','å†…ç½‘IP|0|0|å†…ç½‘IP|å†…ç½‘IP'),(1060,'MrBird','ä¿®æ”¹èœå•/æŒ‰é’®',36,'cc.mrbird.febs.system.controller.MenuController.updateMenu()',' menu: \"Menu(menuId=181, parentId=179, menuName=å®¡æ‰¹è®¢å•, url=/system/order/approve, perms=order:approve:manager, icon=layui-icon-fileprotect, type=0, orderNum=2, createTime=null, modifyTime=Tue Jul 28 16:17:49 CST 2020)\"','192.168.137.1','2020-07-28 16:17:49','å†…ç½‘IP|0|0|å†…ç½‘IP|å†…ç½‘IP'),(1061,'MrBird','ä¿®æ”¹èœå•/æŒ‰é’®',12,'cc.mrbird.febs.system.controller.MenuController.updateMenu()',' menu: \"Menu(menuId=185, parentId=181, menuName=äº¤ä»˜å®¡æ ¸, url=null, perms=order:approve:sales, icon=null, type=1, orderNum=null, createTime=null, modifyTime=Tue Jul 28 16:19:09 CST 2020)\"','192.168.137.1','2020-07-28 16:19:10','å†…ç½‘IP|0|0|å†…ç½‘IP|å†…ç½‘IP'),(1062,'MrBird','ä¿®æ”¹èœå•/æŒ‰é’®',10,'cc.mrbird.febs.system.controller.MenuController.updateMenu()',' menu: \"Menu(menuId=184, parentId=181, menuName=è´¢åŠ¡å®¡æ ¸, url=null, perms=order:approve:accounting, icon=null, type=1, orderNum=null, createTime=null, modifyTime=Tue Jul 28 16:19:20 CST 2020)\"','192.168.137.1','2020-07-28 16:19:21','å†…ç½‘IP|0|0|å†…ç½‘IP|å†…ç½‘IP'),(1063,'MrBird','ä¿®æ”¹èœå•/æŒ‰é’®',24,'cc.mrbird.febs.system.controller.MenuController.updateMenu()',' menu: \"Menu(menuId=183, parentId=181, menuName=é”€å”®å®¡æ ¸, url=null, perms=order:approve:manager, icon=null, type=1, orderNum=null, createTime=null, modifyTime=Tue Jul 28 16:19:25 CST 2020)\"','192.168.137.1','2020-07-28 16:19:26','å†…ç½‘IP|0|0|å†…ç½‘IP|å†…ç½‘IP'),(1064,'MrBird','ä¿®æ”¹èœå•/æŒ‰é’®',10,'cc.mrbird.febs.system.controller.MenuController.updateMenu()',' menu: \"Menu(menuId=183, parentId=181, menuName=ç»ç†å®¡æ ¸, url=null, perms=order:approve:manager, icon=null, type=1, orderNum=null, createTime=null, modifyTime=Tue Jul 28 16:19:34 CST 2020)\"','192.168.137.1','2020-07-28 16:19:35','å†…ç½‘IP|0|0|å†…ç½‘IP|å†…ç½‘IP'),(1065,'MrBird','ä¿®æ”¹èœå•/æŒ‰é’®',17,'cc.mrbird.febs.system.controller.MenuController.updateMenu()',' menu: \"Menu(menuId=185, parentId=181, menuName=é”€å”®å®¡æ ¸, url=null, perms=order:approve:sales, icon=null, type=1, orderNum=null, createTime=null, modifyTime=Tue Jul 28 16:19:46 CST 2020)\"','192.168.137.1','2020-07-28 16:19:46','å†…ç½‘IP|0|0|å†…ç½‘IP|å†…ç½‘IP'),(1066,'MrBird','ä¿®æ”¹èœå•/æŒ‰é’®',19,'cc.mrbird.febs.system.controller.MenuController.updateMenu()',' menu: \"Menu(menuId=181, parentId=179, menuName=å®¡æ‰¹è®¢å•, url=/system/order/approve, perms=order:approve, icon=layui-icon-fileprotect, type=0, orderNum=2, createTime=null, modifyTime=Tue Jul 28 16:20:00 CST 2020)\"','192.168.137.1','2020-07-28 16:20:00','å†…ç½‘IP|0|0|å†…ç½‘IP|å†…ç½‘IP'),(1067,'MrBird','ä¿®æ”¹èœå•/æŒ‰é’®',17,'cc.mrbird.febs.system.controller.MenuController.updateMenu()',' menu: \"Menu(menuId=181, parentId=179, menuName=å®¡æ‰¹è®¢å•, url=/system/order/approve, perms=, icon=layui-icon-fileprotect, type=0, orderNum=2, createTime=null, modifyTime=Tue Jul 28 16:20:27 CST 2020)\"','192.168.137.1','2020-07-28 16:20:27','å†…ç½‘IP|0|0|å†…ç½‘IP|å†…ç½‘IP'),(1068,'MrBird','ä¿®æ”¹èœå•/æŒ‰é’®',18,'cc.mrbird.febs.system.controller.MenuController.updateMenu()',' menu: \"Menu(menuId=181, parentId=179, menuName=å®¡æ‰¹è®¢å•, url=/system/order/approve, perms=order:approve:manager, icon=layui-icon-fileprotect, type=0, orderNum=2, createTime=null, modifyTime=Tue Jul 28 16:21:02 CST 2020)\"','192.168.137.1','2020-07-28 16:21:03','å†…ç½‘IP|0|0|å†…ç½‘IP|å†…ç½‘IP'),(1069,'MrBird','ä¿®æ”¹èœå•/æŒ‰é’®',15,'cc.mrbird.febs.system.controller.MenuController.updateMenu()',' menu: \"Menu(menuId=181, parentId=179, menuName=å®¡æ‰¹è®¢å•, url=/system/order/approve, perms=order:approve, icon=layui-icon-fileprotect, type=0, orderNum=2, createTime=null, modifyTime=Tue Jul 28 16:21:11 CST 2020)\"','192.168.137.1','2020-07-28 16:21:11','å†…ç½‘IP|0|0|å†…ç½‘IP|å†…ç½‘IP'),(1070,'MrBird','å®¡æ‰¹è®¢å•',43,'cc.mrbird.febs.system.controller.OrderController.managerApproveOrder()',' orderIds: \"8\"','192.168.137.1','2020-07-28 16:28:20','å†…ç½‘IP|0|0|å†…ç½‘IP|å†…ç½‘IP'),(1071,'MrBird','å®¡æ‰¹è®¢å•',10,'cc.mrbird.febs.system.controller.OrderController.managerApproveOrder()',' orderIds: \"8\"','192.168.137.1','2020-07-28 16:28:44','å†…ç½‘IP|0|0|å†…ç½‘IP|å†…ç½‘IP'),(1072,'MrBird','å®¡æ‰¹è®¢å•',99,'cc.mrbird.febs.system.controller.OrderController.managerApproveOrder()',' orderIds: \"8\"','192.168.137.1','2020-07-28 16:33:15','å†…ç½‘IP|0|0|å†…ç½‘IP|å†…ç½‘IP'),(1073,'MrBird','å®¡æ‰¹è®¢å•',28,'cc.mrbird.febs.system.controller.OrderController.accountingApproveOrder()',' orderIds: \"8\"','192.168.137.1','2020-07-28 16:33:19','å†…ç½‘IP|0|0|å†…ç½‘IP|å†…ç½‘IP'),(1074,'MrBird','å®¡æ‰¹è®¢å•',25,'cc.mrbird.febs.system.controller.OrderController.salesApproveOrder()',' orderIds: \"8\"','192.168.137.1','2020-07-28 16:33:24','å†…ç½‘IP|0|0|å†…ç½‘IP|å†…ç½‘IP'),(1075,'MrBird','ä¿®æ”¹è§’è‰²',47,'cc.mrbird.febs.system.controller.RoleController.updateRole()',' role: \"Role(roleId=83, roleName=è´¢åŠ¡ä¼šè®¡, remark=è´Ÿè´£å®¡æ ¸è´¦å•åŠè®¢å•æ ¡å¯¹, createTime=null, modifyTime=Tue Jul 28 16:38:56 CST 2020, menuIds=179,181,184)\"','192.168.137.1','2020-07-28 16:38:57','å†…ç½‘IP|0|0|å†…ç½‘IP|å†…ç½‘IP'),(1076,'MrBird','ä¿®æ”¹è§’è‰²',40,'cc.mrbird.febs.system.controller.RoleController.updateRole()',' role: \"Role(roleId=83, roleName=è´¢åŠ¡ä¼šè®¡, remark=è´Ÿè´£å®¡æ ¸è´¦å•åŠä»˜æ¬¾æ ¡å¯¹, createTime=null, modifyTime=Tue Jul 28 16:39:20 CST 2020, menuIds=179,181,184)\"','192.168.137.1','2020-07-28 16:39:20','å†…ç½‘IP|0|0|å†…ç½‘IP|å†…ç½‘IP'),(1077,'MrBird','å½’æ¡£è®¢å•',97,'cc.mrbird.febs.system.controller.OrderController.archiveOrder()',' orderIds: \"8\"','192.168.137.1','2020-07-28 19:02:50','å†…ç½‘IP|0|0|å†…ç½‘IP|å†…ç½‘IP'),(1078,'MrBird','å½’æ¡£è®¢å•',25,'cc.mrbird.febs.system.controller.OrderController.archiveOrder()',' orderIds: \"4\"','192.168.137.1','2020-07-28 19:03:02','å†…ç½‘IP|0|0|å†…ç½‘IP|å†…ç½‘IP'),(1079,'MrBird','å½’æ¡£è®¢å•',24,'cc.mrbird.febs.system.controller.OrderController.archiveOrder()',' orderIds: \"1\"','192.168.137.1','2020-07-28 19:03:18','å†…ç½‘IP|0|0|å†…ç½‘IP|å†…ç½‘IP'),(1080,'MrBird','æ–°å¢è®¢å•',31,'cc.mrbird.febs.system.controller.OrderController.createOrder()',' order: \"Order(orderId=10, salesId=15, customerName=oppo, customerPhone=15233002255, vehicleId=11, price=200000, createTime=Tue Jul 28 19:19:26 CST 2020, status=å¾…å®¡æ ¸, createTimeFrom=null, createTimeTo=null)\"','192.168.137.1','2020-07-28 19:19:27','å†…ç½‘IP|0|0|å†…ç½‘IP|å†…ç½‘IP'),(1081,'MrBird','ç»ç†å®¡æ‰¹è®¢å•',23,'cc.mrbird.febs.system.controller.OrderController.managerApproveOrder()',' orderIds: \"10\"','192.168.137.1','2020-07-28 19:19:49','å†…ç½‘IP|0|0|å†…ç½‘IP|å†…ç½‘IP'),(1082,'MrBird','è´¢åŠ¡å®¡æ‰¹è®¢å•',24,'cc.mrbird.febs.system.controller.OrderController.accountingApproveOrder()',' orderIds: \"10\"','192.168.137.1','2020-07-28 19:20:08','å†…ç½‘IP|0|0|å†…ç½‘IP|å†…ç½‘IP'),(1083,'MrBird','é”€å”®å®¡æ‰¹è®¢å•',15,'cc.mrbird.febs.system.controller.OrderController.salesApproveOrder()',' orderIds: \"10\"','192.168.137.1','2020-07-28 19:20:20','å†…ç½‘IP|0|0|å†…ç½‘IP|å†…ç½‘IP'),(1084,'MrBird','å½’æ¡£è®¢å•',25,'cc.mrbird.febs.system.controller.OrderController.archiveOrder()',' orderIds: \"10\"','192.168.137.1','2020-07-28 19:20:25','å†…ç½‘IP|0|0|å†…ç½‘IP|å†…ç½‘IP'),(1085,'MrBird','ä¿®æ”¹è®¢å•',15,'cc.mrbird.febs.system.controller.OrderController.updateUser()',' order: \"Order(orderId=1, salesId=12, customerName=zhangsan, customerPhone=15034659998, vehicleId=52, price=120000, createTime=null, status=å¾…å®¡æ ¸, createTimeFrom=null, createTimeTo=null)\"','192.168.137.1','2020-07-28 20:13:58','å†…ç½‘IP|0|0|å†…ç½‘IP|å†…ç½‘IP'),(1086,'MrBird','æ–°å¢è®¢å•',48,'cc.mrbird.febs.system.controller.OrderController.createOrder()',' order: \"Order(orderId=11, salesId=123, customerName=aann, customerPhone=, vehicleId=11, price=20000, createTime=Tue Jul 28 20:22:24 CST 2020, status=å¾…å®¡æ ¸, createTimeFrom=null, createTimeTo=null)\"','192.168.137.1','2020-07-28 20:22:25','å†…ç½‘IP|0|0|å†…ç½‘IP|å†…ç½‘IP'),(1087,'MrBird','æ–°å¢è®¢å•',19,'cc.mrbird.febs.system.controller.OrderController.createOrder()',' order: \"Order(orderId=12, salesId=null, customerName=, customerPhone=, vehicleId=null, price=null, createTime=Tue Jul 28 20:24:38 CST 2020, status=å¾…å®¡æ ¸, createTimeFrom=null, createTimeTo=null)\"','192.168.137.1','2020-07-28 20:24:39','å†…ç½‘IP|0|0|å†…ç½‘IP|å†…ç½‘IP'),(1088,'MrBird','æ–°å¢è®¢å•',16,'cc.mrbird.febs.system.controller.OrderController.createOrder()',' order: \"Order(orderId=13, salesId=null, customerName=, customerPhone=, vehicleId=null, price=null, createTime=Tue Jul 28 20:25:01 CST 2020, status=å¾…å®¡æ ¸, createTimeFrom=null, createTimeTo=null)\"','192.168.137.1','2020-07-28 20:25:02','å†…ç½‘IP|0|0|å†…ç½‘IP|å†…ç½‘IP'),(1089,'MrBird','æ–°å¢èœå•/æŒ‰é’®',22,'cc.mrbird.febs.system.controller.MenuController.addMenu()',' menu: \"Menu(menuId=186, parentId=0, menuName=è½¦è¾†ç®¡ç†, url=, perms=, icon=layui-icon-car, type=0, orderNum=null, createTime=Tue Jul 28 21:46:09 CST 2020, modifyTime=null)\"','192.168.137.1','2020-07-28 21:46:09','å†…ç½‘IP|0|0|å†…ç½‘IP|å†…ç½‘IP'),(1090,'MrBird','ä¿®æ”¹èœå•/æŒ‰é’®',24,'cc.mrbird.febs.system.controller.MenuController.updateMenu()',' menu: \"Menu(menuId=186, parentId=0, menuName=è½¦è¾†ç®¡ç†, url=system/vehicle, perms=, icon=layui-icon-car, type=0, orderNum=null, createTime=null, modifyTime=Tue Jul 28 21:46:35 CST 2020)\"','192.168.137.1','2020-07-28 21:46:36','å†…ç½‘IP|0|0|å†…ç½‘IP|å†…ç½‘IP'),(1091,'MrBird','ä¿®æ”¹èœå•/æŒ‰é’®',12,'cc.mrbird.febs.system.controller.MenuController.updateMenu()',' menu: \"Menu(menuId=186, parentId=0, menuName=è½¦è¾†ç®¡ç†, url=system/vehicle/, perms=, icon=layui-icon-car, type=0, orderNum=null, createTime=null, modifyTime=Tue Jul 28 21:46:42 CST 2020)\"','192.168.137.1','2020-07-28 21:46:42','å†…ç½‘IP|0|0|å†…ç½‘IP|å†…ç½‘IP'),(1092,'MrBird','ä¿®æ”¹è§’è‰²',98,'cc.mrbird.febs.system.controller.RoleController.updateRole()',' role: \"Role(roleId=1, roleName=ç³»ç»Ÿç®¡ç†å‘˜, remark=ç³»ç»Ÿç®¡ç†å‘˜ï¼Œæ‹¥æœ‰æ‰€æœ‰æ“ä½œæƒé™ ^_^, createTime=null, modifyTime=Tue Jul 28 22:01:17 CST 2020, menuIds=179,180,181,183,184,185,182,186,1,3,13,160,161,11,12,4,162,14,15,16,5,163,17,18,19,6,164,20,21,22,2,8,23,10,24,170,136,171,172,127,128,129,131,175,101,102,103,104,105,106,107,108,173,109,110,174,137,138,165,139,166,115,132,133,135,134,126,159,116,117,119,120,121,122,123,118,125,167,168,169,178)\"','192.168.137.1','2020-07-28 22:01:17','å†…ç½‘IP|0|0|å†…ç½‘IP|å†…ç½‘IP'),(1093,'MrBird','æ–°å¢èœå•/æŒ‰é’®',23,'cc.mrbird.febs.system.controller.MenuController.addMenu()',' menu: \"Menu(menuId=187, parentId=0, menuName=æ–°å¢è½¦è¾†, url=system/vehicle/create, perms=vehicle:create, icon=, type=0, orderNum=null, createTime=Tue Jul 28 22:42:20 CST 2020, modifyTime=null)\"','192.168.137.1','2020-07-28 22:42:20','å†…ç½‘IP|0|0|å†…ç½‘IP|å†…ç½‘IP'),(1094,'MrBird','æ–°å¢èœå•/æŒ‰é’®',11,'cc.mrbird.febs.system.controller.MenuController.addMenu()',' menu: \"Menu(menuId=188, parentId=0, menuName=ä¿å…»è½¦è¾†, url=system/vehicle/maintenance, perms=vehicle:maintenance, icon=, type=0, orderNum=null, createTime=Tue Jul 28 22:43:26 CST 2020, modifyTime=null)\"','192.168.137.1','2020-07-28 22:43:26','å†…ç½‘IP|0|0|å†…ç½‘IP|å†…ç½‘IP'),(1095,'MrBird','ä¿®æ”¹è§’è‰²',49,'cc.mrbird.febs.system.controller.RoleController.updateRole()',' role: \"Role(roleId=1, roleName=ç³»ç»Ÿç®¡ç†å‘˜, remark=ç³»ç»Ÿç®¡ç†å‘˜ï¼Œæ‹¥æœ‰æ‰€æœ‰æ“ä½œæƒé™ ^_^, createTime=null, modifyTime=Tue Jul 28 22:45:34 CST 2020, menuIds=179,180,181,183,184,185,182,186,187,188,1,3,13,161,11,12,160,4,162,14,15,16,5,163,17,18,19,6,164,20,21,22,2,8,23,10,24,170,136,171,172,127,128,129,131,175,101,102,103,104,105,106,107,108,173,109,110,174,137,138,165,139,166,115,132,133,135,134,126,159,116,117,119,120,121,122,123,118,125,167,168,169,178)\"','192.168.137.1','2020-07-28 22:45:35','å†…ç½‘IP|0|0|å†…ç½‘IP|å†…ç½‘IP'),(1096,'MrBird','ä¿®æ”¹èœå•/æŒ‰é’®',20,'cc.mrbird.febs.system.controller.MenuController.updateMenu()',' menu: \"Menu(menuId=186, parentId=0, menuName=è½¦è¾†ç®¡ç†, url=system/vehicle/, perms=vehicle:view, icon=layui-icon-car, type=0, orderNum=null, createTime=null, modifyTime=Tue Jul 28 22:48:24 CST 2020)\"','192.168.137.1','2020-07-28 22:48:25','å†…ç½‘IP|0|0|å†…ç½‘IP|å†…ç½‘IP'),(1097,'MrBird','ä¿®æ”¹èœå•/æŒ‰é’®',26,'cc.mrbird.febs.system.controller.MenuController.updateMenu()',' menu: \"Menu(menuId=186, parentId=0, menuName=è½¦è¾†ç®¡ç†, url=/system/vehicle/, perms=vehicle:view, icon=layui-icon-car, type=0, orderNum=null, createTime=null, modifyTime=Tue Jul 28 23:08:41 CST 2020)\"','192.168.137.1','2020-07-28 23:08:42','å†…ç½‘IP|0|0|å†…ç½‘IP|å†…ç½‘IP'),(1098,'MrBird','ä¿®æ”¹èœå•/æŒ‰é’®',20,'cc.mrbird.febs.system.controller.MenuController.updateMenu()',' menu: \"Menu(menuId=187, parentId=186, menuName=æ–°å¢è½¦è¾†, url=/system/vehicle/create, perms=vehicle:create, icon=, type=0, orderNum=null, createTime=null, modifyTime=Tue Jul 28 23:10:03 CST 2020)\"','192.168.137.1','2020-07-28 23:10:04','å†…ç½‘IP|0|0|å†…ç½‘IP|å†…ç½‘IP'),(1099,'MrBird','ä¿®æ”¹èœå•/æŒ‰é’®',10,'cc.mrbird.febs.system.controller.MenuController.updateMenu()',' menu: \"Menu(menuId=188, parentId=186, menuName=ä¿å…»è½¦è¾†, url=/system/vehicle/maintenance, perms=vehicle:maintenance, icon=, type=0, orderNum=null, createTime=null, modifyTime=Tue Jul 28 23:10:08 CST 2020)\"','192.168.137.1','2020-07-28 23:10:08','å†…ç½‘IP|0|0|å†…ç½‘IP|å†…ç½‘IP'),(1100,'MrBird','æ–°å¢ç”¨æˆ·',50,'cc.mrbird.febs.system.controller.UserController.addUser()',' user: \"User(userId=9, username=beiyan, password=67c721ec501e9ae880dc517f9c74e9e2, deptId=2, email=beiyan@qq.com, mobile=15034654506, status=1, createTime=Wed Jul 29 09:42:39 CST 2020, modifyTime=null, lastLoginTime=null, sex=2, avatar=default.jpg, theme=black, isTab=1, description=æµ‹è¯•ç®¡ç†å‘˜è´¦å·, deptName=null, createTimeFrom=null, createTimeTo=null, roleId=1, roleName=null, deptIds=null)\"','192.168.137.1','2020-07-29 09:42:39','å†…ç½‘IP|0|0|å†…ç½‘IP|å†…ç½‘IP'),(1101,'MrBird','æ–°å¢è½¦è¾†',55,'cc.mrbird.febs.system.controller.VehicleController.createVehicle()',' vehicle: \"Vehicle(vehicleId=1, type=suv, color=ç™½è‰², deadWeight=1500, manufactureDate=Wed Jul 29 11:29:27 CST 2020, lowestPrice=200000, status=0, maintenanceTimes=10, manufactureDateFrom=null, manufactureDateTo=null)\"','192.168.137.1','2020-07-29 11:29:28','å†…ç½‘IP|0|0|å†…ç½‘IP|å†…ç½‘IP'),(1102,'MrBird','åˆ é™¤èœå•/æŒ‰é’®',47,'cc.mrbird.febs.system.controller.MenuController.deleteMenus()',' menuIds: \"185\"','192.168.137.1','2020-07-29 13:09:25','å†…ç½‘IP|0|0|å†…ç½‘IP|å†…ç½‘IP'),(1103,'MrBird','åˆ é™¤èœå•/æŒ‰é’®',18,'cc.mrbird.febs.system.controller.MenuController.deleteMenus()',' menuIds: \"184\"','192.168.137.1','2020-07-29 13:09:31','å†…ç½‘IP|0|0|å†…ç½‘IP|å†…ç½‘IP'),(1104,'MrBird','åˆ é™¤èœå•/æŒ‰é’®',29,'cc.mrbird.febs.system.controller.MenuController.deleteMenus()',' menuIds: \"183\"','192.168.137.1','2020-07-29 13:09:38','å†…ç½‘IP|0|0|å†…ç½‘IP|å†…ç½‘IP'),(1105,'MrBird','ä¿®æ”¹èœå•/æŒ‰é’®',23,'cc.mrbird.febs.system.controller.MenuController.updateMenu()',' menu: \"Menu(menuId=179, parentId=0, menuName=å…¬å¸ç®¡ç†, url=/system/order/, perms=order:view, icon=layui-icon-filedone, type=0, orderNum=null, createTime=null, modifyTime=Wed Jul 29 13:10:39 CST 2020)\"','192.168.137.1','2020-07-29 13:10:40','å†…ç½‘IP|0|0|å†…ç½‘IP|å†…ç½‘IP'),(1106,'MrBird','ä¿®æ”¹èœå•/æŒ‰é’®',22,'cc.mrbird.febs.system.controller.MenuController.updateMenu()',' menu: \"Menu(menuId=180, parentId=179, menuName=è®¢å•ç®¡ç†, url=/system/order/, perms=order:view, icon=layui-icon-file-add, type=0, orderNum=1, createTime=null, modifyTime=Wed Jul 29 13:13:07 CST 2020)\"','192.168.137.1','2020-07-29 13:13:07','å†…ç½‘IP|0|0|å†…ç½‘IP|å†…ç½‘IP'),(1107,'MrBird','ä¿®æ”¹èœå•/æŒ‰é’®',10,'cc.mrbird.febs.system.controller.MenuController.updateMenu()',' menu: \"Menu(menuId=179, parentId=0, menuName=å…¬å¸ç®¡ç†, url=, perms=, icon=layui-icon-home, type=0, orderNum=null, createTime=null, modifyTime=Wed Jul 29 13:15:27 CST 2020)\"','192.168.137.1','2020-07-29 13:15:28','å†…ç½‘IP|0|0|å†…ç½‘IP|å†…ç½‘IP'),(1108,'MrBird','ä¿®æ”¹èœå•/æŒ‰é’®',17,'cc.mrbird.febs.system.controller.MenuController.updateMenu()',' menu: \"Menu(menuId=180, parentId=179, menuName=è®¢å•ç®¡ç†, url=/system/order/, perms=order:view, icon=layui-icon-filedone, type=0, orderNum=1, createTime=null, modifyTime=Wed Jul 29 13:16:23 CST 2020)\"','192.168.137.1','2020-07-29 13:16:23','å†…ç½‘IP|0|0|å†…ç½‘IP|å†…ç½‘IP'),(1109,'MrBird','ä¿®æ”¹è§’è‰²',69,'cc.mrbird.febs.system.controller.RoleController.updateRole()',' role: \"Role(roleId=1, roleName=ç³»ç»Ÿç®¡ç†å‘˜, remark=ç³»ç»Ÿç®¡ç†å‘˜ï¼Œæ‹¥æœ‰æ‰€æœ‰æ“ä½œæƒé™ ^_^, createTime=null, modifyTime=Wed Jul 29 13:18:02 CST 2020, menuIds=179,186,187,188,180,181,182,1,3,13,160,161,11,12,4,162,14,15,16,5,163,17,18,19,6,164,20,21,22,2,8,23,10,24,170,136,171,172,127,128,129,131,175,101,102,173,103,104,105,106,107,108,109,110,174,137,138,165,139,166,115,132,133,135,134,126,159,116,117,119,120,121,122,123,118,125,167,168,169,178)\"','192.168.137.1','2020-07-29 13:18:02','å†…ç½‘IP|0|0|å†…ç½‘IP|å†…ç½‘IP'),(1110,'MrBird','æ–°å¢èœå•/æŒ‰é’®',18,'cc.mrbird.febs.system.controller.MenuController.addMenu()',' menu: \"Menu(menuId=189, parentId=0, menuName=ç»ç†å®¡æ‰¹, url=null, perms=order:approve:manager, icon=null, type=1, orderNum=null, createTime=Wed Jul 29 13:23:53 CST 2020, modifyTime=null)\"','192.168.137.1','2020-07-29 13:23:53','å†…ç½‘IP|0|0|å†…ç½‘IP|å†…ç½‘IP'),(1111,'MrBird','ä¿®æ”¹è§’è‰²',65,'cc.mrbird.febs.system.controller.RoleController.updateRole()',' role: \"Role(roleId=1, roleName=ç³»ç»Ÿç®¡ç†å‘˜, remark=ç³»ç»Ÿç®¡ç†å‘˜ï¼Œæ‹¥æœ‰æ‰€æœ‰æ“ä½œæƒé™ ^_^, createTime=null, modifyTime=Wed Jul 29 13:24:58 CST 2020, menuIds=179,186,187,188,180,181,189,182,1,3,13,160,161,11,12,4,162,14,15,16,5,163,17,18,19,6,164,20,21,22,2,8,23,10,24,170,136,171,172,127,128,129,131,175,101,102,103,104,105,106,107,108,173,109,110,174,137,138,165,139,166,115,132,133,135,134,126,159,116,117,119,120,121,122,123,118,125,167,168,169,178)\"','192.168.137.1','2020-07-29 13:24:59','å†…ç½‘IP|0|0|å†…ç½‘IP|å†…ç½‘IP'),(1112,'MrBird','ä¿®æ”¹èœå•/æŒ‰é’®',10,'cc.mrbird.febs.system.controller.MenuController.updateMenu()',' menu: \"Menu(menuId=189, parentId=181, menuName=å®¡æ‰¹, url=null, perms=order:approve:manager, icon=null, type=1, orderNum=null, createTime=null, modifyTime=Wed Jul 29 13:39:38 CST 2020)\"','192.168.137.1','2020-07-29 13:39:39','å†…ç½‘IP|0|0|å†…ç½‘IP|å†…ç½‘IP'),(1113,'MrBird','ä¿®æ”¹èœå•/æŒ‰é’®',18,'cc.mrbird.febs.system.controller.MenuController.updateMenu()',' menu: \"Menu(menuId=189, parentId=180, menuName=ç»ç†å®¡æ‰¹, url=null, perms=order:approve:manager, icon=null, type=1, orderNum=null, createTime=null, modifyTime=Wed Jul 29 13:40:52 CST 2020)\"','192.168.137.1','2020-07-29 13:40:53','å†…ç½‘IP|0|0|å†…ç½‘IP|å†…ç½‘IP'),(1114,'MrBird','æ–°å¢èœå•/æŒ‰é’®',8,'cc.mrbird.febs.system.controller.MenuController.addMenu()',' menu: \"Menu(menuId=190, parentId=180, menuName=æ–°å¢è®¢å•, url=null, perms=order:create, icon=null, type=1, orderNum=null, createTime=Wed Jul 29 13:41:29 CST 2020, modifyTime=null)\"','192.168.137.1','2020-07-29 13:41:29','å†…ç½‘IP|0|0|å†…ç½‘IP|å†…ç½‘IP'),(1115,'MrBird','æ–°å¢èœå•/æŒ‰é’®',18,'cc.mrbird.febs.system.controller.MenuController.addMenu()',' menu: \"Menu(menuId=191, parentId=180, menuName=è´¢åŠ¡å®¡æ‰¹, url=null, perms=order:approve:accounting, icon=null, type=1, orderNum=null, createTime=Wed Jul 29 13:42:37 CST 2020, modifyTime=null)\"','192.168.137.1','2020-07-29 13:42:37','å†…ç½‘IP|0|0|å†…ç½‘IP|å†…ç½‘IP'),(1116,'MrBird','æ–°å¢èœå•/æŒ‰é’®',17,'cc.mrbird.febs.system.controller.MenuController.addMenu()',' menu: \"Menu(menuId=192, parentId=180, menuName=äº¤ä»˜å®¡æ‰¹, url=null, perms=order:approve:sales, icon=null, type=1, orderNum=null, createTime=Wed Jul 29 13:43:27 CST 2020, modifyTime=null)\"','192.168.137.1','2020-07-29 13:43:27','å†…ç½‘IP|0|0|å†…ç½‘IP|å†…ç½‘IP'),(1117,'MrBird','ä¿®æ”¹è§’è‰²',47,'cc.mrbird.febs.system.controller.RoleController.updateRole()',' role: \"Role(roleId=1, roleName=ç³»ç»Ÿç®¡ç†å‘˜, remark=ç³»ç»Ÿç®¡ç†å‘˜ï¼Œæ‹¥æœ‰æ‰€æœ‰æ“ä½œæƒé™ ^_^, createTime=null, modifyTime=Wed Jul 29 13:43:49 CST 2020, menuIds=179,186,187,188,180,189,190,191,192,181,182,1,3,13,161,11,12,160,4,162,14,15,16,5,163,17,18,19,6,164,20,21,22,2,8,23,10,24,170,136,171,172,127,128,129,131,175,101,102,103,104,105,106,107,108,173,109,110,174,137,138,165,139,166,115,132,133,135,134,126,159,116,117,119,120,121,122,123,118,125,167,168,169,178)\"','192.168.137.1','2020-07-29 13:43:50','å†…ç½‘IP|0|0|å†…ç½‘IP|å†…ç½‘IP'),(1118,'MrBird','ä¿®æ”¹èœå•/æŒ‰é’®',16,'cc.mrbird.febs.system.controller.MenuController.updateMenu()',' menu: \"Menu(menuId=187, parentId=186, menuName=æ–°å¢è½¦è¾†, url=/system/vehicle/create, perms=vehicle:create, icon=, type=0, orderNum=1, createTime=null, modifyTime=Wed Jul 29 13:45:50 CST 2020)\"','192.168.137.1','2020-07-29 13:45:50','å†…ç½‘IP|0|0|å†…ç½‘IP|å†…ç½‘IP'),(1119,'MrBird','ä¿®æ”¹èœå•/æŒ‰é’®',9,'cc.mrbird.febs.system.controller.MenuController.updateMenu()',' menu: \"Menu(menuId=188, parentId=186, menuName=ä¿å…»è½¦è¾†, url=/system/vehicle/maintenance, perms=vehicle:maintenance, icon=, type=0, orderNum=3, createTime=null, modifyTime=Wed Jul 29 13:45:58 CST 2020)\"','192.168.137.1','2020-07-29 13:45:59','å†…ç½‘IP|0|0|å†…ç½‘IP|å†…ç½‘IP'),(1120,'MrBird','æ–°å¢èœå•/æŒ‰é’®',6,'cc.mrbird.febs.system.controller.MenuController.addMenu()',' menu: \"Menu(menuId=193, parentId=186, menuName=å‡ºå”®è½¦è¾†, url=, perms=vehicle:sale, icon=, type=0, orderNum=2, createTime=Wed Jul 29 13:46:34 CST 2020, modifyTime=null)\"','192.168.137.1','2020-07-29 13:46:35','å†…ç½‘IP|0|0|å†…ç½‘IP|å†…ç½‘IP'),(1121,'MrBird','åˆ é™¤èœå•/æŒ‰é’®',24,'cc.mrbird.febs.system.controller.MenuController.deleteMenus()',' menuIds: \"187\"','192.168.137.1','2020-07-29 13:49:06','å†…ç½‘IP|0|0|å†…ç½‘IP|å†…ç½‘IP'),(1122,'MrBird','æ–°å¢èœå•/æŒ‰é’®',6,'cc.mrbird.febs.system.controller.MenuController.addMenu()',' menu: \"Menu(menuId=194, parentId=186, menuName=æ–°å¢è½¦è¾†, url=null, perms=vehicle:create, icon=null, type=1, orderNum=null, createTime=Wed Jul 29 13:49:27 CST 2020, modifyTime=null)\"','192.168.137.1','2020-07-29 13:49:28','å†…ç½‘IP|0|0|å†…ç½‘IP|å†…ç½‘IP'),(1123,'MrBird','ä¿®æ”¹è§’è‰²',54,'cc.mrbird.febs.system.controller.RoleController.updateRole()',' role: \"Role(roleId=1, roleName=ç³»ç»Ÿç®¡ç†å‘˜, remark=ç³»ç»Ÿç®¡ç†å‘˜ï¼Œæ‹¥æœ‰æ‰€æœ‰æ“ä½œæƒé™ ^_^, createTime=null, modifyTime=Wed Jul 29 13:49:50 CST 2020, menuIds=179,186,187,188,180,189,190,191,192,181,182,1,3,13,161,11,12,160,4,162,14,15,16,5,163,17,18,19,6,164,20,21,22,2,8,23,10,24,170,136,171,172,127,128,129,131,175,101,102,103,104,105,106,107,108,173,109,110,174,137,138,165,139,166,115,132,133,135,134,126,159,116,117,119,120,121,122,123,118,125,167,168,169,178)\"','192.168.137.1','2020-07-29 13:49:50','å†…ç½‘IP|0|0|å†…ç½‘IP|å†…ç½‘IP'),(1124,'MrBird','ä¿®æ”¹è§’è‰²',47,'cc.mrbird.febs.system.controller.RoleController.updateRole()',' role: \"Role(roleId=1, roleName=ç³»ç»Ÿç®¡ç†å‘˜, remark=ç³»ç»Ÿç®¡ç†å‘˜ï¼Œæ‹¥æœ‰æ‰€æœ‰æ“ä½œæƒé™ ^_^, createTime=null, modifyTime=Wed Jul 29 13:50:13 CST 2020, menuIds=179,186,194,193,188,180,189,190,191,192,181,182,1,3,13,160,161,11,12,4,162,14,15,16,5,163,17,18,19,6,164,20,21,22,2,8,23,10,24,170,136,171,172,127,128,129,131,175,101,102,103,104,105,106,107,108,173,109,110,174,137,138,165,139,166,115,132,133,135,134,126,159,116,117,119,120,121,122,123,118,125,167,168,169,178)\"','192.168.137.1','2020-07-29 13:50:13','å†…ç½‘IP|0|0|å†…ç½‘IP|å†…ç½‘IP'),(1125,'MrBird','æ–°å¢èœå•/æŒ‰é’®',17,'cc.mrbird.febs.system.controller.MenuController.addMenu()',' menu: \"Menu(menuId=195, parentId=180, menuName=ä¿®æ”¹è®¢å•, url=null, perms=order:update, icon=null, type=1, orderNum=null, createTime=Wed Jul 29 13:57:58 CST 2020, modifyTime=null)\"','192.168.137.1','2020-07-29 13:57:59','å†…ç½‘IP|0|0|å†…ç½‘IP|å†…ç½‘IP'),(1126,'MrBird','ä¿®æ”¹èœå•/æŒ‰é’®',15,'cc.mrbird.febs.system.controller.MenuController.updateMenu()',' menu: \"Menu(menuId=195, parentId=180, menuName=ä¿®æ”¹è®¢å•, url=null, perms=order:approve, icon=null, type=1, orderNum=null, createTime=null, modifyTime=Wed Jul 29 13:58:43 CST 2020)\"','192.168.137.1','2020-07-29 13:58:43','å†…ç½‘IP|0|0|å†…ç½‘IP|å†…ç½‘IP'),(1127,'MrBird','åˆ é™¤èœå•/æŒ‰é’®',46,'cc.mrbird.febs.system.controller.MenuController.deleteMenus()',' menuIds: \"179,195\"','192.168.137.1','2020-07-29 13:59:36','å†…ç½‘IP|0|0|å†…ç½‘IP|å†…ç½‘IP'),(1128,'MrBird','æ–°å¢èœå•/æŒ‰é’®',9,'cc.mrbird.febs.system.controller.MenuController.addMenu()',' menu: \"Menu(menuId=196, parentId=0, menuName=å…¬å¸ç®¡ç†, url=, perms=, icon=layui-icon-home, type=0, orderNum=null, createTime=Wed Jul 29 14:01:31 CST 2020, modifyTime=null)\"','192.168.137.1','2020-07-29 14:01:32','å†…ç½‘IP|0|0|å†…ç½‘IP|å†…ç½‘IP'),(1129,'MrBird','æ–°å¢èœå•/æŒ‰é’®',15,'cc.mrbird.febs.system.controller.MenuController.addMenu()',' menu: \"Menu(menuId=197, parentId=196, menuName=è®¢å•ç®¡ç†, url=/system/order/, perms=order:view, icon=layui-icon-filedone, type=0, orderNum=1, createTime=Wed Jul 29 14:02:14 CST 2020, modifyTime=null)\"','192.168.137.1','2020-07-29 14:02:14','å†…ç½‘IP|0|0|å†…ç½‘IP|å†…ç½‘IP'),(1130,'MrBird','æ–°å¢èœå•/æŒ‰é’®',7,'cc.mrbird.febs.system.controller.MenuController.addMenu()',' menu: \"Menu(menuId=198, parentId=197, menuName=æ–°å¢è®¢å•, url=null, perms=order:create, icon=null, type=1, orderNum=null, createTime=Wed Jul 29 14:02:35 CST 2020, modifyTime=null)\"','192.168.137.1','2020-07-29 14:02:35','å†…ç½‘IP|0|0|å†…ç½‘IP|å†…ç½‘IP'),(1131,'MrBird','æ–°å¢èœå•/æŒ‰é’®',13,'cc.mrbird.febs.system.controller.MenuController.addMenu()',' menu: \"Menu(menuId=199, parentId=197, menuName=ç»ç†å®¡æ‰¹, url=null, perms=order:approve:manager, icon=null, type=1, orderNum=null, createTime=Wed Jul 29 14:04:16 CST 2020, modifyTime=null)\"','192.168.137.1','2020-07-29 14:04:17','å†…ç½‘IP|0|0|å†…ç½‘IP|å†…ç½‘IP'),(1132,'MrBird','æ–°å¢èœå•/æŒ‰é’®',21,'cc.mrbird.febs.system.controller.MenuController.addMenu()',' menu: \"Menu(menuId=200, parentId=197, menuName=è´¢åŠ¡å®¡æ‰¹, url=null, perms=order:approve:accounting, icon=null, type=1, orderNum=null, createTime=Wed Jul 29 14:04:43 CST 2020, modifyTime=null)\"','192.168.137.1','2020-07-29 14:04:43','å†…ç½‘IP|0|0|å†…ç½‘IP|å†…ç½‘IP'),(1133,'MrBird','æ–°å¢èœå•/æŒ‰é’®',17,'cc.mrbird.febs.system.controller.MenuController.addMenu()',' menu: \"Menu(menuId=201, parentId=197, menuName=äº¤ä»˜å®¡æ‰¹, url=null, perms=order:approve:sales, icon=null, type=1, orderNum=null, createTime=Wed Jul 29 14:05:10 CST 2020, modifyTime=null)\"','192.168.137.1','2020-07-29 14:05:10','å†…ç½‘IP|0|0|å†…ç½‘IP|å†…ç½‘IP'),(1134,'MrBird','æ–°å¢èœå•/æŒ‰é’®',16,'cc.mrbird.febs.system.controller.MenuController.addMenu()',' menu: \"Menu(menuId=202, parentId=197, menuName=å½’æ¡£è®¢å•, url=null, perms=order:archive, icon=null, type=1, orderNum=null, createTime=Wed Jul 29 14:05:41 CST 2020, modifyTime=null)\"','192.168.137.1','2020-07-29 14:05:41','å†…ç½‘IP|0|0|å†…ç½‘IP|å†…ç½‘IP'),(1135,'MrBird','æ–°å¢èœå•/æŒ‰é’®',17,'cc.mrbird.febs.system.controller.MenuController.addMenu()',' menu: \"Menu(menuId=203, parentId=197, menuName=å®¡æ‰¹è®¢å•, url=/system/order/approve, perms=order:approve, icon=, type=0, orderNum=null, createTime=Wed Jul 29 14:06:47 CST 2020, modifyTime=null)\"','192.168.137.1','2020-07-29 14:06:48','å†…ç½‘IP|0|0|å†…ç½‘IP|å†…ç½‘IP'),(1136,'MrBird','æ–°å¢èœå•/æŒ‰é’®',8,'cc.mrbird.febs.system.controller.MenuController.addMenu()',' menu: \"Menu(menuId=204, parentId=197, menuName=å½’æ¡£è®¢å•, url=/system/order/archive, perms=order:archive, icon=, type=0, orderNum=null, createTime=Wed Jul 29 14:07:38 CST 2020, modifyTime=null)\"','192.168.137.1','2020-07-29 14:07:38','å†…ç½‘IP|0|0|å†…ç½‘IP|å†…ç½‘IP'),(1137,'MrBird','åˆ é™¤èœå•/æŒ‰é’®',17,'cc.mrbird.febs.system.controller.MenuController.deleteMenus()',' menuIds: \"202\"','192.168.137.1','2020-07-29 14:07:53','å†…ç½‘IP|0|0|å†…ç½‘IP|å†…ç½‘IP'),(1138,'MrBird','æ–°å¢èœå•/æŒ‰é’®',18,'cc.mrbird.febs.system.controller.MenuController.addMenu()',' menu: \"Menu(menuId=205, parentId=196, menuName=è½¦è¾†ç®¡ç†, url=/system/vehicle, perms=vehicle:view, icon=layui-icon-car, type=0, orderNum=2, createTime=Wed Jul 29 14:09:46 CST 2020, modifyTime=null)\"','192.168.137.1','2020-07-29 14:09:46','å†…ç½‘IP|0|0|å†…ç½‘IP|å†…ç½‘IP'),(1139,'MrBird','æ–°å¢èœå•/æŒ‰é’®',16,'cc.mrbird.febs.system.controller.MenuController.addMenu()',' menu: \"Menu(menuId=206, parentId=205, menuName=æ–°å¢è½¦è¾†, url=null, perms=vehicle:create, icon=null, type=1, orderNum=null, createTime=Wed Jul 29 14:10:49 CST 2020, modifyTime=null)\"','192.168.137.1','2020-07-29 14:10:49','å†…ç½‘IP|0|0|å†…ç½‘IP|å†…ç½‘IP'),(1140,'MrBird','æ–°å¢èœå•/æŒ‰é’®',16,'cc.mrbird.febs.system.controller.MenuController.addMenu()',' menu: \"Menu(menuId=207, parentId=205, menuName=å‡ºå”®è½¦è¾†, url=null, perms=vehicle:sale, icon=null, type=1, orderNum=null, createTime=Wed Jul 29 14:11:20 CST 2020, modifyTime=null)\"','192.168.137.1','2020-07-29 14:11:20','å†…ç½‘IP|0|0|å†…ç½‘IP|å†…ç½‘IP'),(1141,'MrBird','æ–°å¢èœå•/æŒ‰é’®',16,'cc.mrbird.febs.system.controller.MenuController.addMenu()',' menu: \"Menu(menuId=208, parentId=205, menuName=ä¿å…»è½¦è¾†, url=null, perms=vehicle:maintenance, icon=null, type=1, orderNum=null, createTime=Wed Jul 29 14:12:54 CST 2020, modifyTime=null)\"','192.168.137.1','2020-07-29 14:12:54','å†…ç½‘IP|0|0|å†…ç½‘IP|å†…ç½‘IP'),(1142,'MrBird','ä¿®æ”¹è§’è‰²',49,'cc.mrbird.febs.system.controller.RoleController.updateRole()',' role: \"Role(roleId=1, roleName=ç³»ç»Ÿç®¡ç†å‘˜, remark=ç³»ç»Ÿç®¡ç†å‘˜ï¼Œæ‹¥æœ‰æ‰€æœ‰æ“ä½œæƒé™ ^_^, createTime=null, modifyTime=Wed Jul 29 14:13:24 CST 2020, menuIds=196,197,198,199,200,201,203,204,205,206,207,208,1,3,13,11,12,160,161,4,14,15,16,162,5,163,17,18,19,6,164,20,21,22,2,8,23,10,170,24,136,171,172,127,128,129,131,175,101,102,103,104,105,106,107,108,173,109,110,174,137,138,165,139,166,115,132,133,135,134,126,159,116,117,119,120,121,122,123,118,125,167,168,169,178)\"','192.168.137.1','2020-07-29 14:13:24','å†…ç½‘IP|0|0|å†…ç½‘IP|å†…ç½‘IP'),(1143,'MrBird','æ–°å¢è½¦è¾†',20,'cc.mrbird.febs.system.controller.VehicleController.createVehicle()',' vehicle: \"Vehicle(vehicleId=2, type=suv, color=é»‘è‰², deadWeight=1400, manufactureDate=Wed Jul 29 14:27:09 CST 2020, lowestPrice=190000, status=0, maintenanceTimes=10, manufactureDateFrom=null, manufactureDateTo=null)\"','192.168.137.1','2020-07-29 14:27:09','å†…ç½‘IP|0|0|å†…ç½‘IP|å†…ç½‘IP'),(1144,'MrBird','æ–°å¢è½¦è¾†',18,'cc.mrbird.febs.system.controller.VehicleController.createVehicle()',' vehicle: \"Vehicle(vehicleId=3, type=suv, color=å®è“, deadWeight=1600, manufactureDate=Wed Jul 29 14:31:32 CST 2020, lowestPrice=300000, status=0, maintenanceTimes=20, manufactureDateFrom=null, manufactureDateTo=null)\"','192.168.137.1','2020-07-29 14:31:32','å†…ç½‘IP|0|0|å†…ç½‘IP|å†…ç½‘IP'),(1145,'MrBird','ä¿®æ”¹èœå•/æŒ‰é’®',33,'cc.mrbird.febs.system.controller.MenuController.updateMenu()',' menu: \"Menu(menuId=207, parentId=205, menuName=ä¿®æ”¹æˆ–åˆ é™¤è½¦è¾†, url=null, perms=vehicle:modify, icon=null, type=1, orderNum=null, createTime=null, modifyTime=Wed Jul 29 15:03:50 CST 2020)\"','192.168.137.1','2020-07-29 15:03:50','å†…ç½‘IP|0|0|å†…ç½‘IP|å†…ç½‘IP'),(1146,'MrBird','æ–°å¢è½¦è¾†',47,'cc.mrbird.febs.system.controller.VehicleController.createVehicle()',' vehicle: \"Vehicle(vehicleId=4, type=å°å‹è½¦, color=ç™½è‰², deadWeight=1000, manufactureDate=Wed Jul 29 15:54:51 CST 2020, lowestPrice=30000, status=0, maintenanceTimes=5, manufactureDateFrom=null, manufactureDateTo=null)\"','192.168.137.1','2020-07-29 15:54:52','å†…ç½‘IP|0|0|å†…ç½‘IP|å†…ç½‘IP'),(1147,'MrBird','åˆ é™¤è½¦è¾†',44,'cc.mrbird.febs.system.controller.VehicleController.deleteVehicles()',' vehicleIds: \"1\"','192.168.137.1','2020-07-29 16:02:43','å†…ç½‘IP|0|0|å†…ç½‘IP|å†…ç½‘IP'),(1148,'MrBird','åˆ é™¤è½¦è¾†',1,'cc.mrbird.febs.system.controller.VehicleController.deleteVehicles()',' vehicleIds: \"1\"','192.168.137.1','2020-07-29 16:03:03','å†…ç½‘IP|0|0|å†…ç½‘IP|å†…ç½‘IP'),(1149,'MrBird','åˆ é™¤è½¦è¾†',3,'cc.mrbird.febs.system.controller.VehicleController.deleteVehicles()',' vehicleIds: \"3\"','192.168.137.1','2020-07-29 16:03:40','å†…ç½‘IP|0|0|å†…ç½‘IP|å†…ç½‘IP'),(1150,'MrBird','åˆ é™¤è½¦è¾†',8,'cc.mrbird.febs.system.controller.VehicleController.deleteVehicles()',' vehicleIds: \"2\"','192.168.137.1','2020-07-29 16:03:44','å†…ç½‘IP|0|0|å†…ç½‘IP|å†…ç½‘IP'),(1151,'MrBird','æ–°å¢èœå•/æŒ‰é’®',30,'cc.mrbird.febs.system.controller.MenuController.addMenu()',' menu: \"Menu(menuId=209, parentId=205, menuName=å‡ºå”®è½¦è¾†, url=null, perms=vehicle:sale, icon=null, type=1, orderNum=null, createTime=Wed Jul 29 16:38:21 CST 2020, modifyTime=null)\"','192.168.137.1','2020-07-29 16:38:21','å†…ç½‘IP|0|0|å†…ç½‘IP|å†…ç½‘IP'),(1152,'MrBird','ä¿®æ”¹è§’è‰²',105,'cc.mrbird.febs.system.controller.RoleController.updateRole()',' role: \"Role(roleId=1, roleName=ç³»ç»Ÿç®¡ç†å‘˜, remark=ç³»ç»Ÿç®¡ç†å‘˜ï¼Œæ‹¥æœ‰æ‰€æœ‰æ“ä½œæƒé™ ^_^, createTime=null, modifyTime=Wed Jul 29 16:38:34 CST 2020, menuIds=196,197,199,200,201,203,204,198,205,206,207,208,209,1,3,13,11,12,160,161,4,14,15,16,162,5,163,17,18,19,6,164,20,21,22,2,8,23,10,170,24,136,171,172,127,128,129,131,175,101,102,103,104,105,106,107,108,173,109,110,174,137,138,165,139,166,115,132,133,135,134,126,159,116,117,119,120,121,122,123,118,125,167,168,169,178)\"','192.168.137.1','2020-07-29 16:38:35','å†…ç½‘IP|0|0|å†…ç½‘IP|å†…ç½‘IP'),(1153,'MrBird','å‡ºå”®è½¦è¾†',44,'cc.mrbird.febs.system.controller.VehicleController.saleVehicles()',' vehicleIds: \"1\"','192.168.137.1','2020-07-29 16:38:52','å†…ç½‘IP|0|0|å†…ç½‘IP|å†…ç½‘IP'),(1154,'MrBird','ä¿å…»è½¦è¾†',27,'cc.mrbird.febs.system.controller.VehicleController.maintenanceVehicles()',' vehicleIds: \"1\"','192.168.137.1','2020-07-29 16:39:02','å†…ç½‘IP|0|0|å†…ç½‘IP|å†…ç½‘IP'),(1155,'MrBird','åˆ é™¤è½¦è¾†',21,'cc.mrbird.febs.system.controller.VehicleController.deleteVehicles()',' vehicleId: \"4\"','192.168.137.1','2020-07-29 16:39:15','å†…ç½‘IP|0|0|å†…ç½‘IP|å†…ç½‘IP'),(1156,'MrBird','æ–°å¢èœå•/æŒ‰é’®',70,'cc.mrbird.febs.system.controller.MenuController.addMenu()',' menu: \"Menu(menuId=210, parentId=205, menuName=å‡ºå”®è½¦è¾†, url=system/vehicle/sale, perms=, icon=, type=0, orderNum=null, createTime=Wed Jul 29 17:01:48 CST 2020, modifyTime=null)\"','192.168.137.1','2020-07-29 17:01:49','å†…ç½‘IP|0|0|å†…ç½‘IP|å†…ç½‘IP'),(1157,'MrBird','æ–°å¢èœå•/æŒ‰é’®',11,'cc.mrbird.febs.system.controller.MenuController.addMenu()',' menu: \"Menu(menuId=211, parentId=205, menuName=ä¿å…»è½¦è¾†, url=system/vehicle/maintenance, perms=, icon=, type=0, orderNum=null, createTime=Wed Jul 29 17:02:17 CST 2020, modifyTime=null)\"','192.168.137.1','2020-07-29 17:02:18','å†…ç½‘IP|0|0|å†…ç½‘IP|å†…ç½‘IP'),(1158,'MrBird','ä¿®æ”¹èœå•/æŒ‰é’®',26,'cc.mrbird.febs.system.controller.MenuController.updateMenu()',' menu: \"Menu(menuId=210, parentId=205, menuName=å‡ºå”®è½¦è¾†, url=/system/vehicle/sale, perms=, icon=, type=0, orderNum=null, createTime=null, modifyTime=Wed Jul 29 17:02:32 CST 2020)\"','192.168.137.1','2020-07-29 17:02:33','å†…ç½‘IP|0|0|å†…ç½‘IP|å†…ç½‘IP'),(1159,'MrBird','åˆ é™¤èœå•/æŒ‰é’®',31,'cc.mrbird.febs.system.controller.MenuController.deleteMenus()',' menuIds: \"209\"','192.168.137.1','2020-07-29 17:02:45','å†…ç½‘IP|0|0|å†…ç½‘IP|å†…ç½‘IP'),(1160,'MrBird','ä¿®æ”¹èœå•/æŒ‰é’®',10,'cc.mrbird.febs.system.controller.MenuController.updateMenu()',' menu: \"Menu(menuId=210, parentId=205, menuName=å‡ºå”®è½¦è¾†, url=/system/vehicle/sale, perms=vehicle:sale, icon=, type=0, orderNum=1, createTime=null, modifyTime=Wed Jul 29 17:02:52 CST 2020)\"','192.168.137.1','2020-07-29 17:02:53','å†…ç½‘IP|0|0|å†…ç½‘IP|å†…ç½‘IP'),(1161,'MrBird','åˆ é™¤èœå•/æŒ‰é’®',16,'cc.mrbird.febs.system.controller.MenuController.deleteMenus()',' menuIds: \"208\"','192.168.137.1','2020-07-29 17:03:09','å†…ç½‘IP|0|0|å†…ç½‘IP|å†…ç½‘IP'),(1162,'MrBird','ä¿®æ”¹èœå•/æŒ‰é’®',16,'cc.mrbird.febs.system.controller.MenuController.updateMenu()',' menu: \"Menu(menuId=211, parentId=205, menuName=ä¿å…»è½¦è¾†, url=system/vehicle/maintenance, perms=vehicle:maintenance, icon=, type=0, orderNum=2, createTime=null, modifyTime=Wed Jul 29 17:03:21 CST 2020)\"','192.168.137.1','2020-07-29 17:03:21','å†…ç½‘IP|0|0|å†…ç½‘IP|å†…ç½‘IP'),(1163,'MrBird','ä¿®æ”¹è§’è‰²',78,'cc.mrbird.febs.system.controller.RoleController.updateRole()',' role: \"Role(roleId=1, roleName=ç³»ç»Ÿç®¡ç†å‘˜, remark=ç³»ç»Ÿç®¡ç†å‘˜ï¼Œæ‹¥æœ‰æ‰€æœ‰æ“ä½œæƒé™ ^_^, createTime=null, modifyTime=Wed Jul 29 17:03:49 CST 2020, menuIds=196,197,199,200,201,203,204,198,205,206,207,210,211,1,3,13,161,11,12,160,4,162,14,15,16,5,163,17,18,19,6,164,20,21,22,2,8,23,10,24,170,136,171,172,127,128,129,131,175,101,102,103,104,105,106,107,108,173,109,110,174,137,138,165,139,166,115,132,133,135,134,126,159,116,117,119,120,121,122,123,118,125,167,168,169,178)\"','192.168.137.1','2020-07-29 17:03:49','å†…ç½‘IP|0|0|å†…ç½‘IP|å†…ç½‘IP'),(1164,'MrBird','å‡ºå”®è½¦è¾†',17,'cc.mrbird.febs.system.controller.VehicleController.saleVehicles()',' vehicleIds: \"2\"','192.168.137.1','2020-07-29 17:10:50','å†…ç½‘IP|0|0|å†…ç½‘IP|å†…ç½‘IP'),(1165,'MrBird','å‡ºå”®è½¦è¾†',31,'cc.mrbird.febs.system.controller.VehicleController.saleVehicles()',' vehicleIds: \"1,2,3\"','192.168.137.1','2020-07-29 17:14:54','å†…ç½‘IP|0|0|å†…ç½‘IP|å†…ç½‘IP'),(1166,'MrBird','ä¿®æ”¹èœå•/æŒ‰é’®',17,'cc.mrbird.febs.system.controller.MenuController.updateMenu()',' menu: \"Menu(menuId=211, parentId=205, menuName=ä¿å…»è½¦è¾†, url=/system/vehicle/maintenance, perms=vehicle:maintenance, icon=, type=0, orderNum=2, createTime=null, modifyTime=Wed Jul 29 17:16:47 CST 2020)\"','192.168.137.1','2020-07-29 17:16:48','å†…ç½‘IP|0|0|å†…ç½‘IP|å†…ç½‘IP'),(1167,'MrBird','ä¿å…»è½¦è¾†',28,'cc.mrbird.febs.system.controller.VehicleController.maintenanceVehicles()',' vehicleIds: \"1\"','192.168.137.1','2020-07-29 17:16:58','å†…ç½‘IP|0|0|å†…ç½‘IP|å†…ç½‘IP'),(1168,'MrBird','ä¿å…»è½¦è¾†',41,'cc.mrbird.febs.system.controller.VehicleController.maintenanceVehicles()',' vehicleIds: \"1,2,3\"','192.168.137.1','2020-07-29 17:17:03','å†…ç½‘IP|0|0|å†…ç½‘IP|å†…ç½‘IP'),(1169,'MrBird','æ–°å¢èœå•/æŒ‰é’®',31,'cc.mrbird.febs.system.controller.MenuController.addMenu()',' menu: \"Menu(menuId=212, parentId=196, menuName=å®¢æˆ·ç®¡ç†, url=/system/customer/, perms=customer:view, icon=layui-icon-team, type=0, orderNum=3, createTime=Wed Jul 29 22:37:50 CST 2020, modifyTime=null)\"','192.168.137.1','2020-07-29 22:37:50','å†…ç½‘IP|0|0|å†…ç½‘IP|å†…ç½‘IP'),(1170,'MrBird','æ–°å¢èœå•/æŒ‰é’®',18,'cc.mrbird.febs.system.controller.MenuController.addMenu()',' menu: \"Menu(menuId=213, parentId=212, menuName=æ–°å¢å®¢æˆ·, url=null, perms=customer:create, icon=null, type=1, orderNum=null, createTime=Wed Jul 29 22:38:45 CST 2020, modifyTime=null)\"','192.168.137.1','2020-07-29 22:38:45','å†…ç½‘IP|0|0|å†…ç½‘IP|å†…ç½‘IP'),(1171,'MrBird','æ–°å¢èœå•/æŒ‰é’®',20,'cc.mrbird.febs.system.controller.MenuController.addMenu()',' menu: \"Menu(menuId=214, parentId=212, menuName=ä¿®æ”¹ç”¨æˆ·, url=null, perms=customer:update, icon=null, type=1, orderNum=null, createTime=Wed Jul 29 22:39:20 CST 2020, modifyTime=null)\"','192.168.137.1','2020-07-29 22:39:20','å†…ç½‘IP|0|0|å†…ç½‘IP|å†…ç½‘IP'),(1172,'MrBird','æ–°å¢èœå•/æŒ‰é’®',18,'cc.mrbird.febs.system.controller.MenuController.addMenu()',' menu: \"Menu(menuId=215, parentId=212, menuName=åˆ é™¤å®¢æˆ·, url=null, perms=customer:delete, icon=null, type=1, orderNum=null, createTime=Wed Jul 29 22:40:15 CST 2020, modifyTime=null)\"','192.168.137.1','2020-07-29 22:40:16','å†…ç½‘IP|0|0|å†…ç½‘IP|å†…ç½‘IP'),(1173,'MrBird','ä¿®æ”¹è§’è‰²',77,'cc.mrbird.febs.system.controller.RoleController.updateRole()',' role: \"Role(roleId=1, roleName=ç³»ç»Ÿç®¡ç†å‘˜, remark=ç³»ç»Ÿç®¡ç†å‘˜ï¼Œæ‹¥æœ‰æ‰€æœ‰æ“ä½œæƒé™ ^_^, createTime=null, modifyTime=Wed Jul 29 22:40:28 CST 2020, menuIds=196,197,203,200,199,198,201,204,205,206,207,210,211,212,213,214,215,1,3,11,12,13,161,160,4,14,162,15,16,5,163,17,18,19,6,20,21,22,164,2,8,23,10,24,170,136,172,171,127,128,129,131,175,101,102,103,104,105,106,107,108,173,109,174,110,137,138,165,139,166,115,132,133,135,134,126,159,116,117,119,120,121,122,123,118,125,169,168,167,178)\"','192.168.137.1','2020-07-29 22:40:29','å†…ç½‘IP|0|0|å†…ç½‘IP|å†…ç½‘IP'),(1174,'MrBird','æ–°å¢å®¢æˆ·',89,'cc.mrbird.febs.system.controller.CustomerController.createCustomer()',' customer: \"Customer(customerId=1, name=å¼ ä¸‰, gender=0, phone=15533334444, purchasingDate=Wed Jul 29 13:44:11 CST 2020, vehicleId=11, purchasingDateFrom=null, purchasingDateTo=null)\"','192.168.137.1','2020-07-29 23:19:39','å†…ç½‘IP|0|0|å†…ç½‘IP|å†…ç½‘IP'),(1175,'MrBird','æ–°å¢å®¢æˆ·',12,'cc.mrbird.febs.system.controller.CustomerController.createCustomer()',' customer: \"Customer(customerId=2, name=æå››, gender=1, phone=12333335555, purchasingDate=Wed Jul 29 12:33:16 CST 2020, vehicleId=22, purchasingDateFrom=null, purchasingDateTo=null)\"','192.168.137.1','2020-07-29 23:25:56','å†…ç½‘IP|0|0|å†…ç½‘IP|å†…ç½‘IP'),(1176,'MrBird','æ–°å¢å®¢æˆ·',12,'cc.mrbird.febs.system.controller.CustomerController.createCustomer()',' customer: \"Customer(customerId=3, name=ç‹äº”, gender=0, phone=12654789632, purchasingDate=Sat Jul 11 12:00:00 CST 2020, vehicleId=22, purchasingDateFrom=null, purchasingDateTo=null)\"','192.168.137.1','2020-07-29 23:27:30','å†…ç½‘IP|0|0|å†…ç½‘IP|å†…ç½‘IP'),(1177,'MrBird','æ–°å¢è½¦è¾†',50,'cc.mrbird.febs.system.controller.VehicleController.createVehicle()',' vehicle: \"Vehicle(vehicleId=5, type=å°å‹è½¦, color=ç™½è‰², deadWeight=10000, manufactureDate=Wed Jul 29 23:32:21 CST 2020, lowestPrice=40000, status=0, maintenanceTimes=6, manufactureDateFrom=null, manufactureDateTo=null)\"','192.168.137.1','2020-07-29 23:32:21','å†…ç½‘IP|0|0|å†…ç½‘IP|å†…ç½‘IP'),(1178,'MrBird','åˆ é™¤å®¢æˆ·',58,'cc.mrbird.febs.system.controller.CustomerController.deleteCustomers()',' customerIds: \"2\"','192.168.137.1','2020-07-29 23:54:54','å†…ç½‘IP|0|0|å†…ç½‘IP|å†…ç½‘IP'),(1179,'MrBird','åˆ é™¤å®¢æˆ·',12,'cc.mrbird.febs.system.controller.CustomerController.deleteCustomers()',' customerIds: \"1,3\"','192.168.137.1','2020-07-29 23:56:22','å†…ç½‘IP|0|0|å†…ç½‘IP|å†…ç½‘IP'),(1180,'MrBird','æ–°å¢å®¢æˆ·',11,'cc.mrbird.febs.system.controller.CustomerController.createCustomer()',' customer: \"Customer(customerId=4, name=å¼ ä¸‰, gender=0, phone=15322223333, purchasingDate=Wed Jul 29 11:11:11 CST 2020, vehicleId=22, purchasingDateFrom=null, purchasingDateTo=null)\"','192.168.137.1','2020-07-29 23:56:54','å†…ç½‘IP|0|0|å†…ç½‘IP|å†…ç½‘IP'),(1181,'MrBird','ä¿®æ”¹èœå•/æŒ‰é’®',21,'cc.mrbird.febs.system.controller.MenuController.updateMenu()',' menu: \"Menu(menuId=214, parentId=212, menuName=ä¿®æ”¹å®¢æˆ·, url=null, perms=customer:update, icon=null, type=1, orderNum=null, createTime=null, modifyTime=Wed Jul 29 23:57:51 CST 2020)\"','192.168.137.1','2020-07-29 23:57:52','å†…ç½‘IP|0|0|å†…ç½‘IP|å†…ç½‘IP'),(1182,'MrBird','ä¿®æ”¹å®¢æˆ·',44,'cc.mrbird.febs.system.controller.CustomerController.updateCustomer()',' customer: \"Customer(customerId=4, name=å¼ ä¸‰, gender=null, phone=15322223334, purchasingDate=null, vehicleId=22, purchasingDateFrom=null, purchasingDateTo=null)\"','192.168.137.1','2020-07-30 00:09:40','å†…ç½‘IP|0|0|å†…ç½‘IP|å†…ç½‘IP'),(1183,'MrBird','ä¿®æ”¹å®¢æˆ·',7,'cc.mrbird.febs.system.controller.CustomerController.updateCustomer()',' customer: \"Customer(customerId=4, name=å¼ ä¸‰, gender=null, phone=15322223334, purchasingDate=null, vehicleId=22, purchasingDateFrom=null, purchasingDateTo=null)\"','192.168.137.1','2020-07-30 00:09:53','å†…ç½‘IP|0|0|å†…ç½‘IP|å†…ç½‘IP'),(1184,'MrBird','æ–°å¢å®¢æˆ·',55,'cc.mrbird.febs.system.controller.CustomerController.createCustomer()',' customer: \"Customer(customerId=5, name=ç‹äº”, gender=0, phone=12345678900, purchasingDate=Thu Jul 30 10:00:03 CST 2020, vehicleId=22, purchasingDateFrom=null, purchasingDateTo=null)\"','192.168.137.1','2020-07-30 00:15:22','å†…ç½‘IP|0|0|å†…ç½‘IP|å†…ç½‘IP'),(1185,'MrBird','ä¿®æ”¹å®¢æˆ·',20,'cc.mrbird.febs.system.controller.CustomerController.updateCustomer()',' customer: \"Customer(customerId=5, name=ç‹äº”, gender=null, phone=12345678901, purchasingDate=null, vehicleId=22, purchasingDateFrom=null, purchasingDateTo=null)\"','192.168.137.1','2020-07-30 00:15:40','å†…ç½‘IP|0|0|å†…ç½‘IP|å†…ç½‘IP'),(1186,'MrBird','åˆ é™¤å®¢æˆ·',18,'cc.mrbird.febs.system.controller.CustomerController.deleteCustomers()',' customerIds: \"5\"','192.168.137.1','2020-07-30 00:15:44','å†…ç½‘IP|0|0|å†…ç½‘IP|å†…ç½‘IP'),(1187,'MrBird','ä¿®æ”¹è®¢å•',56,'cc.mrbird.febs.system.controller.OrderController.updateOrder()',' order: \"Order(orderId=2, salesId=13, customerName=lisi, customerPhone=12345678911, vehicleId=11, price=202222, createTime=null, status=null, createTimeFrom=null, createTimeTo=null)\"','192.168.137.1','2020-07-30 09:08:07','å†…ç½‘IP|0|0|å†…ç½‘IP|å†…ç½‘IP'),(1188,'MrBird','ä¿®æ”¹è§’è‰²',88,'cc.mrbird.febs.system.controller.RoleController.updateRole()',' role: \"Role(roleId=1, roleName=ç³»ç»Ÿç®¡ç†å‘˜, remark=ç³»ç»Ÿç®¡ç†å‘˜ï¼Œæ‹¥æœ‰æ‰€æœ‰æ“ä½œæƒé™ ^_^, createTime=null, modifyTime=Thu Jul 30 09:16:14 CST 2020, menuIds=196,197,203,200,199,198,201,204,205,206,207,210,211,212,213,215,1,3,11,12,13,161,160,4,14,162,15,16,5,163,17,18,19,6,20,21,22,164,2,8,23,10,24,170,136,172,171,127,128,129,131,175,101,102,103,104,105,106,107,108,173,109,174,110,137,138,165,139,166,115,132,133,135,134,126,159,116,117,119,120,121,122,123,118,125,169,168,167,178)\"','192.168.137.1','2020-07-30 09:16:15','å†…ç½‘IP|0|0|å†…ç½‘IP|å†…ç½‘IP'),(1189,'MrBird','ä¿®æ”¹è§’è‰²',64,'cc.mrbird.febs.system.controller.RoleController.updateRole()',' role: \"Role(roleId=1, roleName=ç³»ç»Ÿç®¡ç†å‘˜, remark=ç³»ç»Ÿç®¡ç†å‘˜ï¼Œæ‹¥æœ‰æ‰€æœ‰æ“ä½œæƒé™ ^_^, createTime=null, modifyTime=Thu Jul 30 09:26:33 CST 2020, menuIds=196,197,203,200,199,198,201,204,205,206,207,210,211,212,213,214,215,1,3,11,12,13,161,160,4,14,162,15,16,5,163,17,18,19,6,20,21,22,164,2,8,23,10,24,170,136,172,171,127,128,129,131,175,101,102,103,104,105,106,107,108,173,109,174,110,137,138,165,139,166,115,132,133,135,134,126,159,116,117,119,120,121,122,123,118,125,169,168,167,178)\"','192.168.137.1','2020-07-30 09:26:33','å†…ç½‘IP|0|0|å†…ç½‘IP|å†…ç½‘IP'),(1190,'MrBird','ä¿å…»è½¦è¾†',83,'cc.mrbird.febs.system.controller.VehicleController.maintenanceVehicles()',' vehicleIds: \"3\"','192.168.137.1','2020-07-30 09:55:45','å†…ç½‘IP|0|0|å†…ç½‘IP|å†…ç½‘IP'),(1191,'MrBird','å‡ºå”®è½¦è¾†',23,'cc.mrbird.febs.system.controller.VehicleController.saleVehicles()',' vehicleIds: \"1\"','192.168.137.1','2020-07-30 10:00:15','å†…ç½‘IP|0|0|å†…ç½‘IP|å†…ç½‘IP'),(1192,'MrBird','å‡ºå”®è½¦è¾†',19,'cc.mrbird.febs.system.controller.VehicleController.saleVehicles()',' vehicleIds: \"2\"','192.168.137.1','2020-07-30 10:00:18','å†…ç½‘IP|0|0|å†…ç½‘IP|å†…ç½‘IP'),(1193,'MrBird','å‡ºå”®è½¦è¾†',21,'cc.mrbird.febs.system.controller.VehicleController.saleVehicles()',' vehicleIds: \"5\"','192.168.137.1','2020-07-30 10:00:21','å†…ç½‘IP|0|0|å†…ç½‘IP|å†…ç½‘IP'),(1194,'MrBird','å½’æ¡£è®¢å•',76,'cc.mrbird.febs.system.controller.OrderController.archiveOrder()',' orderIds: \"4\"','192.168.137.1','2020-07-30 10:08:21','å†…ç½‘IP|0|0|å†…ç½‘IP|å†…ç½‘IP'),(1195,'MrBird','ä¿®æ”¹è§’è‰²',41,'cc.mrbird.febs.system.controller.RoleController.updateRole()',' role: \"Role(roleId=81, roleName=é”€å”®äººå‘˜, remark=è½¦è¾†é”€å”®, createTime=null, modifyTime=Thu Jul 30 11:41:11 CST 2020, menuIds=196,197,198,201,205,210,211,212,213)\"','192.168.137.1','2020-07-30 11:41:11','å†…ç½‘IP|0|0|å†…ç½‘IP|å†…ç½‘IP'),(1196,'MrBird','ä¿®æ”¹è§’è‰²',65,'cc.mrbird.febs.system.controller.RoleController.updateRole()',' role: \"Role(roleId=1, roleName=ç³»ç»Ÿç®¡ç†å‘˜, remark=ç³»ç»Ÿç®¡ç†å‘˜ï¼Œæ‹¥æœ‰æ‰€æœ‰æ“ä½œæƒé™ ^_^, createTime=null, modifyTime=Thu Jul 30 11:51:50 CST 2020, menuIds=196,197,203,200,199,198,201,204,205,206,207,210,212,213,214,215,1,3,11,12,13,161,160,4,14,162,15,16,5,163,17,18,19,6,20,21,22,164,2,8,23,10,24,170,136,172,171,127,128,129,131,175,101,102,103,104,105,106,107,108,173,109,174,110,137,138,165,139,166,115,132,133,135,134,126,159,116,117,119,120,121,122,123,118,125,169,168,167,178)\"','192.168.137.1','2020-07-30 11:51:51','å†…ç½‘IP|0|0|å†…ç½‘IP|å†…ç½‘IP'),(1197,'MrBird','ä¿®æ”¹è§’è‰²',57,'cc.mrbird.febs.system.controller.RoleController.updateRole()',' role: \"Role(roleId=1, roleName=ç³»ç»Ÿç®¡ç†å‘˜, remark=ç³»ç»Ÿç®¡ç†å‘˜ï¼Œæ‹¥æœ‰æ‰€æœ‰æ“ä½œæƒé™ ^_^, createTime=null, modifyTime=Thu Jul 30 11:52:45 CST 2020, menuIds=196,197,203,200,199,198,201,204,205,206,207,210,211,212,213,214,215,1,3,11,12,13,161,160,4,14,162,15,16,5,163,17,18,19,6,20,21,22,164,2,8,23,10,24,170,136,172,171,127,128,129,131,175,101,102,103,104,105,106,107,108,173,109,174,110,137,138,165,139,166,115,132,133,135,134,126,159,116,117,119,120,121,122,123,118,125,169,168,167,178)\"','192.168.137.1','2020-07-30 11:52:46','å†…ç½‘IP|0|0|å†…ç½‘IP|å†…ç½‘IP'),(1198,'MrBird','æ–°å¢èœå•/æŒ‰é’®',18,'cc.mrbird.febs.system.controller.MenuController.addMenu()',' menu: \"Menu(menuId=216, parentId=205, menuName=ä¿å…»æŒ‰é’®, url=null, perms=, icon=null, type=1, orderNum=null, createTime=Thu Jul 30 11:54:13 CST 2020, modifyTime=null)\"','192.168.137.1','2020-07-30 11:54:14','å†…ç½‘IP|0|0|å†…ç½‘IP|å†…ç½‘IP'),(1199,'MrBird','ä¿®æ”¹èœå•/æŒ‰é’®',19,'cc.mrbird.febs.system.controller.MenuController.updateMenu()',' menu: \"Menu(menuId=216, parentId=205, menuName=ä¿å…»æŒ‰é’®, url=null, perms=vehicle:maintenance, icon=null, type=1, orderNum=null, createTime=null, modifyTime=Thu Jul 30 11:54:30 CST 2020)\"','192.168.137.1','2020-07-30 11:54:30','å†…ç½‘IP|0|0|å†…ç½‘IP|å†…ç½‘IP'),(1200,'MrBird','ä¿®æ”¹è§’è‰²',64,'cc.mrbird.febs.system.controller.RoleController.updateRole()',' role: \"Role(roleId=1, roleName=ç³»ç»Ÿç®¡ç†å‘˜, remark=ç³»ç»Ÿç®¡ç†å‘˜ï¼Œæ‹¥æœ‰æ‰€æœ‰æ“ä½œæƒé™ ^_^, createTime=null, modifyTime=Thu Jul 30 11:54:43 CST 2020, menuIds=196,197,201,200,199,198,203,204,205,206,207,216,210,211,212,213,214,215,1,3,11,12,13,161,160,4,14,162,15,16,5,163,17,18,19,6,20,21,22,164,2,8,23,10,24,170,136,172,171,127,128,129,131,175,101,102,103,104,105,106,107,108,173,109,174,110,137,138,165,139,166,115,132,133,135,134,126,159,116,117,119,120,121,122,123,118,125,169,168,167,178)\"','192.168.137.1','2020-07-30 11:54:44','å†…ç½‘IP|0|0|å†…ç½‘IP|å†…ç½‘IP'),(1201,'MrBird','ä¿®æ”¹è§’è‰²',28,'cc.mrbird.febs.system.controller.RoleController.updateRole()',' role: \"Role(roleId=81, roleName=é”€å”®äººå‘˜, remark=è½¦è¾†é”€å”®, createTime=null, modifyTime=Thu Jul 30 11:54:58 CST 2020, menuIds=196,197,201,198,205,216,210,211,212,213)\"','192.168.137.1','2020-07-30 11:54:58','å†…ç½‘IP|0|0|å†…ç½‘IP|å†…ç½‘IP'),(1202,'MrBird','ä¿®æ”¹è§’è‰²',26,'cc.mrbird.febs.system.controller.RoleController.updateRole()',' role: \"Role(roleId=81, roleName=é”€å”®äººå‘˜, remark=è½¦è¾†é”€å”®, createTime=null, modifyTime=Thu Jul 30 11:55:50 CST 2020, menuIds=196,197,201,198,205,206,207,216,210,211,212,213)\"','192.168.137.1','2020-07-30 11:55:51','å†…ç½‘IP|0|0|å†…ç½‘IP|å†…ç½‘IP'),(1203,'MrBird','åˆ é™¤èœå•/æŒ‰é’®',31,'cc.mrbird.febs.system.controller.MenuController.deleteMenus()',' menuIds: \"216\"','192.168.137.1','2020-07-30 11:56:22','å†…ç½‘IP|0|0|å†…ç½‘IP|å†…ç½‘IP'),(1204,'MrBird','ä¿®æ”¹è§’è‰²',29,'cc.mrbird.febs.system.controller.RoleController.updateRole()',' role: \"Role(roleId=81, roleName=é”€å”®äººå‘˜, remark=è½¦è¾†é”€å”®, createTime=null, modifyTime=Thu Jul 30 11:56:46 CST 2020, menuIds=196,197,198,201,205,206,210,211,212,213)\"','192.168.137.1','2020-07-30 11:56:46','å†…ç½‘IP|0|0|å†…ç½‘IP|å†…ç½‘IP'),(1205,'MrBird','ä¿®æ”¹è§’è‰²',25,'cc.mrbird.febs.system.controller.RoleController.updateRole()',' role: \"Role(roleId=81, roleName=é”€å”®äººå‘˜, remark=è½¦è¾†é”€å”®, createTime=null, modifyTime=Thu Jul 30 11:57:12 CST 2020, menuIds=196,197,198,201,205,207,210,211,212,213)\"','192.168.137.1','2020-07-30 11:57:13','å†…ç½‘IP|0|0|å†…ç½‘IP|å†…ç½‘IP'),(1206,'MrBird','ä¿®æ”¹è§’è‰²',96,'cc.mrbird.febs.system.controller.RoleController.updateRole()',' role: \"Role(roleId=81, roleName=é”€å”®äººå‘˜, remark=è½¦è¾†é”€å”®, createTime=null, modifyTime=Thu Jul 30 11:59:10 CST 2020, menuIds=196,197,198,201,205,210,211,212,213)\"','192.168.137.1','2020-07-30 11:59:11','å†…ç½‘IP|0|0|å†…ç½‘IP|å†…ç½‘IP'),(1207,'zhangsan','ä¿å…»è½¦è¾†',31,'cc.mrbird.febs.system.controller.VehicleController.maintenanceVehicles()',' vehicleIds: \"2\"','0:0:0:0:0:0:0:1','2020-07-30 11:59:36','å†…ç½‘IP|0|0|å†…ç½‘IP|å†…ç½‘IP'),(1208,'MrBird','æ–°å¢èœå•/æŒ‰é’®',25,'cc.mrbird.febs.system.controller.MenuController.addMenu()',' menu: \"Menu(menuId=217, parentId=196, menuName=ä¸šç»©ç»Ÿè®¡, url=, perms=achivement, icon=layui-icon-linechart, type=0, orderNum=null, createTime=Thu Jul 30 14:05:08 CST 2020, modifyTime=null)\"','192.168.137.1','2020-07-30 14:05:09','å†…ç½‘IP|0|0|å†…ç½‘IP|å†…ç½‘IP'),(1209,'MrBird','ä¿®æ”¹è§’è‰²',78,'cc.mrbird.febs.system.controller.RoleController.updateRole()',' role: \"Role(roleId=1, roleName=ç³»ç»Ÿç®¡ç†å‘˜, remark=ç³»ç»Ÿç®¡ç†å‘˜ï¼Œæ‹¥æœ‰æ‰€æœ‰æ“ä½œæƒé™ ^_^, createTime=null, modifyTime=Thu Jul 30 14:05:19 CST 2020, menuIds=196,217,197,201,200,199,198,203,204,205,206,207,210,211,212,213,214,215,1,3,11,12,13,161,160,4,14,162,15,16,5,163,17,18,19,6,20,21,22,164,2,8,23,10,24,170,136,172,171,127,128,129,131,175,101,102,103,104,105,106,107,108,173,109,174,110,137,138,165,139,166,115,132,133,135,134,126,159,116,117,119,120,121,122,123,118,125,169,168,167,178)\"','192.168.137.1','2020-07-30 14:05:19','å†…ç½‘IP|0|0|å†…ç½‘IP|å†…ç½‘IP'),(1210,'MrBird','ä¿®æ”¹èœå•/æŒ‰é’®',25,'cc.mrbird.febs.system.controller.MenuController.updateMenu()',' menu: \"Menu(menuId=217, parentId=196, menuName=ä¸šç»©ç»Ÿè®¡, url=, perms=achivement, icon=layui-icon-linechart, type=0, orderNum=4, createTime=null, modifyTime=Thu Jul 30 14:05:38 CST 2020)\"','192.168.137.1','2020-07-30 14:05:39','å†…ç½‘IP|0|0|å†…ç½‘IP|å†…ç½‘IP'),(1211,'MrBird','ä¿®æ”¹èœå•/æŒ‰é’®',17,'cc.mrbird.febs.system.controller.MenuController.updateMenu()',' menu: \"Menu(menuId=217, parentId=196, menuName=ä¸šç»©ç»Ÿè®¡, url=/system/achievement/, perms=achivement, icon=layui-icon-linechart, type=0, orderNum=4, createTime=null, modifyTime=Thu Jul 30 14:06:27 CST 2020)\"','192.168.137.1','2020-07-30 14:06:28','å†…ç½‘IP|0|0|å†…ç½‘IP|å†…ç½‘IP'),(1212,'MrBird','ä¿®æ”¹èœå•/æŒ‰é’®',10,'cc.mrbird.febs.system.controller.MenuController.updateMenu()',' menu: \"Menu(menuId=217, parentId=196, menuName=ä¸šç»©ç»Ÿè®¡, url=/system/achievement/, perms=achivement:view, icon=layui-icon-linechart, type=0, orderNum=4, createTime=null, modifyTime=Thu Jul 30 14:08:15 CST 2020)\"','192.168.137.1','2020-07-30 14:08:15','å†…ç½‘IP|0|0|å†…ç½‘IP|å†…ç½‘IP'),(1213,'MrBird','ä¿®æ”¹èœå•/æŒ‰é’®',17,'cc.mrbird.febs.system.controller.MenuController.updateMenu()',' menu: \"Menu(menuId=217, parentId=196, menuName=ä¸šç»©ç»Ÿè®¡, url=/system/achievement/, perms=achievement:view, icon=layui-icon-linechart, type=0, orderNum=4, createTime=null, modifyTime=Thu Jul 30 14:08:45 CST 2020)\"','192.168.137.1','2020-07-30 14:08:46','å†…ç½‘IP|0|0|å†…ç½‘IP|å†…ç½‘IP'),(1214,'MrBird','ä¿®æ”¹è§’è‰²',65,'cc.mrbird.febs.system.controller.RoleController.updateRole()',' role: \"Role(roleId=82, roleName=é”€å”®ç»ç†, remark=è´Ÿè´£ç®¡ç†é”€å”®äººå‘˜åŠè®¢å•å®¡æ‰¹, createTime=null, modifyTime=Thu Jul 30 20:11:06 CST 2020, menuIds=196,197,199,198,203,204,205,206,207,210,211,212,213,214,215,217)\"','192.168.137.1','2020-07-30 20:11:06','å†…ç½‘IP|0|0|å†…ç½‘IP|å†…ç½‘IP'),(1215,'MrBird','ä¿®æ”¹è§’è‰²',27,'cc.mrbird.febs.system.controller.RoleController.updateRole()',' role: \"Role(roleId=83, roleName=è´¢åŠ¡ä¼šè®¡, remark=è´Ÿè´£å®¡æ ¸è´¦å•åŠä»˜æ¬¾æ ¡å¯¹, createTime=null, modifyTime=Thu Jul 30 20:11:18 CST 2020, menuIds=196,197,200,203)\"','192.168.137.1','2020-07-30 20:11:19','å†…ç½‘IP|0|0|å†…ç½‘IP|å†…ç½‘IP'),(1216,'MrBird','ä¿®æ”¹è§’è‰²',33,'cc.mrbird.febs.system.controller.RoleController.updateRole()',' role: \"Role(roleId=81, roleName=é”€å”®äººå‘˜, remark=è½¦è¾†é”€å”®, createTime=null, modifyTime=Thu Jul 30 20:12:02 CST 2020, menuIds=196,197,201,198,205,210,211,212,213)\"','192.168.137.1','2020-07-30 20:12:02','å†…ç½‘IP|0|0|å†…ç½‘IP|å†…ç½‘IP'),(1217,'MrBird','åˆ é™¤è®¢å•',33,'cc.mrbird.febs.system.controller.OrderController.deleteOrders()',' orderIds: \"13\"','192.168.137.1','2020-07-31 10:15:37','å†…ç½‘IP|0|0|å†…ç½‘IP|å†…ç½‘IP'),(1218,'MrBird','æ–°å¢è®¢å•',67,'cc.mrbird.febs.system.controller.OrderController.createOrder()',' order: \"Order(orderId=14, salesId=3, customerName=zzz, customerPhone=12536489000, vehicleId=2, price=22222222, createTime=Fri Jul 31 13:27:37 CST 2020, status=å¾…å®¡æ ¸, createTimeFrom=null, createTimeTo=null)\"','192.168.137.1','2020-07-31 13:27:37','å†…ç½‘IP|0|0|å†…ç½‘IP|å†…ç½‘IP'),(1219,'MrBird','ä¿®æ”¹è®¢å•',89,'cc.mrbird.febs.system.controller.OrderController.updateOrder()',' order: \"Order(orderId=14, salesId=3, customerName=zzz, customerPhone=12536489000, vehicleId=111, price=22222222, createTime=null, status=null, createTimeFrom=null, createTimeTo=null)\"','192.168.137.1','2020-07-31 13:27:54','å†…ç½‘IP|0|0|å†…ç½‘IP|å†…ç½‘IP'),(1220,'MrBird','åˆ é™¤è®¢å•',48,'cc.mrbird.febs.system.controller.OrderController.deleteOrders()',' orderIds: \"14\"','192.168.137.1','2020-07-31 13:28:04','å†…ç½‘IP|0|0|å†…ç½‘IP|å†…ç½‘IP'),(1221,'MrBird','ç»ç†å®¡æ‰¹è®¢å•',47,'cc.mrbird.febs.system.controller.OrderController.managerApproveOrder()',' orderIds: \"1\"','192.168.137.1','2020-07-31 13:28:47','å†…ç½‘IP|0|0|å†…ç½‘IP|å†…ç½‘IP'),(1222,'MrBird','è´¢åŠ¡å®¡æ‰¹è®¢å•',68,'cc.mrbird.febs.system.controller.OrderController.accountingApproveOrder()',' orderIds: \"1\"','192.168.137.1','2020-07-31 13:28:52','å†…ç½‘IP|0|0|å†…ç½‘IP|å†…ç½‘IP'),(1223,'MrBird','é”€å”®å®¡æ‰¹è®¢å•',38,'cc.mrbird.febs.system.controller.OrderController.salesApproveOrder()',' orderIds: \"1\"','192.168.137.1','2020-07-31 13:28:59','å†…ç½‘IP|0|0|å†…ç½‘IP|å†…ç½‘IP'),(1224,'MrBird','å½’æ¡£è®¢å•',30,'cc.mrbird.febs.system.controller.OrderController.archiveOrder()',' orderIds: \"1\"','192.168.137.1','2020-07-31 13:29:07','å†…ç½‘IP|0|0|å†…ç½‘IP|å†…ç½‘IP'),(1225,'MrBird','å‡ºå”®è½¦è¾†',35,'cc.mrbird.febs.system.controller.VehicleController.saleVehicles()',' vehicleIds: \"3\"','192.168.137.1','2020-07-31 13:29:25','å†…ç½‘IP|0|0|å†…ç½‘IP|å†…ç½‘IP'),(1226,'MrBird','ä¿å…»è½¦è¾†',42,'cc.mrbird.febs.system.controller.VehicleController.maintenanceVehicles()',' vehicleIds: \"3\"','192.168.137.1','2020-07-31 13:29:30','å†…ç½‘IP|0|0|å†…ç½‘IP|å†…ç½‘IP'),(1227,'MrBird','ä¿å…»è½¦è¾†',51,'cc.mrbird.febs.system.controller.VehicleController.maintenanceVehicles()',' vehicleIds: \"3\"','192.168.137.1','2020-07-31 13:29:35','å†…ç½‘IP|0|0|å†…ç½‘IP|å†…ç½‘IP'),(1228,'MrBird','ä¿®æ”¹èœå•/æŒ‰é’®',45,'cc.mrbird.febs.system.controller.MenuController.updateMenu()',' menu: \"Menu(menuId=203, parentId=197, menuName=å®¡æ‰¹è®¢å•, url=/system/order/approve, perms=order:approve, icon=, type=0, orderNum=1, createTime=null, modifyTime=Fri Jul 31 13:53:09 CST 2020)\"','192.168.137.1','2020-07-31 13:53:10','å†…ç½‘IP|0|0|å†…ç½‘IP|å†…ç½‘IP'),(1229,'MrBird','ä¿®æ”¹èœå•/æŒ‰é’®',9,'cc.mrbird.febs.system.controller.MenuController.updateMenu()',' menu: \"Menu(menuId=204, parentId=197, menuName=å½’æ¡£è®¢å•, url=/system/order/archive, perms=order:archive, icon=, type=0, orderNum=2, createTime=null, modifyTime=Fri Jul 31 13:53:15 CST 2020)\"','192.168.137.1','2020-07-31 13:53:16','å†…ç½‘IP|0|0|å†…ç½‘IP|å†…ç½‘IP'),(1230,'MrBird','å½’æ¡£è®¢å•',24,'cc.mrbird.febs.system.controller.OrderController.archiveOrder()',' orderIds: \"4\"','192.168.137.1','2020-07-31 13:54:52','å†…ç½‘IP|0|0|å†…ç½‘IP|å†…ç½‘IP'),(1231,'MrBird','åˆ é™¤è§’è‰²',40,'cc.mrbird.febs.system.controller.RoleController.deleteRoles()',' roleIds: \"83,82,81\"','192.168.43.143','2020-11-26 08:55:19','å†…ç½‘IP|0|0|å†…ç½‘IP|å†…ç½‘IP'),(1232,'MrBird','æ–°å¢è§’è‰²',19,'cc.mrbird.febs.system.controller.RoleController.addRole()',' role: \"Role(roleId=84, roleName=åº—ä¸», remark=åº—ä¸», createTime=Thu Nov 26 08:57:44 CST 2020, modifyTime=null, menuIds=196,197,212,213,214,215)\"','192.168.43.143','2020-11-26 08:57:45','å†…ç½‘IP|0|0|å†…ç½‘IP|å†…ç½‘IP'),(1233,'MrBird','ä¿®æ”¹èœå•/æŒ‰é’®',47,'cc.mrbird.febs.system.controller.MenuController.updateMenu()',' menu: \"Menu(menuId=205, parentId=196, menuName=è´§ç‰©ç®¡ç†, url=/system/goods, perms=goods:view, icon=layui-icon-car, type=0, orderNum=2, createTime=null, modifyTime=Thu Nov 26 09:06:56 CST 2020)\"','192.168.43.143','2020-11-26 09:06:56','å†…ç½‘IP|0|0|å†…ç½‘IP|å†…ç½‘IP'),(1234,'MrBird','ä¿®æ”¹èœå•/æŒ‰é’®',9,'cc.mrbird.febs.system.controller.MenuController.updateMenu()',' menu: \"Menu(menuId=206, parentId=205, menuName=æ–°å¢è´§ç‰©, url=null, perms=vehicle:create, icon=null, type=1, orderNum=null, createTime=null, modifyTime=Thu Nov 26 09:07:11 CST 2020)\"','192.168.43.143','2020-11-26 09:07:12','å†…ç½‘IP|0|0|å†…ç½‘IP|å†…ç½‘IP'),(1235,'MrBird','ä¿®æ”¹èœå•/æŒ‰é’®',18,'cc.mrbird.febs.system.controller.MenuController.updateMenu()',' menu: \"Menu(menuId=207, parentId=205, menuName=ä¿®æ”¹æˆ–åˆ é™¤è´§ç‰©, url=null, perms=vehicle:modify, icon=null, type=1, orderNum=null, createTime=null, modifyTime=Thu Nov 26 09:07:54 CST 2020)\"','192.168.43.143','2020-11-26 09:07:55','å†…ç½‘IP|0|0|å†…ç½‘IP|å†…ç½‘IP'),(1236,'MrBird','ä¿®æ”¹èœå•/æŒ‰é’®',8,'cc.mrbird.febs.system.controller.MenuController.updateMenu()',' menu: \"Menu(menuId=210, parentId=205, menuName=å‡ºå”®è´§ç‰©, url=/system/goods/sale, perms=goods:sale, icon=, type=0, orderNum=1, createTime=null, modifyTime=Thu Nov 26 09:08:18 CST 2020)\"','192.168.43.143','2020-11-26 09:08:18','å†…ç½‘IP|0|0|å†…ç½‘IP|å†…ç½‘IP'),(1237,'MrBird','åˆ é™¤èœå•/æŒ‰é’®',24,'cc.mrbird.febs.system.controller.MenuController.deleteMenus()',' menuIds: \"211\"','192.168.43.143','2020-11-26 09:08:29','å†…ç½‘IP|0|0|å†…ç½‘IP|å†…ç½‘IP'),(1238,'MrBird','ä¿®æ”¹èœå•/æŒ‰é’®',9,'cc.mrbird.febs.system.controller.MenuController.updateMenu()',' menu: \"Menu(menuId=205, parentId=196, menuName=è´§å“ç®¡ç†, url=/system/goods, perms=goods:view, icon=layui-icon-car, type=0, orderNum=2, createTime=null, modifyTime=Thu Nov 26 09:10:36 CST 2020)\"','192.168.43.143','2020-11-26 09:10:36','å†…ç½‘IP|0|0|å†…ç½‘IP|å†…ç½‘IP'),(1239,'MrBird','ä¿®æ”¹èœå•/æŒ‰é’®',16,'cc.mrbird.febs.system.controller.MenuController.updateMenu()',' menu: \"Menu(menuId=206, parentId=205, menuName=æ–°å¢è´§å“, url=null, perms=vehicle:create, icon=null, type=1, orderNum=null, createTime=null, modifyTime=Thu Nov 26 09:10:43 CST 2020)\"','192.168.43.143','2020-11-26 09:10:43','å†…ç½‘IP|0|0|å†…ç½‘IP|å†…ç½‘IP'),(1240,'MrBird','ä¿®æ”¹èœå•/æŒ‰é’®',17,'cc.mrbird.febs.system.controller.MenuController.updateMenu()',' menu: \"Menu(menuId=207, parentId=205, menuName=ä¿®æ”¹æˆ–åˆ é™¤è´§å“, url=null, perms=vehicle:modify, icon=null, type=1, orderNum=null, createTime=null, modifyTime=Thu Nov 26 09:10:52 CST 2020)\"','192.168.43.143','2020-11-26 09:10:53','å†…ç½‘IP|0|0|å†…ç½‘IP|å†…ç½‘IP'),(1241,'MrBird','ä¿®æ”¹èœå•/æŒ‰é’®',15,'cc.mrbird.febs.system.controller.MenuController.updateMenu()',' menu: \"Menu(menuId=210, parentId=205, menuName=å‡ºå”®è´§å“, url=/system/goods/sale, perms=goods:sale, icon=, type=0, orderNum=1, createTime=null, modifyTime=Thu Nov 26 09:11:03 CST 2020)\"','192.168.43.143','2020-11-26 09:11:03','å†…ç½‘IP|0|0|å†…ç½‘IP|å†…ç½‘IP'),(1242,'MrBird','ä¿®æ”¹èœå•/æŒ‰é’®',29,'cc.mrbird.febs.system.controller.MenuController.updateMenu()',' menu: \"Menu(menuId=207, parentId=205, menuName=ä¿®æ”¹æˆ–åˆ é™¤è´§å“, url=null, perms=goods:modify, icon=null, type=1, orderNum=null, createTime=null, modifyTime=Thu Nov 26 10:13:54 CST 2020)\"','172.20.88.167','2020-11-26 10:13:55','å†…ç½‘IP|0|0|å†…ç½‘IP|å†…ç½‘IP'),(1243,'MrBird','ä¿®æ”¹èœå•/æŒ‰é’®',9,'cc.mrbird.febs.system.controller.MenuController.updateMenu()',' menu: \"Menu(menuId=206, parentId=205, menuName=æ–°å¢è´§å“, url=null, perms=goods:create, icon=null, type=1, orderNum=null, createTime=null, modifyTime=Thu Nov 26 10:14:03 CST 2020)\"','172.20.88.167','2020-11-26 10:14:03','å†…ç½‘IP|0|0|å†…ç½‘IP|å†…ç½‘IP'),(1244,'MrBird','æ–°å¢è½¦è¾†',28,'cc.mrbird.febs.system.controller.GoodsController.createGoods()',' goods: \"Goods(goodsId=1, name=é”®ç›˜, price=200, inventory=10)\"','172.20.88.167','2020-11-26 10:27:29','å†…ç½‘IP|0|0|å†…ç½‘IP|å†…ç½‘IP'),(1245,'MrBird','ä¿®æ”¹èœå•/æŒ‰é’®',18,'cc.mrbird.febs.system.controller.MenuController.updateMenu()',' menu: \"Menu(menuId=205, parentId=0, menuName=è´§å“ç®¡ç†, url=/system/goods, perms=goods:view, icon=layui-icon-car, type=0, orderNum=null, createTime=null, modifyTime=Thu Nov 26 10:38:28 CST 2020)\"','172.20.88.167','2020-11-26 10:38:29','å†…ç½‘IP|0|0|å†…ç½‘IP|å†…ç½‘IP'),(1246,'MrBird','ä¿®æ”¹èœå•/æŒ‰é’®',8,'cc.mrbird.febs.system.controller.MenuController.updateMenu()',' menu: \"Menu(menuId=205, parentId=0, menuName=è´§å“ç®¡ç†, url=/system/goods, perms=goods:view, icon=layui-icon-car, type=0, orderNum=1, createTime=null, modifyTime=Thu Nov 26 10:38:47 CST 2020)\"','172.20.88.167','2020-11-26 10:38:48','å†…ç½‘IP|0|0|å†…ç½‘IP|å†…ç½‘IP'),(1247,'MrBird','ä¿®æ”¹èœå•/æŒ‰é’®',8,'cc.mrbird.febs.system.controller.MenuController.updateMenu()',' menu: \"Menu(menuId=205, parentId=0, menuName=è´§å“ç®¡ç†, url=/system/goods, perms=goods:view, icon=layui-icon-car, type=0, orderNum=0, createTime=null, modifyTime=Thu Nov 26 10:39:01 CST 2020)\"','172.20.88.167','2020-11-26 10:39:01','å†…ç½‘IP|0|0|å†…ç½‘IP|å†…ç½‘IP'),(1248,'MrBird','ä¿®æ”¹èœå•/æŒ‰é’®',17,'cc.mrbird.febs.system.controller.MenuController.updateMenu()',' menu: \"Menu(menuId=212, parentId=0, menuName=å®¢æˆ·ç®¡ç†, url=/system/customer/, perms=customer:view, icon=layui-icon-team, type=0, orderNum=1, createTime=null, modifyTime=Thu Nov 26 10:46:47 CST 2020)\"','172.20.88.167','2020-11-26 10:46:47','å†…ç½‘IP|0|0|å†…ç½‘IP|å†…ç½‘IP'),(1249,'MrBird','ä¿®æ”¹èœå•/æŒ‰é’®',19,'cc.mrbird.febs.system.controller.MenuController.updateMenu()',' menu: \"Menu(menuId=212, parentId=0, menuName=å®¢æˆ·ç®¡ç†, url=/system/customer/, perms=customer:view, icon=layui-icon-team, type=0, orderNum=0, createTime=null, modifyTime=Thu Nov 26 10:46:59 CST 2020)\"','172.20.88.167','2020-11-26 10:46:59','å†…ç½‘IP|0|0|å†…ç½‘IP|å†…ç½‘IP'),(1250,'MrBird','æ–°å¢å®¢æˆ·',26,'cn.edu.hit.spat.system.controller.CustomerController.createCustomer()',' customer: \"Customer(customerId=6, name=æå››, gender=1, phone=15066667777, type=é›¶å”®å®¢æˆ·)\"','192.168.43.143','2020-11-30 10:13:33','å†…ç½‘IP|0|0|å†…ç½‘IP|å†…ç½‘IP'),(1251,'MrBird','æ–°å¢å®¢æˆ·',61,'cn.edu.hit.spat.system.controller.CustomerController.createCustomer()',' customer: \"Customer(customerId=1, name=å¼ ä¸‰, gender=0, phone=15100001111, type=é›¶å”®å®¢æˆ·)\"','192.168.43.143','2020-11-30 10:30:41','å†…ç½‘IP|0|0|å†…ç½‘IP|å†…ç½‘IP'),(1252,'MrBird','æ–°å¢å®¢æˆ·',21,'cn.edu.hit.spat.system.controller.CustomerController.createCustomer()',' customer: \"Customer(customerId=2, name=æå››, gender=1, phone=15211112222, type=æ‰¹å‘å®¢æˆ·)\"','192.168.43.143','2020-11-30 10:30:57','å†…ç½‘IP|0|0|å†…ç½‘IP|å†…ç½‘IP'),(1253,'MrBird','åˆ é™¤å®¢æˆ·',10,'cn.edu.hit.spat.system.controller.CustomerController.deleteCustomers()',' customerIds: \"1\"','192.168.43.143','2020-11-30 10:38:34','å†…ç½‘IP|0|0|å†…ç½‘IP|å†…ç½‘IP'),(1254,'MrBird','ä¿®æ”¹å®¢æˆ·',19,'cn.edu.hit.spat.system.controller.CustomerController.updateCustomer()',' customer: \"Customer(customerId=2, name=æå››, gender=å¥³æ€§, phone=15211112222, type=é›¶å”®å®¢æˆ·)\"','192.168.43.143','2020-11-30 10:41:27','å†…ç½‘IP|0|0|å†…ç½‘IP|å†…ç½‘IP'),(1255,'MrBird','ä¿®æ”¹å®¢æˆ·',8,'cn.edu.hit.spat.system.controller.CustomerController.updateCustomer()',' customer: \"Customer(customerId=2, name=æå››, gender=ç”·æ€§, phone=15211112222, type=é›¶å”®å®¢æˆ·)\"','192.168.43.143','2020-11-30 10:41:35','å†…ç½‘IP|0|0|å†…ç½‘IP|å†…ç½‘IP'),(1256,'MrBird','åˆ é™¤èœå•/æŒ‰é’®',46,'cn.edu.hit.spat.system.controller.MenuController.deleteMenus()',' menuIds: \"217\"','192.168.43.143','2020-11-30 18:11:17','å†…ç½‘IP|0|0|å†…ç½‘IP|å†…ç½‘IP'),(1257,'MrBird','åˆ é™¤èœå•/æŒ‰é’®',19,'cn.edu.hit.spat.system.controller.MenuController.deleteMenus()',' menuIds: \"196\"','192.168.43.143','2020-11-30 18:11:24','å†…ç½‘IP|0|0|å†…ç½‘IP|å†…ç½‘IP'),(1258,'MrBird','ä¿®æ”¹è§’è‰²',37,'cn.edu.hit.spat.system.controller.RoleController.updateRole()',' role: \"Role(roleId=84, roleName=åº—ä¸», remark=åº—ä¸», createTime=null, modifyTime=Mon Nov 30 18:33:12 CST 2020, menuIds=212,213,214,215,205,206,207,210,197)\"','192.168.43.143','2020-11-30 18:33:13','å†…ç½‘IP|0|0|å†…ç½‘IP|å†…ç½‘IP'),(1259,'MrBird','æ–°å¢è§’è‰²',20,'cn.edu.hit.spat.system.controller.RoleController.addRole()',' role: \"Role(roleId=85, roleName=ç»ç†, remark=ç»ç†, createTime=Mon Nov 30 18:34:16 CST 2020, modifyTime=null, menuIds=212,213,214,215,197)\"','192.168.43.143','2020-11-30 18:34:17','å†…ç½‘IP|0|0|å†…ç½‘IP|å†…ç½‘IP'),(1260,'MrBird','æ–°å¢è§’è‰²',22,'cn.edu.hit.spat.system.controller.RoleController.addRole()',' role: \"Role(roleId=86, roleName=åº—å‘˜, remark=åº—å‘˜, createTime=Mon Nov 30 18:36:06 CST 2020, modifyTime=null, menuIds=212,213,214,197,198)\"','192.168.43.143','2020-11-30 18:36:07','å†…ç½‘IP|0|0|å†…ç½‘IP|å†…ç½‘IP'),(1261,'MrBird','ä¿®æ”¹èœå•/æŒ‰é’®',19,'cn.edu.hit.spat.system.controller.MenuController.updateMenu()',' menu: \"Menu(menuId=197, parentId=0, menuName=è®¢å•ç®¡ç†, url=/system/order/, perms=order:view, icon=layui-icon-filedone, type=0, orderNum=0, createTime=null, modifyTime=Mon Nov 30 18:42:01 CST 2020)\"','192.168.43.143','2020-11-30 18:42:02','å†…ç½‘IP|0|0|å†…ç½‘IP|å†…ç½‘IP'),(1262,'MrBird','ä¿®æ”¹èœå•/æŒ‰é’®',10,'cn.edu.hit.spat.system.controller.MenuController.updateMenu()',' menu: \"Menu(menuId=212, parentId=0, menuName=å®¢æˆ·ç®¡ç†, url=/system/customer/, perms=customer:view, icon=layui-icon-team, type=0, orderNum=1, createTime=null, modifyTime=Mon Nov 30 18:42:11 CST 2020)\"','192.168.43.143','2020-11-30 18:42:12','å†…ç½‘IP|0|0|å†…ç½‘IP|å†…ç½‘IP'),(1263,'MrBird','ä¿®æ”¹èœå•/æŒ‰é’®',18,'cn.edu.hit.spat.system.controller.MenuController.updateMenu()',' menu: \"Menu(menuId=205, parentId=0, menuName=è´§å“ç®¡ç†, url=/system/goods, perms=goods:view, icon=layui-icon-car, type=0, orderNum=2, createTime=null, modifyTime=Mon Nov 30 18:42:19 CST 2020)\"','192.168.43.143','2020-11-30 18:42:19','å†…ç½‘IP|0|0|å†…ç½‘IP|å†…ç½‘IP'),(1264,'MrBird','ä¿®æ”¹èœå•/æŒ‰é’®',9,'cn.edu.hit.spat.system.controller.MenuController.updateMenu()',' menu: \"Menu(menuId=1, parentId=0, menuName=ç³»ç»Ÿç®¡ç†, url=, perms=, icon=layui-icon-setting, type=0, orderNum=3, createTime=null, modifyTime=Mon Nov 30 18:42:33 CST 2020)\"','192.168.43.143','2020-11-30 18:42:34','å†…ç½‘IP|0|0|å†…ç½‘IP|å†…ç½‘IP'),(1265,'MrBird','ä¿®æ”¹èœå•/æŒ‰é’®',17,'cn.edu.hit.spat.system.controller.MenuController.updateMenu()',' menu: \"Menu(menuId=2, parentId=0, menuName=ç³»ç»Ÿç›‘æ§, url=, perms=, icon=layui-icon-alert, type=0, orderNum=4, createTime=null, modifyTime=Mon Nov 30 18:42:45 CST 2020)\"','192.168.43.143','2020-11-30 18:42:45','å†…ç½‘IP|0|0|å†…ç½‘IP|å†…ç½‘IP'),(1266,'MrBird','æ–°å¢å®¢æˆ·',9,'cn.edu.hit.spat.system.controller.CustomerController.createCustomer()',' customer: \"Customer(customerId=3, name=ç‹äº”, gender=å¥³, phone=15433334444, type=æ‰¹å‘å®¢æˆ·)\"','192.168.43.143','2020-11-30 18:50:14','å†…ç½‘IP|0|0|å†…ç½‘IP|å†…ç½‘IP'),(1267,'MrBird','æ–°å¢å®¢æˆ·',15,'cn.edu.hit.spat.system.controller.CustomerController.createCustomer()',' customer: \"Customer(customerId=4, name=å…­, gender=ç”·, phone=11111111111, type=é›¶å”®å®¢æˆ·)\"','192.168.43.143','2020-11-30 18:57:54','å†…ç½‘IP|0|0|å†…ç½‘IP|å†…ç½‘IP'),(1268,'MrBird','ä¿®æ”¹èœå•/æŒ‰é’®',25,'cn.edu.hit.spat.system.controller.MenuController.updateMenu()',' menu: \"Menu(menuId=210, parentId=205, menuName=åˆ é™¤è´§å“, url=null, perms=goods:delete, icon=null, type=1, orderNum=null, createTime=null, modifyTime=Mon Nov 30 19:43:12 CST 2020)\"','192.168.43.143','2020-11-30 19:43:12','å†…ç½‘IP|0|0|å†…ç½‘IP|å†…ç½‘IP'),(1269,'MrBird','ä¿®æ”¹èœå•/æŒ‰é’®',17,'cn.edu.hit.spat.system.controller.MenuController.updateMenu()',' menu: \"Menu(menuId=207, parentId=205, menuName=ä¿®æ”¹è´§å“, url=null, perms=goods:update, icon=null, type=1, orderNum=null, createTime=null, modifyTime=Mon Nov 30 19:43:24 CST 2020)\"','192.168.43.143','2020-11-30 19:43:25','å†…ç½‘IP|0|0|å†…ç½‘IP|å†…ç½‘IP'),(1270,'MrBird','æ–°å¢è´§å“',26,'cn.edu.hit.spat.system.controller.GoodsController.createGoods()',' goods: \"Goods(goodsId=2, name=é¼ æ ‡, purchasePrice=10, wholesalePrice=20, retailPrice=30)\"','192.168.43.143','2020-11-30 20:00:12','å†…ç½‘IP|0|0|å†…ç½‘IP|å†…ç½‘IP'),(1271,'MrBird','åˆ é™¤è´§å“',21,'cn.edu.hit.spat.system.controller.GoodsController.deleteGoodss()',' goodsId: \"2\"','192.168.43.143','2020-11-30 20:00:20','å†…ç½‘IP|0|0|å†…ç½‘IP|å†…ç½‘IP'),(1272,'MrBird','ä¿®æ”¹è´§å“',19,'cn.edu.hit.spat.system.controller.GoodsController.updateGoods()',' goods: \"Goods(goodsId=1, name=é”®ç›˜, purchasePrice=210, wholesalePrice=300, retailPrice=400)\"','192.168.43.143','2020-11-30 20:00:38','å†…ç½‘IP|0|0|å†…ç½‘IP|å†…ç½‘IP'),(1273,'MrBird','ä¿®æ”¹è´§å“',3,'cn.edu.hit.spat.system.controller.GoodsController.updateGoods()',' goods: \"Goods(goodsId=1, name=é”®ç›˜, purchasePrice=210, wholesalePrice=300, retailPrice=400)\"','192.168.43.143','2020-11-30 20:00:39','å†…ç½‘IP|0|0|å†…ç½‘IP|å†…ç½‘IP'),(1274,'MrBird','ä¿®æ”¹èœå•/æŒ‰é’®',21,'cn.edu.hit.spat.system.controller.MenuController.updateMenu()',' menu: \"Menu(menuId=203, parentId=197, menuName=é›¶å”®è®¢å•, url=/system/order/retail, perms=order:retail, icon=, type=0, orderNum=1, createTime=null, modifyTime=Mon Nov 30 20:05:26 CST 2020)\"','192.168.43.143','2020-11-30 20:05:27','å†…ç½‘IP|0|0|å†…ç½‘IP|å†…ç½‘IP'),(1275,'MrBird','ä¿®æ”¹èœå•/æŒ‰é’®',9,'cn.edu.hit.spat.system.controller.MenuController.updateMenu()',' menu: \"Menu(menuId=204, parentId=197, menuName=æ‰¹å‘è®¢å•, url=/system/order/wholesale, perms=order:wholesale, icon=, type=0, orderNum=2, createTime=null, modifyTime=Mon Nov 30 20:06:36 CST 2020)\"','192.168.43.143','2020-11-30 20:06:37','å†…ç½‘IP|0|0|å†…ç½‘IP|å†…ç½‘IP'),(1276,'MrBird','æ·»åŠ è´§å“å±æ€§',23,'cn.edu.hit.spat.system.controller.GoodsController.addAttribute()',' goodsDetail: GoodsDetail(goodsDetailId=1, goodsId=1, goodsAttribute=é‡é‡, goodsAttributeValue=0.8)','192.168.43.143','2020-12-01 21:37:26','å†…ç½‘IP|0|0|å†…ç½‘IP|å†…ç½‘IP'),(1277,'MrBird','æ·»åŠ è´§å“å±æ€§',28,'cn.edu.hit.spat.system.controller.GoodsController.addAttribute()',' goodsDetail: GoodsDetail(goodsDetailId=2, goodsId=1, goodsAttribute=é¢œè‰², goodsAttributeValue=é»‘è‰²)','192.168.43.143','2020-12-02 20:18:09','å†…ç½‘IP|0|0|å†…ç½‘IP|å†…ç½‘IP'),(1278,'MrBird','æ–°å¢è´§å“',17,'cn.edu.hit.spat.system.controller.GoodsController.createGoods()',' goods: \"Goods(goodsId=3, name=é¼ æ ‡, purchasePrice=10, wholesalePrice=20, retailPrice=30, detailList=null)\"','192.168.43.143','2020-12-04 10:02:07','å†…ç½‘IP|0|0|å†…ç½‘IP|å†…ç½‘IP'),(1279,'MrBird','ä¿®æ”¹è´§å“å±æ€§',32,'cn.edu.hit.spat.system.controller.GoodsController.updateGoodsDetail()',' goodsDetail: GoodsDetail(goodsDetailId=1, goodsId=1, goodsAttribute=é‡é‡, goodsAttributeValue=0.5)','192.168.43.143','2020-12-04 10:46:20','å†…ç½‘IP|0|0|å†…ç½‘IP|å†…ç½‘IP'),(1280,'MrBird','æ·»åŠ è´§å“å±æ€§',31,'cn.edu.hit.spat.system.controller.GoodsController.addAttribute()',' goodsDetail: GoodsDetail(goodsDetailId=3, goodsId=3, goodsAttribute=color, goodsAttributeValue=white)','192.168.43.143','2020-12-04 10:52:25','å†…ç½‘IP|0|0|å†…ç½‘IP|å†…ç½‘IP'),(1281,'MrBird','æ·»åŠ è´§å“å±æ€§',24,'cn.edu.hit.spat.system.controller.GoodsController.addAttribute()',' goodsDetail: GoodsDetail(goodsDetailId=4, goodsId=3, goodsAttribute=é¢œè‰², goodsAttributeValue=ç™½è‰²)','192.168.43.143','2020-12-04 12:31:04','å†…ç½‘IP|0|0|å†…ç½‘IP|å†…ç½‘IP'),(1282,'MrBird','æ·»åŠ è´§å“å±æ€§',17,'cn.edu.hit.spat.system.controller.GoodsController.addAttribute()',' goodsDetail: GoodsDetail(goodsDetailId=1, goodsId=1, goodsAttribute=é‡é‡, goodsAttributeValue=0.5)','192.168.43.143','2020-12-04 12:33:48','å†…ç½‘IP|0|0|å†…ç½‘IP|å†…ç½‘IP'),(1283,'MrBird','æ·»åŠ è´§å“å±æ€§',22,'cn.edu.hit.spat.system.controller.GoodsController.addAttribute()',' goodsDetail: GoodsDetail(goodsDetailId=5, goodsId=3, goodsAttribute=é‡é‡, goodsAttributeValue=0.3)','192.168.43.143','2020-12-04 12:34:29','å†…ç½‘IP|0|0|å†…ç½‘IP|å†…ç½‘IP'),(1284,'MrBird','ä¿®æ”¹è´§å“å±æ€§',20,'cn.edu.hit.spat.system.controller.GoodsController.updateGoodsDetail()',' goodsDetail: GoodsDetail(goodsDetailId=4, goodsId=3, goodsAttribute=é¢œè‰², goodsAttributeValue=é»‘è‰²)','192.168.43.143','2020-12-04 12:40:55','å†…ç½‘IP|0|0|å†…ç½‘IP|å†…ç½‘IP'),(1285,'MrBird','åˆ é™¤è´§å“',20,'cn.edu.hit.spat.system.controller.GoodsController.deleteGoodsDetail()',' goodsDetailId: \"3\"','192.168.43.143','2020-12-04 12:41:06','å†…ç½‘IP|0|0|å†…ç½‘IP|å†…ç½‘IP'),(1286,'MrBird','æ–°å¢è´§å“',18,'cn.edu.hit.spat.system.controller.GoodsController.createGoods()',' goods: \"Goods(goodsId=4, name=æ¤…å­, purchasePrice=100, wholesalePrice=200, retailPrice=300, detailList=null)\"','192.168.43.143','2020-12-04 12:57:00','å†…ç½‘IP|0|0|å†…ç½‘IP|å†…ç½‘IP'),(1287,'MrBird','æ–°å¢è´§å“',28,'cn.edu.hit.spat.system.controller.GoodsController.createGoods()',' goods: \"Goods(goodsId=5, name=æ¡Œå­, purchasePrice=200, wholesalePrice=300, retailPrice=400, detailList=null)\"','192.168.43.143','2020-12-04 13:00:03','å†…ç½‘IP|0|0|å†…ç½‘IP|å†…ç½‘IP'),(1288,'MrBird','æ·»åŠ è´§å“å±æ€§',20,'cn.edu.hit.spat.system.controller.GoodsController.addAttribute()',' goodsDetail: GoodsDetail(goodsDetailId=6, goodsId=4, goodsAttribute=é«˜åº¦, goodsAttributeValue=50)','192.168.43.143','2020-12-04 13:00:56','å†…ç½‘IP|0|0|å†…ç½‘IP|å†…ç½‘IP'),(1289,'MrBird','ä¿®æ”¹è´§å“å±æ€§',19,'cn.edu.hit.spat.system.controller.GoodsController.updateGoodsDetail()',' goodsDetail: GoodsDetail(goodsDetailId=6, goodsId=4, goodsAttribute=é«˜åº¦(cm), goodsAttributeValue=60)','192.168.43.143','2020-12-04 13:02:39','å†…ç½‘IP|0|0|å†…ç½‘IP|å†…ç½‘IP'),(1290,'MrBird','åˆ é™¤è´§å“',27,'cn.edu.hit.spat.system.controller.GoodsController.deleteGoods()',' goodsIds: \"4\"','192.168.43.143','2020-12-04 13:03:16','å†…ç½‘IP|0|0|å†…ç½‘IP|å†…ç½‘IP'),(1291,'MrBird','æ·»åŠ è´§å“å±æ€§',21,'cn.edu.hit.spat.system.controller.GoodsController.addAttribute()',' goodsDetail: GoodsDetail(goodsDetailId=7, goodsId=5, goodsAttribute=æ¡Œé«˜, goodsAttributeValue=100)','192.168.43.143','2020-12-04 13:12:12','å†…ç½‘IP|0|0|å†…ç½‘IP|å†…ç½‘IP'),(1292,'MrBird','ä¿®æ”¹è´§å“å±æ€§',60,'cn.edu.hit.spat.system.controller.GoodsController.updateGoodsDetail()',' goodsDetail: GoodsDetail(goodsDetailId=7, goodsId=5, goodsAttribute=æ¡Œé«˜(cm), goodsAttributeValue=120)','192.168.43.143','2020-12-04 13:12:29','å†…ç½‘IP|0|0|å†…ç½‘IP|å†…ç½‘IP'),(1293,'MrBird','åˆ é™¤è´§å“',14,'cn.edu.hit.spat.system.controller.GoodsController.deleteGoods()',' goodsIds: \"5\"','192.168.43.143','2020-12-04 13:12:52','å†…ç½‘IP|0|0|å†…ç½‘IP|å†…ç½‘IP'),(1294,'MrBird','æ–°å¢è´§å“',68,'cn.edu.hit.spat.system.controller.GoodsController.createGoods()',' goods: \"Goods(goodsId=6, name=é“…ç¬”, purchasePrice=2, wholesalePrice=3, retailPrice=4, detailList=null)\"','192.168.43.143','2020-12-04 13:14:16','å†…ç½‘IP|0|0|å†…ç½‘IP|å†…ç½‘IP'),(1295,'MrBird','æ·»åŠ è´§å“å±æ€§',20,'cn.edu.hit.spat.system.controller.GoodsController.addAttribute()',' goodsDetail: GoodsDetail(goodsDetailId=8, goodsId=6, goodsAttribute=ç±»å‹, goodsAttributeValue=HB)','192.168.43.143','2020-12-04 13:15:07','å†…ç½‘IP|0|0|å†…ç½‘IP|å†…ç½‘IP'),(1296,'MrBird','åˆ é™¤è´§å“',24,'cn.edu.hit.spat.system.controller.GoodsController.deleteGoods()',' goodsIds: \"6\"','192.168.43.143','2020-12-04 13:15:22','å†…ç½‘IP|0|0|å†…ç½‘IP|å†…ç½‘IP'),(1297,'MrBird','æ–°å¢èœå•/æŒ‰é’®',29,'cn.edu.hit.spat.system.controller.MenuController.addMenu()',' menu: \"Menu(menuId=218, parentId=0, menuName=ä»“åº“ç®¡ç†, url=, perms=storage:view, icon=, type=0, orderNum=null, createTime=Fri Dec 04 22:32:19 CST 2020, modifyTime=null)\"','192.168.43.143','2020-12-04 22:32:20','å†…ç½‘IP|0|0|å†…ç½‘IP|å†…ç½‘IP'),(1298,'MrBird','æ–°å¢èœå•/æŒ‰é’®',20,'cn.edu.hit.spat.system.controller.MenuController.addMenu()',' menu: \"Menu(menuId=219, parentId=218, menuName=ä»“åº“æ€»è§ˆ, url=/system/storage, perms=storage:view, icon=, type=0, orderNum=0, createTime=Fri Dec 04 22:33:53 CST 2020, modifyTime=null)\"','192.168.43.143','2020-12-04 22:33:54','å†…ç½‘IP|0|0|å†…ç½‘IP|å†…ç½‘IP'),(1299,'MrBird','æ–°å¢èœå•/æŒ‰é’®',21,'cn.edu.hit.spat.system.controller.MenuController.addMenu()',' menu: \"Menu(menuId=220, parentId=219, menuName=æ–°å¢ä»“åº“, url=null, perms=storage:create, icon=null, type=1, orderNum=null, createTime=Fri Dec 04 22:35:51 CST 2020, modifyTime=null)\"','192.168.43.143','2020-12-04 22:35:52','å†…ç½‘IP|0|0|å†…ç½‘IP|å†…ç½‘IP'),(1300,'MrBird','æ–°å¢èœå•/æŒ‰é’®',20,'cn.edu.hit.spat.system.controller.MenuController.addMenu()',' menu: \"Menu(menuId=221, parentId=219, menuName=ä¿®æ”¹ä»“åº“, url=null, perms=storage:create, icon=null, type=1, orderNum=null, createTime=Fri Dec 04 22:36:23 CST 2020, modifyTime=null)\"','192.168.43.143','2020-12-04 22:36:24','å†…ç½‘IP|0|0|å†…ç½‘IP|å†…ç½‘IP'),(1301,'MrBird','æ–°å¢èœå•/æŒ‰é’®',16,'cn.edu.hit.spat.system.controller.MenuController.addMenu()',' menu: \"Menu(menuId=222, parentId=219, menuName=åˆ é™¤ä»“åº“, url=null, perms=storage:delete, icon=null, type=1, orderNum=null, createTime=Fri Dec 04 22:37:07 CST 2020, modifyTime=null)\"','192.168.43.143','2020-12-04 22:37:07','å†…ç½‘IP|0|0|å†…ç½‘IP|å†…ç½‘IP'),(1302,'MrBird','ä¿®æ”¹èœå•/æŒ‰é’®',21,'cn.edu.hit.spat.system.controller.MenuController.updateMenu()',' menu: \"Menu(menuId=220, parentId=219, menuName=æ–°å¢ä»“åº“, url=null, perms=storage:update, icon=null, type=1, orderNum=null, createTime=null, modifyTime=Fri Dec 04 22:37:16 CST 2020)\"','192.168.43.143','2020-12-04 22:37:17','å†…ç½‘IP|0|0|å†…ç½‘IP|å†…ç½‘IP'),(1303,'MrBird','ä¿®æ”¹èœå•/æŒ‰é’®',9,'cn.edu.hit.spat.system.controller.MenuController.updateMenu()',' menu: \"Menu(menuId=220, parentId=219, menuName=æ–°å¢ä»“åº“, url=null, perms=storage:create, icon=null, type=1, orderNum=null, createTime=null, modifyTime=Fri Dec 04 22:37:43 CST 2020)\"','192.168.43.143','2020-12-04 22:37:43','å†…ç½‘IP|0|0|å†…ç½‘IP|å†…ç½‘IP'),(1304,'MrBird','ä¿®æ”¹èœå•/æŒ‰é’®',9,'cn.edu.hit.spat.system.controller.MenuController.updateMenu()',' menu: \"Menu(menuId=221, parentId=219, menuName=ä¿®æ”¹ä»“åº“, url=null, perms=storage:update, icon=null, type=1, orderNum=null, createTime=null, modifyTime=Fri Dec 04 22:37:51 CST 2020)\"','192.168.43.143','2020-12-04 22:37:51','å†…ç½‘IP|0|0|å†…ç½‘IP|å†…ç½‘IP'),(1305,'MrBird','æ–°å¢èœå•/æŒ‰é’®',7,'cn.edu.hit.spat.system.controller.MenuController.addMenu()',' menu: \"Menu(menuId=223, parentId=218, menuName=åº“å­˜è®°å½•, url=/system/record, perms=record:view, icon=, type=0, orderNum=1, createTime=Fri Dec 04 22:40:47 CST 2020, modifyTime=null)\"','192.168.43.143','2020-12-04 22:40:48','å†…ç½‘IP|0|0|å†…ç½‘IP|å†…ç½‘IP'),(1306,'MrBird','æ–°å¢èœå•/æŒ‰é’®',9,'cn.edu.hit.spat.system.controller.MenuController.addMenu()',' menu: \"Menu(menuId=224, parentId=223, menuName=æ–°è´§å…¥åº“, url=null, perms=record:create, icon=null, type=1, orderNum=null, createTime=Fri Dec 04 22:42:16 CST 2020, modifyTime=null)\"','192.168.43.143','2020-12-04 22:42:16','å†…ç½‘IP|0|0|å†…ç½‘IP|å†…ç½‘IP'),(1307,'MrBird','æ–°å¢èœå•/æŒ‰é’®',19,'cn.edu.hit.spat.system.controller.MenuController.addMenu()',' menu: \"Menu(menuId=225, parentId=223, menuName=è´§å“å‡ºåº“, url=null, perms=record:out, icon=null, type=1, orderNum=null, createTime=Fri Dec 04 22:43:27 CST 2020, modifyTime=null)\"','192.168.43.143','2020-12-04 22:43:27','å†…ç½‘IP|0|0|å†…ç½‘IP|å†…ç½‘IP'),(1308,'MrBird','æ–°å¢èœå•/æŒ‰é’®',8,'cn.edu.hit.spat.system.controller.MenuController.addMenu()',' menu: \"Menu(menuId=226, parentId=223, menuName=å·²æœ‰è´§å“å…¥åº“, url=null, perms=record:update, icon=null, type=1, orderNum=null, createTime=Fri Dec 04 22:44:39 CST 2020, modifyTime=null)\"','192.168.43.143','2020-12-04 22:44:39','å†…ç½‘IP|0|0|å†…ç½‘IP|å†…ç½‘IP'),(1309,'MrBird','æ–°å¢èœå•/æŒ‰é’®',18,'cn.edu.hit.spat.system.controller.MenuController.addMenu()',' menu: \"Menu(menuId=227, parentId=223, menuName=è´§å“è½¬ç§», url=null, perms=record:trans, icon=null, type=1, orderNum=null, createTime=Fri Dec 04 22:45:03 CST 2020, modifyTime=null)\"','192.168.43.143','2020-12-04 22:45:04','å†…ç½‘IP|0|0|å†…ç½‘IP|å†…ç½‘IP'),(1310,'MrBird','ä¿®æ”¹è§’è‰²',76,'cn.edu.hit.spat.system.controller.RoleController.updateRole()',' role: \"Role(roleId=1, roleName=ç³»ç»Ÿç®¡ç†å‘˜, remark=ç³»ç»Ÿç®¡ç†å‘˜ï¼Œæ‹¥æœ‰æ‰€æœ‰æ“ä½œæƒé™ ^_^, createTime=null, modifyTime=Fri Dec 04 22:45:51 CST 2020, menuIds=218,219,220,221,222,223,224,225,226,227,197,198,199,200,201,203,204,212,213,214,215,205,206,207,210,101,102,103,173,104,105,106,107,108,109,174,110,1,3,11,12,13,160,161,4,15,14,16,162,5,17,18,19,163,6,164,20,21,22,137,138,165,139,166,2,8,23,10,170,24,136,171,172,127,128,129,131,175,115,132,133,135,134,126,159,116,117,119,120,121,122,123,118,125,167,168,169,178)\"','192.168.43.143','2020-12-04 22:45:52','å†…ç½‘IP|0|0|å†…ç½‘IP|å†…ç½‘IP'),(1311,'MrBird','ä¿®æ”¹èœå•/æŒ‰é’®',20,'cn.edu.hit.spat.system.controller.MenuController.updateMenu()',' menu: \"Menu(menuId=197, parentId=0, menuName=è®¢å•ç®¡ç†, url=, perms=order:view, icon=layui-icon-filedone, type=0, orderNum=0, createTime=null, modifyTime=Fri Dec 04 22:48:21 CST 2020)\"','192.168.43.143','2020-12-04 22:48:21','å†…ç½‘IP|0|0|å†…ç½‘IP|å†…ç½‘IP'),(1312,'MrBird','ä¿®æ”¹èœå•/æŒ‰é’®',29,'cn.edu.hit.spat.system.controller.MenuController.updateMenu()',' menu: \"Menu(menuId=199, parentId=197, menuName=å®¡æ‰¹è®¢å•, url=null, perms=order:approve:audit, icon=null, type=1, orderNum=null, createTime=null, modifyTime=Fri Dec 04 23:47:02 CST 2020)\"','192.168.43.143','2020-12-04 23:47:02','å†…ç½‘IP|0|0|å†…ç½‘IP|å†…ç½‘IP'),(1313,'MrBird','æ–°å¢èœå•/æŒ‰é’®',22,'cn.edu.hit.spat.system.controller.MenuController.addMenu()',' menu: \"Menu(menuId=228, parentId=204, menuName=ä¿®æ”¹è®¢å•åŠé€€è´§, url=null, perms=order:update, icon=null, type=1, orderNum=null, createTime=Sat Dec 05 00:00:26 CST 2020, modifyTime=null)\"','192.168.43.143','2020-12-05 00:00:26','å†…ç½‘IP|0|0|å†…ç½‘IP|å†…ç½‘IP'),(1314,'MrBird','æ–°å¢èœå•/æŒ‰é’®',61,'cn.edu.hit.spat.system.controller.MenuController.addMenu()',' menu: \"Menu(menuId=229, parentId=204, menuName=åˆ é™¤è®¢å•, url=null, perms=order:delete, icon=null, type=1, orderNum=null, createTime=Sat Dec 05 00:01:25 CST 2020, modifyTime=null)\"','192.168.43.143','2020-12-05 00:01:26','å†…ç½‘IP|0|0|å†…ç½‘IP|å†…ç½‘IP'),(1315,'MrBird','ä¿®æ”¹è§’è‰²',79,'cn.edu.hit.spat.system.controller.RoleController.updateRole()',' role: \"Role(roleId=1, roleName=ç³»ç»Ÿç®¡ç†å‘˜, remark=ç³»ç»Ÿç®¡ç†å‘˜ï¼Œæ‹¥æœ‰æ‰€æœ‰æ“ä½œæƒé™ ^_^, createTime=null, modifyTime=Sat Dec 05 00:02:09 CST 2020, menuIds=218,219,220,221,222,223,224,225,226,227,197,203,204,198,199,200,201,228,229,212,213,214,215,205,206,207,210,101,102,103,173,104,105,106,107,108,109,174,110,1,3,11,12,13,160,161,4,15,14,16,162,5,17,18,19,163,6,20,21,22,164,2,8,23,10,170,24,136,171,172,127,128,129,131,175,137,138,165,139,166,115,132,133,135,134,126,159,116,117,119,120,121,122,123,118,125,167,168,169,178)\"','192.168.43.143','2020-12-05 00:02:10','å†…ç½‘IP|0|0|å†…ç½‘IP|å†…ç½‘IP'),(1316,'MrBird','ä¿®æ”¹èœå•/æŒ‰é’®',17,'cn.edu.hit.spat.system.controller.MenuController.updateMenu()',' menu: \"Menu(menuId=198, parentId=204, menuName=æ–°å¢è®¢å•, url=null, perms=orders:create, icon=null, type=1, orderNum=null, createTime=null, modifyTime=Sat Dec 05 00:11:24 CST 2020)\"','192.168.43.143','2020-12-05 00:11:24','å†…ç½‘IP|0|0|å†…ç½‘IP|å†…ç½‘IP'),(1317,'MrBird','ä¿®æ”¹èœå•/æŒ‰é’®',10,'cn.edu.hit.spat.system.controller.MenuController.updateMenu()',' menu: \"Menu(menuId=133, parentId=132, menuName=è¡¨å•ç»„ä»¶, url=/others/gwarbms/form, perms=febs:form:view, icon=, type=0, orderNum=1, createTime=null, modifyTime=Sat Dec 05 10:11:00 CST 2020)\"','192.168.43.143','2020-12-05 10:11:00','å†…ç½‘IP|0|0|å†…ç½‘IP|å†…ç½‘IP'),(1318,'MrBird','ä¿®æ”¹èœå•/æŒ‰é’®',7,'cn.edu.hit.spat.system.controller.MenuController.updateMenu()',' menu: \"Menu(menuId=133, parentId=132, menuName=è¡¨å•ç»„ä»¶, url=/others/gwarbms/form, perms=gwarbms:form:view, icon=, type=0, orderNum=1, createTime=null, modifyTime=Sat Dec 05 10:11:09 CST 2020)\"','192.168.43.143','2020-12-05 10:11:10','å†…ç½‘IP|0|0|å†…ç½‘IP|å†…ç½‘IP'),(1319,'MrBird','ä¿®æ”¹èœå•/æŒ‰é’®',17,'cn.edu.hit.spat.system.controller.MenuController.updateMenu()',' menu: \"Menu(menuId=159, parentId=132, menuName=å…¶ä»–ç»„ä»¶, url=/others/febs/others, perms=others:gwarbms:others, icon=, type=0, orderNum=5, createTime=null, modifyTime=Sat Dec 05 10:12:21 CST 2020)\"','192.168.43.143','2020-12-05 10:12:22','å†…ç½‘IP|0|0|å†…ç½‘IP|å†…ç½‘IP'),(1320,'MrBird','ä¿®æ”¹èœå•/æŒ‰é’®',17,'cn.edu.hit.spat.system.controller.MenuController.updateMenu()',' menu: \"Menu(menuId=159, parentId=132, menuName=å…¶ä»–ç»„ä»¶, url=/others/gwarbms/others, perms=others:gwarbms:others, icon=, type=0, orderNum=5, createTime=null, modifyTime=Sat Dec 05 10:13:09 CST 2020)\"','192.168.43.143','2020-12-05 10:13:10','å†…ç½‘IP|0|0|å†…ç½‘IP|å†…ç½‘IP'),(1321,'MrBird','åˆ é™¤èœå•/æŒ‰é’®',39,'cn.edu.hit.spat.system.controller.MenuController.deleteMenus()',' menuIds: \"117,119,120,121,122,123\"','192.168.43.143','2020-12-05 10:33:25','å†…ç½‘IP|0|0|å†…ç½‘IP|å†…ç½‘IP'),(1322,'MrBird','åˆ é™¤èœå•/æŒ‰é’®',14,'cn.edu.hit.spat.system.controller.MenuController.deleteMenus()',' menuIds: \"116\"','192.168.43.143','2020-12-05 10:33:42','å†…ç½‘IP|0|0|å†…ç½‘IP|å†…ç½‘IP'),(1323,'MrBird','åˆ é™¤èœå•/æŒ‰é’®',12,'cn.edu.hit.spat.system.controller.MenuController.deleteMenus()',' menuIds: \"118\"','192.168.43.143','2020-12-05 10:34:08','å†…ç½‘IP|0|0|å†…ç½‘IP|å†…ç½‘IP'),(1324,'MrBird','åˆ é™¤èœå•/æŒ‰é’®',27,'cn.edu.hit.spat.system.controller.MenuController.deleteMenus()',' menuIds: \"133,135,134,159\"','192.168.43.143','2020-12-05 10:35:38','å†…ç½‘IP|0|0|å†…ç½‘IP|å†…ç½‘IP'),(1325,'MrBird','åˆ é™¤èœå•/æŒ‰é’®',26,'cn.edu.hit.spat.system.controller.MenuController.deleteMenus()',' menuIds: \"125,167,168,169\"','192.168.43.143','2020-12-05 10:36:03','å†…ç½‘IP|0|0|å†…ç½‘IP|å†…ç½‘IP'),(1326,'MrBird','ä¿®æ”¹èœå•/æŒ‰é’®',16,'cn.edu.hit.spat.system.controller.MenuController.updateMenu()',' menu: \"Menu(menuId=126, parentId=132, menuName=ç³»ç»Ÿå›¾æ ‡, url=/others/icon, perms=gwarbms:icons:view, icon=, type=0, orderNum=4, createTime=null, modifyTime=Sat Dec 05 10:36:49 CST 2020)\"','192.168.43.143','2020-12-05 10:36:50','å†…ç½‘IP|0|0|å†…ç½‘IP|å†…ç½‘IP'),(1327,'MrBird','åˆ é™¤èœå•/æŒ‰é’®',42,'cn.edu.hit.spat.system.controller.MenuController.deleteMenus()',' menuIds: \"126\"','192.168.43.143','2020-12-05 10:39:53','å†…ç½‘IP|0|0|å†…ç½‘IP|å†…ç½‘IP'),(1328,'MrBird','åˆ é™¤èœå•/æŒ‰é’®',26,'cn.edu.hit.spat.system.controller.MenuController.deleteMenus()',' menuIds: \"132\"','192.168.43.143','2020-12-05 10:39:58','å†…ç½‘IP|0|0|å†…ç½‘IP|å†…ç½‘IP'),(1329,'MrBird','åˆ é™¤èœå•/æŒ‰é’®',25,'cn.edu.hit.spat.system.controller.MenuController.deleteMenus()',' menuIds: \"115\"','192.168.43.143','2020-12-05 10:40:08','å†…ç½‘IP|0|0|å†…ç½‘IP|å†…ç½‘IP'),(1330,'MrBird','åˆ é™¤èœå•/æŒ‰é’®',43,'cn.edu.hit.spat.system.controller.MenuController.deleteMenus()',' menuIds: \"139,166\"','192.168.43.143','2020-12-05 10:56:18','å†…ç½‘IP|0|0|å†…ç½‘IP|å†…ç½‘IP'),(1331,'MrBird','åˆ é™¤èœå•/æŒ‰é’®',18,'cn.edu.hit.spat.system.controller.MenuController.deleteMenus()',' menuIds: \"165\"','192.168.43.143','2020-12-05 10:56:23','å†…ç½‘IP|0|0|å†…ç½‘IP|å†…ç½‘IP'),(1332,'MrBird','åˆ é™¤èœå•/æŒ‰é’®',16,'cn.edu.hit.spat.system.controller.MenuController.deleteMenus()',' menuIds: \"138\"','192.168.43.143','2020-12-05 10:56:27','å†…ç½‘IP|0|0|å†…ç½‘IP|å†…ç½‘IP'),(1333,'MrBird','åˆ é™¤èœå•/æŒ‰é’®',26,'cn.edu.hit.spat.system.controller.MenuController.deleteMenus()',' menuIds: \"137\"','192.168.43.143','2020-12-05 10:56:31','å†…ç½‘IP|0|0|å†…ç½‘IP|å†…ç½‘IP'),(1334,'MrBird','åˆ é™¤èœå•/æŒ‰é’®',56,'cn.edu.hit.spat.system.controller.MenuController.deleteMenus()',' menuIds: \"178\"','192.168.43.143','2020-12-05 11:01:31','å†…ç½‘IP|0|0|å†…ç½‘IP|å†…ç½‘IP'),(1335,'MrBird','åˆ é™¤èœå•/æŒ‰é’®',19,'cn.edu.hit.spat.system.controller.MenuController.deleteMenus()',' menuIds: \"103,104,105,106,107,108,173\"','192.168.43.143','2020-12-05 11:09:24','å†…ç½‘IP|0|0|å†…ç½‘IP|å†…ç½‘IP'),(1336,'MrBird','åˆ é™¤èœå•/æŒ‰é’®',16,'cn.edu.hit.spat.system.controller.MenuController.deleteMenus()',' menuIds: \"102\"','192.168.43.143','2020-12-05 11:09:29','å†…ç½‘IP|0|0|å†…ç½‘IP|å†…ç½‘IP'),(1337,'MrBird','åˆ é™¤èœå•/æŒ‰é’®',25,'cn.edu.hit.spat.system.controller.MenuController.deleteMenus()',' menuIds: \"110,174\"','192.168.43.143','2020-12-05 11:09:34','å†…ç½‘IP|0|0|å†…ç½‘IP|å†…ç½‘IP'),(1338,'MrBird','åˆ é™¤èœå•/æŒ‰é’®',13,'cn.edu.hit.spat.system.controller.MenuController.deleteMenus()',' menuIds: \"109\"','192.168.43.143','2020-12-05 11:09:38','å†…ç½‘IP|0|0|å†…ç½‘IP|å†…ç½‘IP'),(1339,'MrBird','åˆ é™¤èœå•/æŒ‰é’®',24,'cn.edu.hit.spat.system.controller.MenuController.deleteMenus()',' menuIds: \"101\"','192.168.43.143','2020-12-05 11:09:43','å†…ç½‘IP|0|0|å†…ç½‘IP|å†…ç½‘IP'),(1340,'MrBird','åˆ é™¤èœå•/æŒ‰é’®',40,'cn.edu.hit.spat.system.controller.MenuController.deleteMenus()',' menuIds: \"175\"','192.168.43.143','2020-12-05 13:16:37','å†…ç½‘IP|0|0|å†…ç½‘IP|å†…ç½‘IP'),(1341,'MrBird','åˆ é™¤èœå•/æŒ‰é’®',26,'cn.edu.hit.spat.system.controller.MenuController.deleteMenus()',' menuIds: \"129,131\"','192.168.43.143','2020-12-05 13:16:44','å†…ç½‘IP|0|0|å†…ç½‘IP|å†…ç½‘IP'),(1342,'MrBird','åˆ é™¤èœå•/æŒ‰é’®',31,'cn.edu.hit.spat.system.controller.MenuController.deleteMenus()',' menuIds: \"128\"','192.168.43.143','2020-12-05 13:16:49','å†…ç½‘IP|0|0|å†…ç½‘IP|å†…ç½‘IP'),(1343,'MrBird','åˆ é™¤èœå•/æŒ‰é’®',23,'cn.edu.hit.spat.system.controller.MenuController.deleteMenus()',' menuIds: \"127\"','192.168.43.143','2020-12-05 13:16:53','å†…ç½‘IP|0|0|å†…ç½‘IP|å†…ç½‘IP'),(1344,'MrBird','åˆ é™¤èœå•/æŒ‰é’®',25,'cn.edu.hit.spat.system.controller.MenuController.deleteMenus()',' menuIds: \"172,171\"','192.168.43.143','2020-12-05 13:17:03','å†…ç½‘IP|0|0|å†…ç½‘IP|å†…ç½‘IP'),(1345,'MrBird','åˆ é™¤èœå•/æŒ‰é’®',16,'cn.edu.hit.spat.system.controller.MenuController.deleteMenus()',' menuIds: \"136\"','192.168.43.143','2020-12-05 13:17:08','å†…ç½‘IP|0|0|å†…ç½‘IP|å†…ç½‘IP'),(1346,'MrBird','åˆ é™¤èœå•/æŒ‰é’®',26,'cn.edu.hit.spat.system.controller.MenuController.deleteMenus()',' menuIds: \"170,24\"','192.168.43.143','2020-12-05 13:17:16','å†…ç½‘IP|0|0|å†…ç½‘IP|å†…ç½‘IP'),(1347,'MrBird','åˆ é™¤èœå•/æŒ‰é’®',14,'cn.edu.hit.spat.system.controller.MenuController.deleteMenus()',' menuIds: \"10\"','192.168.43.143','2020-12-05 13:17:20','å†…ç½‘IP|0|0|å†…ç½‘IP|å†…ç½‘IP'),(1348,'MrBird','ä¿®æ”¹èœå•/æŒ‰é’®',19,'cn.edu.hit.spat.system.controller.MenuController.updateMenu()',' menu: \"Menu(menuId=8, parentId=0, menuName=åœ¨çº¿ç”¨æˆ·, url=/monitor/online, perms=online:view, icon=, type=0, orderNum=4, createTime=null, modifyTime=Sat Dec 05 13:18:55 CST 2020)\"','192.168.43.143','2020-12-05 13:18:56','å†…ç½‘IP|0|0|å†…ç½‘IP|å†…ç½‘IP'),(1349,'MrBird','ä¿®æ”¹èœå•/æŒ‰é’®',17,'cn.edu.hit.spat.system.controller.MenuController.updateMenu()',' menu: \"Menu(menuId=8, parentId=0, menuName=åœ¨çº¿ç”¨æˆ·, url=/monitor/online, perms=online:view, icon=layui-icon-alert, type=0, orderNum=4, createTime=null, modifyTime=Sat Dec 05 13:21:00 CST 2020)\"','192.168.43.143','2020-12-05 13:21:00','å†…ç½‘IP|0|0|å†…ç½‘IP|å†…ç½‘IP'),(1350,'MrBird','åˆ é™¤èœå•/æŒ‰é’®',14,'cn.edu.hit.spat.system.controller.MenuController.deleteMenus()',' menuIds: \"2\"','192.168.43.143','2020-12-05 13:21:05','å†…ç½‘IP|0|0|å†…ç½‘IP|å†…ç½‘IP'),(1351,'MrBird','åˆ é™¤ç”¨æˆ·',47,'cn.edu.hit.spat.system.controller.UserController.deleteUsers()',' userIds: \"5\"','192.168.43.143','2020-12-05 14:13:15','å†…ç½‘IP|0|0|å†…ç½‘IP|å†…ç½‘IP'),(1352,'MrBird','åˆ é™¤ç”¨æˆ·',28,'cn.edu.hit.spat.system.controller.UserController.deleteUsers()',' userIds: \"7\"','192.168.43.143','2020-12-05 14:13:57','å†…ç½‘IP|0|0|å†…ç½‘IP|å†…ç½‘IP'),(1353,'MrBird','åˆ é™¤ç”¨æˆ·',27,'cn.edu.hit.spat.system.controller.UserController.deleteUsers()',' userIds: \"4\"','192.168.43.143','2020-12-05 14:14:06','å†…ç½‘IP|0|0|å†…ç½‘IP|å†…ç½‘IP'),(1354,'MrBird','åˆ é™¤ç”¨æˆ·',34,'cn.edu.hit.spat.system.controller.UserController.deleteUsers()',' userIds: \"3\"','192.168.43.143','2020-12-05 14:14:15','å†…ç½‘IP|0|0|å†…ç½‘IP|å†…ç½‘IP'),(1355,'MrBird','ä¿®æ”¹ç”¨æˆ·',77,'cn.edu.hit.spat.system.controller.UserController.updateUser()',' user: \"User(userId=6, username=null, password=null, deptId=1, email=Georgie@qq.com, mobile=17766666666, status=0, createTime=null, modifyTime=Sat Dec 05 14:14:51 CST 2020, lastLoginTime=null, sex=2, avatar=null, theme=null, isTab=null, description=ç”Ÿäº§æ‰§è¡Œrm -rf *ï¼Œè´¦å·å°ç¦T T, deptName=null, createTimeFrom=null, createTimeTo=null, roleId=80, roleName=null, deptIds=)\"','192.168.43.143','2020-12-05 14:14:51','å†…ç½‘IP|0|0|å†…ç½‘IP|å†…ç½‘IP'),(1356,'MrBird','ä¿®æ”¹ç”¨æˆ·',21,'cn.edu.hit.spat.system.controller.UserController.updateUser()',' user: \"User(userId=2, username=null, password=null, deptId=1, email=scott@gmail.com, mobile=17722222222, status=1, createTime=null, modifyTime=Sat Dec 05 14:15:09 CST 2020, lastLoginTime=null, sex=0, avatar=null, theme=null, isTab=null, description=æˆ‘æ˜¯scottã€‚, deptName=null, createTimeFrom=null, createTimeTo=null, roleId=2, roleName=null, deptIds=1,2)\"','192.168.43.143','2020-12-05 14:15:10','å†…ç½‘IP|0|0|å†…ç½‘IP|å†…ç½‘IP'),(1357,'MrBird','åˆ é™¤éƒ¨é—¨',26,'cn.edu.hit.spat.system.controller.DeptController.deleteDepts()',' deptIds: \"10\"','192.168.43.143','2020-12-05 14:16:02','å†…ç½‘IP|0|0|å†…ç½‘IP|å†…ç½‘IP'),(1358,'MrBird','åˆ é™¤éƒ¨é—¨',16,'cn.edu.hit.spat.system.controller.DeptController.deleteDepts()',' deptIds: \"2,3,4,5,7,8,9\"','192.168.43.143','2020-12-05 14:16:17','å†…ç½‘IP|0|0|å†…ç½‘IP|å†…ç½‘IP'),(1359,'MrBird','ä¿®æ”¹ç”¨æˆ·',20,'cn.edu.hit.spat.system.controller.UserController.updateUser()',' user: \"User(userId=9, username=null, password=null, deptId=6, email=beiyan@qq.com, mobile=15066666666, status=1, createTime=null, modifyTime=Sat Dec 05 14:16:42 CST 2020, lastLoginTime=null, sex=2, avatar=null, theme=null, isTab=null, description=æµ‹è¯•ç®¡ç†å‘˜è´¦å·, deptName=null, createTimeFrom=null, createTimeTo=null, roleId=1, roleName=null, deptIds=)\"','192.168.43.143','2020-12-05 14:16:43','å†…ç½‘IP|0|0|å†…ç½‘IP|å†…ç½‘IP'),(1360,'MrBird','ä¿®æ”¹ç”¨æˆ·',26,'cn.edu.hit.spat.system.controller.UserController.updateUser()',' user: \"User(userId=10, username=null, password=null, deptId=null, email=, mobile=, status=1, createTime=null, modifyTime=Sat Dec 05 14:26:00 CST 2020, lastLoginTime=null, sex=2, avatar=null, theme=null, isTab=null, description=æ³¨å†Œç”¨æˆ·, deptName=null, createTimeFrom=null, createTimeTo=null, roleId=84, roleName=null, deptIds=)\"','192.168.43.143','2020-12-05 14:26:01','å†…ç½‘IP|0|0|å†…ç½‘IP|å†…ç½‘IP'),(1361,'MrBird','ä¿®æ”¹è§’è‰²',86,'cn.edu.hit.spat.system.controller.RoleController.updateRole()',' role: \"Role(roleId=84, roleName=åº—ä¸», remark=åº—ä¸», createTime=null, modifyTime=Sat Dec 05 14:26:57 CST 2020, menuIds=218,219,222,220,221,223,224,225,226,227,197,203,204,229,228,198,199,200,201,212,213,214,215,205,206,207,210,1,3,11,12,13,160,161,8,23)\"','192.168.43.143','2020-12-05 14:26:58','å†…ç½‘IP|0|0|å†…ç½‘IP|å†…ç½‘IP'),(1362,'MrBird','æ–°å¢ç”¨æˆ·',21,'cn.edu.hit.spat.system.controller.UserController.addUser()',' user: \"User(userId=11, username=Manager, password=1910ab772c0cd7ba2f5ab5b02b29db05, deptId=null, email=, mobile=, status=1, createTime=Sat Dec 05 14:31:15 CST 2020, modifyTime=null, lastLoginTime=null, sex=2, avatar=default.jpg, theme=black, isTab=1, description=, deptName=null, createTimeFrom=null, createTimeTo=null, roleId=85, roleName=null, deptIds=null)\"','192.168.43.143','2020-12-05 14:31:15','å†…ç½‘IP|0|0|å†…ç½‘IP|å†…ç½‘IP'),(1363,'MrBird','æ–°å¢ç”¨æˆ·',20,'cn.edu.hit.spat.system.controller.UserController.addUser()',' user: \"User(userId=12, username=Employee, password=fa08edc78a947e2217e156e06be0d46c, deptId=null, email=, mobile=, status=1, createTime=Sat Dec 05 14:32:13 CST 2020, modifyTime=null, lastLoginTime=null, sex=2, avatar=default.jpg, theme=black, isTab=1, description=, deptName=null, createTimeFrom=null, createTimeTo=null, roleId=86, roleName=null, deptIds=null)\"','192.168.43.143','2020-12-05 14:32:14','å†…ç½‘IP|0|0|å†…ç½‘IP|å†…ç½‘IP'),(1364,'MrBird','ä¿®æ”¹è§’è‰²',36,'cn.edu.hit.spat.system.controller.RoleController.updateRole()',' role: \"Role(roleId=85, roleName=ç»ç†, remark=ç»ç†, createTime=null, modifyTime=Sat Dec 05 14:32:47 CST 2020, menuIds=218,219,222,220,221,223,224,225,226,227,197,203,204,229,228,198,199,200,201,212,213,214,215,205,206,207,210)\"','192.168.43.143','2020-12-05 14:32:47','å†…ç½‘IP|0|0|å†…ç½‘IP|å†…ç½‘IP'),(1365,'MrBird','ä¿®æ”¹è§’è‰²',16,'cn.edu.hit.spat.system.controller.RoleController.updateRole()',' role: \"Role(roleId=2, roleName=æ³¨å†Œè´¦æˆ·, remark=æ³¨å†Œè´¦æˆ·ï¼Œæ‹¥æœ‰æŸ¥çœ‹ï¼Œæ–°å¢æƒé™ï¼ˆæ–°å¢ç”¨æˆ·é™¤å¤–ï¼‰å’Œå¯¼å‡ºExcelæƒé™, createTime=null, modifyTime=Sat Dec 05 14:33:31 CST 2020, menuIds=218,219,223,205,8)\"','192.168.43.143','2020-12-05 14:33:32','å†…ç½‘IP|0|0|å†…ç½‘IP|å†…ç½‘IP'),(1366,'MrBird','ä¿®æ”¹ç”¨æˆ·',27,'cn.edu.hit.spat.system.controller.UserController.updateUser()',' user: \"User(userId=6, username=null, password=null, deptId=1, email=Georgie@qq.com, mobile=17766666666, status=0, createTime=null, modifyTime=Sat Dec 05 14:34:03 CST 2020, lastLoginTime=null, sex=2, avatar=null, theme=null, isTab=null, description=ç”Ÿäº§æ‰§è¡Œrm -rf *ï¼Œè´¦å·å°ç¦T T, deptName=null, createTimeFrom=null, createTimeTo=null, roleId=2, roleName=null, deptIds=)\"','192.168.43.143','2020-12-05 14:34:04','å†…ç½‘IP|0|0|å†…ç½‘IP|å†…ç½‘IP'),(1367,'MrBird','åˆ é™¤ç”¨æˆ·',23,'cn.edu.hit.spat.system.controller.UserController.deleteUsers()',' userIds: \"8\"','192.168.43.143','2020-12-05 14:34:32','å†…ç½‘IP|0|0|å†…ç½‘IP|å†…ç½‘IP'),(1368,'MrBird','åˆ é™¤ç”¨æˆ·',23,'cn.edu.hit.spat.system.controller.UserController.deleteUsers()',' userIds: \"9\"','192.168.43.143','2020-12-05 14:34:46','å†…ç½‘IP|0|0|å†…ç½‘IP|å†…ç½‘IP'),(1369,'MrBird','åˆ é™¤è§’è‰²',17,'cn.edu.hit.spat.system.controller.RoleController.deleteRoles()',' roleIds: \"79\"','192.168.43.143','2020-12-05 14:35:29','å†…ç½‘IP|0|0|å†…ç½‘IP|å†…ç½‘IP'),(1370,'MrBird','åˆ é™¤è§’è‰²',24,'cn.edu.hit.spat.system.controller.RoleController.deleteRoles()',' roleIds: \"78\"','192.168.43.143','2020-12-05 14:35:31','å†…ç½‘IP|0|0|å†…ç½‘IP|å†…ç½‘IP'),(1371,'MrBird','åˆ é™¤è§’è‰²',12,'cn.edu.hit.spat.system.controller.RoleController.deleteRoles()',' roleIds: \"77\"','192.168.43.143','2020-12-05 14:35:33','å†…ç½‘IP|0|0|å†…ç½‘IP|å†…ç½‘IP'),(1372,'MrBird','åˆ é™¤è§’è‰²',21,'cn.edu.hit.spat.system.controller.RoleController.deleteRoles()',' roleIds: \"80\"','192.168.43.143','2020-12-05 14:35:40','å†…ç½‘IP|0|0|å†…ç½‘IP|å†…ç½‘IP'),(1373,'MrBird','ä¿®æ”¹è§’è‰²',17,'cn.edu.hit.spat.system.controller.RoleController.updateRole()',' role: \"Role(roleId=2, roleName=æ³¨å†Œè´¦æˆ·, remark=æ³¨å†Œè´¦æˆ·ï¼Œæ‹¥æœ‰æŸ¥çœ‹æƒé™, createTime=null, modifyTime=Sat Dec 05 14:36:16 CST 2020, menuIds=218,219,223,205,8)\"','192.168.43.143','2020-12-05 14:36:16','å†…ç½‘IP|0|0|å†…ç½‘IP|å†…ç½‘IP'),(1374,'MrBird','ä¿®æ”¹é”€å”®å•',20,'cn.edu.hit.spat.system.controller.OrdersController.updateOrders()',' orders: \"Orders(ordersId=1, customerName=å¼ ä¸‰, customerPhone=13123989123, goodsId=1, goodsNum=199, ordersprice=1000.0, pricepaid=200.0, ordersperiod=5.0, status=4, createTime=null, ordersaddress=é»‘é¾™æ±Ÿçœå“ˆå°”æ»¨å¸‚å—å²—åŒºå“ˆå°”æ»¨å·¥ä¸šå¤§å­¦, storehouse=nn, createTimeFrom=null, createTimeTo=null)\"','192.168.137.1','2020-12-06 10:00:47',NULL),(1375,'MrBird','ä¿®æ”¹èœå•/æŒ‰é’®',17,'cn.edu.hit.spat.system.controller.MenuController.updateMenu()',' menu: \"Menu(menuId=203, parentId=197, menuName=é›¶å”®è®¢å•, url=/system/order, perms=order:retail;order:view, icon=, type=0, orderNum=1, createTime=null, modifyTime=Sun Dec 06 10:01:48 CST 2020)\"','192.168.137.1','2020-12-06 10:01:48',NULL),(1376,'MrBird','æ–°å¢èœå•/æŒ‰é’®',19,'cn.edu.hit.spat.system.controller.MenuController.addMenu()',' menu: \"Menu(menuId=230, parentId=203, menuName=æ–°å¢è®¢å•, url=null, perms=order:retail, icon=null, type=1, orderNum=null, createTime=Sun Dec 06 10:08:57 CST 2020, modifyTime=null)\"','192.168.137.1','2020-12-06 10:08:57',NULL),(1377,'MrBird','ä¿®æ”¹è§’è‰²',55,'cn.edu.hit.spat.system.controller.RoleController.updateRole()',' role: \"Role(roleId=1, roleName=ç³»ç»Ÿç®¡ç†å‘˜, remark=ç³»ç»Ÿç®¡ç†å‘˜ï¼Œæ‹¥æœ‰æ‰€æœ‰æ“ä½œæƒé™ ^_^, createTime=null, modifyTime=Sun Dec 06 10:09:07 CST 2020, menuIds=218,219,220,221,222,223,224,225,226,227,197,203,230,204,228,229,198,199,200,201,212,213,214,215,205,206,207,210,1,3,11,12,13,160,161,4,14,15,16,162,5,17,18,19,163,6,20,21,22,164,8,23)\"','192.168.137.1','2020-12-06 10:09:08',NULL),(1378,'MrBird','ä¿®æ”¹èœå•/æŒ‰é’®',14,'cn.edu.hit.spat.system.controller.MenuController.updateMenu()',' menu: \"Menu(menuId=203, parentId=197, menuName=é›¶å”®è®¢å•, url=/system/order, perms=order:view, icon=, type=0, orderNum=1, createTime=null, modifyTime=Sun Dec 06 10:10:23 CST 2020)\"','192.168.137.1','2020-12-06 10:10:23',NULL),(1379,'MrBird','æ–°å¢é›¶å”®å•',31,'cn.edu.hit.spat.system.controller.OrderController.addOrder()',' order: \"Order(orderId=2, customerName=ss, customerPhone=11111111111, orderPrice=22.0, goodsId=1,1, name=null, createTime=Sun Dec 06 16:56:14 CST 2020, createTimeFrom=null, createTimeTo=null)\"','192.168.137.1','2020-12-06 16:56:14',NULL),(1380,'MrBird','æ–°å¢é›¶å”®å•',47,'cn.edu.hit.spat.system.controller.OrderController.addOrder()',' order: \"Order(orderId=3, customerName=ww, customerPhone=11111111111, orderPrice=11.0, goodsId=1, name=[é”®ç›˜], createTime=Sun Dec 06 18:01:29 CST 2020, createTimeFrom=null, createTimeTo=null)\"','192.168.137.1','2020-12-06 18:01:29',NULL),(1381,'MrBird','æ–°å¢é›¶å”®å•',42,'cn.edu.hit.spat.system.controller.OrderController.addOrder()',' order: \"Order(orderId=4, customerName=ss, customerPhone=13629837999, orderPrice=2.0, goodsId=1, name=[é”®ç›˜], createTime=Sun Dec 06 18:08:09 CST 2020, createTimeFrom=null, createTimeTo=null)\"','192.168.137.1','2020-12-06 18:08:10',NULL),(1382,'MrBird','æ–°å¢é›¶å”®å•',50,'cn.edu.hit.spat.system.controller.OrderController.addOrder()',' order: \"Order(orderId=5, customerName=w, customerPhone=13629837931, orderPrice=2.0, goodsId=1, name=[é”®ç›˜], createTime=Sun Dec 06 18:22:43 CST 2020, createTimeFrom=null, createTimeTo=null)\"','192.168.137.1','2020-12-06 18:22:43',NULL),(1383,'MrBird','æ–°å¢é›¶å”®å•',39,'cn.edu.hit.spat.system.controller.OrderController.addOrder()',' order: \"Order(orderId=6, customerName=q, customerPhone=11111111111, orderPrice=1.0, goodsId=1, name=[é”®ç›˜], createTime=Sun Dec 06 18:32:21 CST 2020, createTimeFrom=null, createTimeTo=null)\"','192.168.137.1','2020-12-06 18:32:22',NULL),(1384,'MrBird','æ–°å¢é›¶å”®å•',42,'cn.edu.hit.spat.system.controller.OrderController.addOrder()',' order: \"Order(orderId=7, customerName=w, customerPhone=11111111111, orderPrice=2.0, goodsId=1, name=[é”®ç›˜], createTime=Sun Dec 06 19:02:12 CST 2020, createTimeFrom=null, createTimeTo=null)\"','192.168.137.1','2020-12-06 19:02:12',NULL),(1385,'MrBird','æ–°è´§å“å…¥åº“',23,'cn.edu.hit.spat.system.controller.RecordController.createRecord()',' record: \"Record(recordId=1, storageId=1, storageName=é—¨åº—åº“æˆ¿, goodsId=1, goodsName=é”®ç›˜, number=23)\"','192.168.137.1','2020-12-06 21:03:41',NULL),(1386,'MrBird','æ–°å¢é›¶å”®å•',27,'cn.edu.hit.spat.system.controller.OrderController.addOrder()',' order: \"Order(orderId=8, customerName=qw, customerPhone=11111111111, orderPrice=null, goodsId=1, name=[é”®ç›˜], createTime=Sun Dec 06 21:34:45 CST 2020, createTimeFrom=null, createTimeTo=null)\"','192.168.137.1','2020-12-06 21:34:46',NULL),(1387,'MrBird','æ–°å¢é›¶å”®å•',43,'cn.edu.hit.spat.system.controller.OrderController.addOrder()',' order: \"Order(orderId=9, customerName=rrr, customerPhone=11111111111, orderPrice=30.0, goodsId=3, name=[é¼ æ ‡], createTime=Sun Dec 06 21:45:35 CST 2020, createTimeFrom=null, createTimeTo=null)\"','192.168.137.1','2020-12-06 21:45:36',NULL),(1388,'MrBird','æ–°å¢é›¶å”®å•',23,'cn.edu.hit.spat.system.controller.OrderController.addOrder()',' order: \"Order(orderId=10, customerName=qqq, customerPhone=11111111111, orderPrice=60.0, goodsId=3,3, name=[é¼ æ ‡, é¼ æ ‡], createTime=Sun Dec 06 21:46:22 CST 2020, createTimeFrom=null, createTimeTo=null)\"','192.168.137.1','2020-12-06 21:46:23',NULL),(1389,'MrBird','è´§å“å‡ºåº“',16,'cn.edu.hit.spat.system.controller.RecordController.outRecord()',' record: \"Record(recordId=1, storageId=1, storageName=é—¨åº—åº“æˆ¿, goodsId=1, goodsName=é”®ç›˜, number=21)\"','192.168.137.1','2020-12-06 21:55:10',NULL),(1390,'MrBird','æ–°å¢é›¶å”®å•',63,'cn.edu.hit.spat.system.controller.OrderController.addOrder()',' order: \"Order(orderId=11, customerName=eeo, customerPhone=11111111111, orderPrice=800.0, goodsId=1,1, name=[é”®ç›˜, é”®ç›˜], createTime=Sun Dec 06 22:22:29 CST 2020, createTimeFrom=null, createTimeTo=null)\"','192.168.137.1','2020-12-06 22:22:30',NULL),(1391,'MrBird','æ–°å¢é›¶å”®å•',25,'cn.edu.hit.spat.system.controller.OrderController.addOrder()',' order: \"Order(orderId=12, customerName=22, customerPhone=11111111111, orderPrice=400.0, goodsId=1, name=[é”®ç›˜], createTime=Sun Dec 06 22:24:38 CST 2020, createTimeFrom=null, createTimeTo=null)\"','192.168.137.1','2020-12-06 22:24:38',NULL),(1392,'MrBird','æ–°å¢é›¶å”®å•',28,'cn.edu.hit.spat.system.controller.OrderController.addOrder()',' order: \"Order(orderId=13, customerName=1, customerPhone=11111111111, orderPrice=400.0, goodsId=1, name=[é”®ç›˜], createTime=Sun Dec 06 22:25:52 CST 2020, createTimeFrom=null, createTimeTo=null)\"','192.168.137.1','2020-12-06 22:25:52',NULL),(1393,'MrBird','æ–°å¢é›¶å”®å•',26,'cn.edu.hit.spat.system.controller.OrderController.addOrder()',' order: \"Order(orderId=14, customerName=ququ, customerPhone=11111111111, orderPrice=400.0, goodsId=1, name=[é”®ç›˜], createTime=Sun Dec 06 22:31:10 CST 2020, createTimeFrom=null, createTimeTo=null)\"','192.168.137.1','2020-12-06 22:31:10',NULL),(1394,'MrBird','æ–°å¢é›¶å”®å•',63,'cn.edu.hit.spat.system.controller.OrderController.addOrder()',' order: \"Order(orderId=15, customerName=ww, customerPhone=19999999999, orderPrice=800.0, goodsId=1,1, name=[é”®ç›˜, é”®ç›˜], createTime=Tue Dec 08 10:34:20 CST 2020, createTimeFrom=null, createTimeTo=null)\"','192.168.137.1','2020-12-08 10:34:21',NULL),(1395,'MrBird','æ–°å¢é›¶å”®å•',60,'cn.edu.hit.spat.system.controller.OrderController.addOrder()',' order: \"Order(orderId=16, customerName=q, customerPhone=11111111111, orderPrice=400.0, goodsId=1, name=[é”®ç›˜], createTime=Tue Dec 08 10:38:16 CST 2020, createTimeFrom=null, createTimeTo=null)\"','192.168.137.1','2020-12-08 10:38:16',NULL),(1396,'MrBird','æ–°å¢ä»“åº“',31,'cn.edu.hit.spat.system.controller.StorageController.createStorage()',' storage: \"Storage(storageId=3, storageName=æµ‹è¯•)\"','192.168.43.143','2020-12-11 13:34:19','å†…ç½‘IP|0|0|å†…ç½‘IP|å†…ç½‘IP'),(1397,'MrBird','ä¿®æ”¹ä»“åº“',22,'cn.edu.hit.spat.system.controller.StorageController.updateStorage()',' storage: \"Storage(storageId=3, storageName=æµ‹è¯•0)\"','192.168.43.143','2020-12-11 13:34:26','å†…ç½‘IP|0|0|å†…ç½‘IP|å†…ç½‘IP'),(1398,'MrBird','æ–°å¢è´§å“',12,'cn.edu.hit.spat.system.controller.GoodsController.createGoods()',' goods: \"Goods(goodsId=7, name=æ‰‹æœº, purchasePrice=1000.0, wholesalePrice=1200.0, retailPrice=1300.0, detailList=null)\"','192.168.43.143','2020-12-11 13:35:30','å†…ç½‘IP|0|0|å†…ç½‘IP|å†…ç½‘IP'),(1399,'MrBird','æ·»åŠ è´§å“å±æ€§',26,'cn.edu.hit.spat.system.controller.GoodsController.createGoodsDetail()',' goodsDetail: GoodsDetail(goodsDetailId=9, goodsId=7, goodsAttribute=é¢œè‰², goodsAttributeValue=ç™½)','192.168.43.143','2020-12-11 13:35:44','å†…ç½‘IP|0|0|å†…ç½‘IP|å†…ç½‘IP'),(1400,'MrBird','ä¿®æ”¹è´§å“å±æ€§',22,'cn.edu.hit.spat.system.controller.GoodsController.updateGoodsDetail()',' goodsDetail: GoodsDetail(goodsDetailId=9, goodsId=7, goodsAttribute=é¢œè‰², goodsAttributeValue=ç™½è‰²)','192.168.43.143','2020-12-11 13:35:55','å†…ç½‘IP|0|0|å†…ç½‘IP|å†…ç½‘IP'),(1401,'MrBird','æ–°è´§å“å…¥åº“',29,'cn.edu.hit.spat.system.controller.RecordController.createRecord()',' record: \"Record(recordId=2, storageId=1, storageName=é—¨åº—åº“æˆ¿, goodsId=3, goodsName=é¼ æ ‡, number=10)\"','192.168.43.143','2020-12-11 13:36:49','å†…ç½‘IP|0|0|å†…ç½‘IP|å†…ç½‘IP'),(1402,'MrBird','å·²æœ‰è´§å“å…¥åº“',23,'cn.edu.hit.spat.system.controller.RecordController.updateRecord()',' record: \"Record(recordId=2, storageId=1, storageName=é—¨åº—åº“æˆ¿, goodsId=3, goodsName=é¼ æ ‡, number=20)\"','192.168.43.143','2020-12-11 13:36:57','å†…ç½‘IP|0|0|å†…ç½‘IP|å†…ç½‘IP'),(1403,'MrBird','æ–°å¢é›¶å”®å•',45,'cn.edu.hit.spat.system.controller.OrderController.addOrder()',' order: \"Order(orderId=18, customerName=æå››, customerPhone=15211112222, orderPrice=430.0, goodsId=1,3, name=[é”®ç›˜, é¼ æ ‡], createTime=Fri Dec 11 13:37:15 CST 2020, createTimeFrom=null, createTimeTo=null)\"','192.168.43.143','2020-12-11 13:37:16','å†…ç½‘IP|0|0|å†…ç½‘IP|å†…ç½‘IP'),(1404,'MrBird','æ–°å¢èœå•/æŒ‰é’®',13,'cn.edu.hit.spat.system.controller.MenuController.addMenu()',' menu: \"Menu(menuId=231, parentId=204, menuName=è®¢å•é€€è´§, url=null, perms=orders:return, icon=null, type=1, orderNum=null, createTime=Fri Dec 11 13:50:26 CST 2020, modifyTime=null)\"','192.168.43.143','2020-12-11 13:50:26','å†…ç½‘IP|0|0|å†…ç½‘IP|å†…ç½‘IP'),(1405,'MrBird','æ–°å¢èœå•/æŒ‰é’®',19,'cn.edu.hit.spat.system.controller.MenuController.addMenu()',' menu: \"Menu(menuId=232, parentId=204, menuName=å•æœŸæ”¶æ¬¾, url=null, perms=orders:payone, icon=null, type=1, orderNum=null, createTime=Fri Dec 11 13:50:51 CST 2020, modifyTime=null)\"','192.168.43.143','2020-12-11 13:50:52','å†…ç½‘IP|0|0|å†…ç½‘IP|å†…ç½‘IP'),(1406,'MrBird','ä¿®æ”¹è§’è‰²',85,'cn.edu.hit.spat.system.controller.RoleController.updateRole()',' role: \"Role(roleId=84, roleName=åº—ä¸», remark=åº—ä¸», createTime=null, modifyTime=Fri Dec 11 14:14:55 CST 2020, menuIds=218,219,220,221,222,223,226,227,224,225,197,203,230,204,228,229,231,232,198,199,200,201,212,213,214,215,205,206,207,210,1,3,11,12,13,160,161,8,23)\"','192.168.43.143','2020-12-11 14:14:55','å†…ç½‘IP|0|0|å†…ç½‘IP|å†…ç½‘IP'),(1407,'MrBird','ä¿®æ”¹è§’è‰²',61,'cn.edu.hit.spat.system.controller.RoleController.updateRole()',' role: \"Role(roleId=1, roleName=ç³»ç»Ÿç®¡ç†å‘˜, remark=ç³»ç»Ÿç®¡ç†å‘˜ï¼Œæ‹¥æœ‰æ‰€æœ‰æ“ä½œæƒé™ ^_^, createTime=null, modifyTime=Fri Dec 11 14:15:15 CST 2020, menuIds=218,219,220,221,222,223,226,227,224,225,197,203,230,204,228,229,231,232,198,199,200,201,212,213,214,215,205,206,207,210,1,3,11,12,13,160,161,4,14,15,16,162,5,17,18,19,163,6,20,21,22,164,8,23)\"','192.168.43.143','2020-12-11 14:15:15','å†…ç½‘IP|0|0|å†…ç½‘IP|å†…ç½‘IP'),(1408,'MrBird','ä¿®æ”¹èœå•/æŒ‰é’®',8,'cn.edu.hit.spat.system.controller.MenuController.updateMenu()',' menu: \"Menu(menuId=218, parentId=0, menuName=ä»“åº“ç®¡ç†, url=, perms=storage:view, icon=layui-icon-home, type=0, orderNum=2, createTime=null, modifyTime=Mon Dec 14 18:38:48 GMT+08:00 2020)\"','192.168.220.1','2020-12-14 18:38:49','å†…ç½‘IP|0|0|å†…ç½‘IP|å†…ç½‘IP'),(1409,'MrBird','ä¿®æ”¹èœå•/æŒ‰é’®',8,'cn.edu.hit.spat.system.controller.MenuController.updateMenu()',' menu: \"Menu(menuId=205, parentId=0, menuName=è´§å“ç®¡ç†, url=/system/goods, perms=goods:view, icon=layui-icon-gift, type=0, orderNum=0, createTime=null, modifyTime=Mon Dec 14 18:38:54 GMT+08:00 2020)\"','192.168.220.1','2020-12-14 18:38:55','å†…ç½‘IP|0|0|å†…ç½‘IP|å†…ç½‘IP'),(1410,'MrBird','ä¿®æ”¹èœå•/æŒ‰é’®',11,'cn.edu.hit.spat.system.controller.MenuController.updateMenu()',' menu: \"Menu(menuId=197, parentId=0, menuName=è®¢å•ç®¡ç†, url=, perms=order:view, icon=layui-icon-filedone, type=0, orderNum=3, createTime=null, modifyTime=Mon Dec 14 18:39:00 GMT+08:00 2020)\"','192.168.220.1','2020-12-14 18:39:00','å†…ç½‘IP|0|0|å†…ç½‘IP|å†…ç½‘IP'),(1411,'MrBird','ä¿®æ”¹èœå•/æŒ‰é’®',10,'cn.edu.hit.spat.system.controller.MenuController.updateMenu()',' menu: \"Menu(menuId=1, parentId=0, menuName=ç³»ç»Ÿç®¡ç†, url=, perms=, icon=layui-icon-setting, type=0, orderNum=4, createTime=null, modifyTime=Mon Dec 14 18:39:04 GMT+08:00 2020)\"','192.168.220.1','2020-12-14 18:39:05','å†…ç½‘IP|0|0|å†…ç½‘IP|å†…ç½‘IP'),(1412,'MrBird','ä¿®æ”¹èœå•/æŒ‰é’®',9,'cn.edu.hit.spat.system.controller.MenuController.updateMenu()',' menu: \"Menu(menuId=8, parentId=0, menuName=åœ¨çº¿ç”¨æˆ·, url=/monitor/online, perms=online:view, icon=layui-icon-alert, type=0, orderNum=5, createTime=null, modifyTime=Mon Dec 14 18:39:09 GMT+08:00 2020)\"','192.168.220.1','2020-12-14 18:39:09','å†…ç½‘IP|0|0|å†…ç½‘IP|å†…ç½‘IP'),(1413,'MrBird','æ–°å¢è´§å“',8,'cn.edu.hit.spat.system.controller.GoodsController.createGoods()',' goods: \"Goods(goodsId=8, name=test, purchasePrice=10.0, wholesalePrice=20.0, retailPrice=30.0, detailList=null)\"','192.168.220.1','2020-12-14 18:42:04','å†…ç½‘IP|0|0|å†…ç½‘IP|å†…ç½‘IP'),(1414,'MrBird','æ·»åŠ è´§å“å±æ€§',13,'cn.edu.hit.spat.system.controller.GoodsController.createGoodsDetail()',' goodsDetail: GoodsDetail(goodsDetailId=10, goodsId=8, goodsAttribute=é¢œè‰², goodsAttributeValue=ç™½è‰²)','192.168.220.1','2020-12-14 18:42:32','å†…ç½‘IP|0|0|å†…ç½‘IP|å†…ç½‘IP'),(1415,'MrBird','ä¿®æ”¹è´§å“',15,'cn.edu.hit.spat.system.controller.GoodsController.updateGoods()',' goods: \"Goods(goodsId=8, name=test, purchasePrice=100.0, wholesalePrice=200.0, retailPrice=300.0, detailList=null)\"','192.168.220.1','2020-12-14 18:42:55','å†…ç½‘IP|0|0|å†…ç½‘IP|å†…ç½‘IP'),(1416,'MrBird','ä¿®æ”¹è´§å“å±æ€§',8,'cn.edu.hit.spat.system.controller.GoodsController.updateGoodsDetail()',' goodsDetail: GoodsDetail(goodsDetailId=10, goodsId=8, goodsAttribute=é¢œè‰², goodsAttributeValue=é»‘è‰²)','192.168.220.1','2020-12-14 18:43:12','å†…ç½‘IP|0|0|å†…ç½‘IP|å†…ç½‘IP'),(1417,'MrBird','åˆ é™¤è´§å“',20,'cn.edu.hit.spat.system.controller.GoodsController.deleteGoods()',' goodsIds: \"8\"','192.168.220.1','2020-12-14 18:43:27','å†…ç½‘IP|0|0|å†…ç½‘IP|å†…ç½‘IP'),(1418,'MrBird','æ–°å¢å®¢æˆ·',8,'cn.edu.hit.spat.system.controller.CustomerController.createCustomer()',' customer: \"Customer(customerId=5, name=test, gender=ç”·, phone=15011112222, type=é›¶å”®å®¢æˆ·)\"','192.168.220.1','2020-12-14 18:44:16','å†…ç½‘IP|0|0|å†…ç½‘IP|å†…ç½‘IP'),(1419,'MrBird','ä¿®æ”¹å®¢æˆ·',9,'cn.edu.hit.spat.system.controller.CustomerController.updateCustomer()',' customer: \"Customer(customerId=5, name=test, gender=å¥³, phone=15011112222, type=æ‰¹å‘å®¢æˆ·)\"','192.168.220.1','2020-12-14 18:44:30','å†…ç½‘IP|0|0|å†…ç½‘IP|å†…ç½‘IP'),(1420,'MrBird','æ–°å¢ä»“åº“',9,'cn.edu.hit.spat.system.controller.StorageController.createStorage()',' storage: \"Storage(storageId=4, storageName=test)\"','192.168.220.1','2020-12-14 18:45:00','å†…ç½‘IP|0|0|å†…ç½‘IP|å†…ç½‘IP'),(1421,'MrBird','ä¿®æ”¹ä»“åº“',15,'cn.edu.hit.spat.system.controller.StorageController.updateStorage()',' storage: \"Storage(storageId=4, storageName=test0)\"','192.168.220.1','2020-12-14 18:45:12','å†…ç½‘IP|0|0|å†…ç½‘IP|å†…ç½‘IP'),(1422,'MrBird','åˆ é™¤ä»“åº“',14,'cn.edu.hit.spat.system.controller.StorageController.deleteStorages()',' storageIds: \"4\"','192.168.220.1','2020-12-14 18:45:19','å†…ç½‘IP|0|0|å†…ç½‘IP|å†…ç½‘IP'),(1423,'MrBird','å·²æœ‰è´§å“å…¥åº“',12,'cn.edu.hit.spat.system.controller.RecordController.updateRecord()',' record: \"Record(recordId=1, storageId=1, storageName=é—¨åº—åº“æˆ¿, goodsId=1, goodsName=é”®ç›˜, number=22)\"','192.168.220.1','2020-12-14 18:45:33','å†…ç½‘IP|0|0|å†…ç½‘IP|å†…ç½‘IP'),(1424,'MrBird','æ–°è´§å“å…¥åº“',19,'cn.edu.hit.spat.system.controller.RecordController.createRecord()',' record: \"Record(recordId=3, storageId=2, storageName=å¤§åº“, goodsId=1, goodsName=é”®ç›˜, number=10)\"','192.168.220.1','2020-12-14 18:45:52','å†…ç½‘IP|0|0|å†…ç½‘IP|å†…ç½‘IP'),(1425,'MrBird','è´§å“è½¬ç§»',22,'cn.edu.hit.spat.system.controller.RecordController.transRecord()',' storageTrans: StorageTrans(goodsId=1, goodsName=é”®ç›˜, sourceStorageName=å¤§åº“, desStorageName=é—¨åº—åº“æˆ¿, number=5)','192.168.220.1','2020-12-14 18:46:18','å†…ç½‘IP|0|0|å†…ç½‘IP|å†…ç½‘IP'),(1426,'MrBird','æ–°å¢é›¶å”®å•',37,'cn.edu.hit.spat.system.controller.OrderController.addOrder()',' order: \"Order(orderId=19, customerName=test, customerPhone=10011112222, orderPrice=400.0, goodsId=1, name=[é”®ç›˜], createTime=Mon Dec 14 18:47:07 GMT+08:00 2020, createTimeFrom=null, createTimeTo=null)\"','192.168.220.1','2020-12-14 18:47:07','å†…ç½‘IP|0|0|å†…ç½‘IP|å†…ç½‘IP'),(1427,'MrBird','æ–°å¢è®¢å•',11,'cn.edu.hit.spat.system.controller.OrdersController.createOrders()',' orders: \"Orders(ordersId=12, customerName=test, customerPhone=15011112222, goodsId=1, goodsNum=20, goodsName=é”®ç›˜, ordersprice=6000.0, ordersprofile=1800.0, pricepaid=0.0, ordersperiod=2.0, status=0, createTime=Mon Dec 14 18:47:55 GMT+08:00 2020, ordersaddress=é»‘é¾™æ±Ÿ, storehouse=é—¨åº—åº“æˆ¿, createTimeFrom=null, createTimeTo=null)\"','192.168.220.1','2020-12-14 18:47:55','å†…ç½‘IP|0|0|å†…ç½‘IP|å†…ç½‘IP'),(1428,'MrBird','ä¿®æ”¹é”€å”®å•',10,'cn.edu.hit.spat.system.controller.OrdersController.updateOrders()',' orders: \"Orders(ordersId=12, customerName=test, customerPhone=15011112222, goodsId=1, goodsNum=20, goodsName=é”®ç›˜, ordersprice=6000.0, ordersprofile=1800.0, pricepaid=0.0, ordersperiod=2.0, status=0, createTime=null, ordersaddress=é»‘é¾™æ±Ÿå“ˆå°”æ»¨, storehouse=é—¨åº—åº“æˆ¿, createTimeFrom=null, createTimeTo=null)\"','192.168.220.1','2020-12-14 18:48:14','å†…ç½‘IP|0|0|å†…ç½‘IP|å†…ç½‘IP'),(1429,'MrBird','æäº¤è®¢å•',9,'cn.edu.hit.spat.system.controller.OrdersController.archiveOrders()',' ordersIds: \"12\"','192.168.220.1','2020-12-14 18:48:32','å†…ç½‘IP|0|0|å†…ç½‘IP|å†…ç½‘IP'),(1430,'MrBird','å®¡æ ¸è®¢å•',16,'cn.edu.hit.spat.system.controller.OrdersController.auditOrders()',' ordersIds: \"12\"','192.168.220.1','2020-12-14 18:48:40','å†…ç½‘IP|0|0|å†…ç½‘IP|å†…ç½‘IP'),(1431,'MrBird','åˆ†æœŸä»˜æ¬¾',11,'cn.edu.hit.spat.system.controller.OrdersController.payoneOrders()',' ordersId: \"12\"','192.168.220.1','2020-12-14 18:48:47','å†…ç½‘IP|0|0|å†…ç½‘IP|å†…ç½‘IP'),(1432,'MrBird','åˆ†æœŸä»˜æ¬¾',14,'cn.edu.hit.spat.system.controller.OrdersController.payoneOrders()',' ordersId: \"12\"','192.168.220.1','2020-12-14 18:48:52','å†…ç½‘IP|0|0|å†…ç½‘IP|å†…ç½‘IP'),(1433,'MrBird','æ”¶æ¬¾å®Œæ¯•',11,'cn.edu.hit.spat.system.controller.OrdersController.payOrders()',' ordersIds: \"12\"','192.168.220.1','2020-12-14 18:48:58','å†…ç½‘IP|0|0|å†…ç½‘IP|å†…ç½‘IP'),(1434,'MrBird','æ–°å¢èœå•/æŒ‰é’®',18,'cn.edu.hit.spat.system.controller.MenuController.addMenu()',' menu: \"Menu(menuId=233, parentId=0, menuName=ç»Ÿè®¡æŸ¥è¯¢, url=, perms=, icon=layui-icon-linechart, type=0, orderNum=null, createTime=Mon Jan 11 11:50:45 GMT+08:00 2021, modifyTime=null)\"','192.168.220.1','2021-01-11 11:50:45','å†…ç½‘IP|0|0|å†…ç½‘IP|å†…ç½‘IP'),(1435,'MrBird','ä¿®æ”¹èœå•/æŒ‰é’®',12,'cn.edu.hit.spat.system.controller.MenuController.updateMenu()',' menu: \"Menu(menuId=233, parentId=0, menuName=ç»Ÿè®¡æŸ¥è¯¢, url=, perms=, icon=layui-icon-linechart, type=0, orderNum=4, createTime=null, modifyTime=Mon Jan 11 11:50:55 GMT+08:00 2021)\"','192.168.220.1','2021-01-11 11:50:56','å†…ç½‘IP|0|0|å†…ç½‘IP|å†…ç½‘IP'),(1436,'MrBird','ä¿®æ”¹èœå•/æŒ‰é’®',11,'cn.edu.hit.spat.system.controller.MenuController.updateMenu()',' menu: \"Menu(menuId=1, parentId=0, menuName=ç³»ç»Ÿç®¡ç†, url=, perms=, icon=layui-icon-setting, type=0, orderNum=5, createTime=null, modifyTime=Mon Jan 11 11:51:04 GMT+08:00 2021)\"','192.168.220.1','2021-01-11 11:51:05','å†…ç½‘IP|0|0|å†…ç½‘IP|å†…ç½‘IP'),(1437,'MrBird','æ–°å¢èœå•/æŒ‰é’®',13,'cn.edu.hit.spat.system.controller.MenuController.addMenu()',' menu: \"Menu(menuId=234, parentId=0, menuName=åº“å­˜ç»Ÿè®¡, url=, perms=, icon=, type=0, orderNum=null, createTime=Mon Jan 11 11:52:57 GMT+08:00 2021, modifyTime=null)\"','192.168.220.1','2021-01-11 11:52:58','å†…ç½‘IP|0|0|å†…ç½‘IP|å†…ç½‘IP'),(1438,'MrBird','åˆ é™¤èœå•/æŒ‰é’®',37,'cn.edu.hit.spat.system.controller.MenuController.deleteMenus()',' menuIds: \"234\"','192.168.220.1','2021-01-11 11:53:09','å†…ç½‘IP|0|0|å†…ç½‘IP|å†…ç½‘IP'),(1439,'MrBird','æ–°å¢èœå•/æŒ‰é’®',27,'cn.edu.hit.spat.system.controller.MenuController.addMenu()',' menu: \"Menu(menuId=235, parentId=233, menuName=åº“å­˜ç»Ÿè®¡, url=null, perms=, icon=null, type=1, orderNum=null, createTime=Mon Jan 11 11:53:19 GMT+08:00 2021, modifyTime=null)\"','192.168.220.1','2021-01-11 11:53:20','å†…ç½‘IP|0|0|å†…ç½‘IP|å†…ç½‘IP'),(1440,'MrBird','æ–°å¢èœå•/æŒ‰é’®',9,'cn.edu.hit.spat.system.controller.MenuController.addMenu()',' menu: \"Menu(menuId=236, parentId=233, menuName=ç»è¥çŠ¶å†µç»Ÿè®¡, url=null, perms=, icon=null, type=1, orderNum=null, createTime=Mon Jan 11 11:53:44 GMT+08:00 2021, modifyTime=null)\"','192.168.220.1','2021-01-11 11:53:45','å†…ç½‘IP|0|0|å†…ç½‘IP|å†…ç½‘IP'),(1441,'MrBird','æ–°å¢èœå•/æŒ‰é’®',12,'cn.edu.hit.spat.system.controller.MenuController.addMenu()',' menu: \"Menu(menuId=237, parentId=233, menuName=å®¢æˆ·èµ„é‡‘ç»Ÿè®¡, url=null, perms=, icon=null, type=1, orderNum=null, createTime=Mon Jan 11 11:53:59 GMT+08:00 2021, modifyTime=null)\"','192.168.220.1','2021-01-11 11:54:00','å†…ç½‘IP|0|0|å†…ç½‘IP|å†…ç½‘IP'),(1442,'MrBird','æ–°å¢èœå•/æŒ‰é’®',11,'cn.edu.hit.spat.system.controller.MenuController.addMenu()',' menu: \"Menu(menuId=238, parentId=233, menuName=é”€å”®ç»Ÿè®¡, url=null, perms=, icon=null, type=1, orderNum=null, createTime=Mon Jan 11 13:54:35 GMT+08:00 2021, modifyTime=null)\"','192.168.220.1','2021-01-11 13:54:36','å†…ç½‘IP|0|0|å†…ç½‘IP|å†…ç½‘IP'),(1443,'MrBird','ä¿®æ”¹è§’è‰²',39,'cn.edu.hit.spat.system.controller.RoleController.updateRole()',' role: \"Role(roleId=1, roleName=ç³»ç»Ÿç®¡ç†å‘˜, remark=ç³»ç»Ÿç®¡ç†å‘˜ï¼Œæ‹¥æœ‰æ‰€æœ‰æ“ä½œæƒé™ ^_^, createTime=null, modifyTime=Mon Jan 11 14:00:48 GMT+08:00 2021, menuIds=205,206,207,210,212,213,214,215,218,219,220,221,222,223,224,225,226,227,197,203,230,204,229,231,232,198,199,200,201,228,233,238,235,236,237,8,23,1,3,12,11,13,160,161,4,14,15,16,162,5,19,17,18,163,6,20,21,22,164)\"','192.168.220.1','2021-01-11 14:00:49','å†…ç½‘IP|0|0|å†…ç½‘IP|å†…ç½‘IP'),(1444,'MrBird','åˆ é™¤èœå•/æŒ‰é’®',24,'cn.edu.hit.spat.system.controller.MenuController.deleteMenus()',' menuIds: \"238\"','192.168.220.1','2021-01-11 14:02:29','å†…ç½‘IP|0|0|å†…ç½‘IP|å†…ç½‘IP'),(1445,'MrBird','æ–°å¢èœå•/æŒ‰é’®',10,'cn.edu.hit.spat.system.controller.MenuController.addMenu()',' menu: \"Menu(menuId=239, parentId=233, menuName=é”€å”®ç»Ÿè®¡, url=, perms=, icon=layui-icon-Dollar, type=0, orderNum=null, createTime=Mon Jan 11 14:03:00 GMT+08:00 2021, modifyTime=null)\"','192.168.220.1','2021-01-11 14:03:01','å†…ç½‘IP|0|0|å†…ç½‘IP|å†…ç½‘IP'),(1446,'MrBird','åˆ é™¤èœå•/æŒ‰é’®',15,'cn.edu.hit.spat.system.controller.MenuController.deleteMenus()',' menuIds: \"235\"','192.168.220.1','2021-01-11 14:03:24','å†…ç½‘IP|0|0|å†…ç½‘IP|å†…ç½‘IP'),(1447,'MrBird','æ–°å¢èœå•/æŒ‰é’®',9,'cn.edu.hit.spat.system.controller.MenuController.addMenu()',' menu: \"Menu(menuId=240, parentId=233, menuName=åº“å­˜ç»Ÿè®¡, url=, perms=, icon=, type=0, orderNum=null, createTime=Mon Jan 11 14:03:47 GMT+08:00 2021, modifyTime=null)\"','192.168.220.1','2021-01-11 14:03:47','å†…ç½‘IP|0|0|å†…ç½‘IP|å†…ç½‘IP'),(1448,'MrBird','åˆ é™¤èœå•/æŒ‰é’®',16,'cn.edu.hit.spat.system.controller.MenuController.deleteMenus()',' menuIds: \"239\"','192.168.220.1','2021-01-11 14:04:57','å†…ç½‘IP|0|0|å†…ç½‘IP|å†…ç½‘IP'),(1449,'MrBird','æ–°å¢èœå•/æŒ‰é’®',9,'cn.edu.hit.spat.system.controller.MenuController.addMenu()',' menu: \"Menu(menuId=241, parentId=233, menuName=é”€å”®ç»Ÿè®¡, url=, perms=, icon=, type=0, orderNum=null, createTime=Mon Jan 11 14:05:05 GMT+08:00 2021, modifyTime=null)\"','192.168.220.1','2021-01-11 14:05:05','å†…ç½‘IP|0|0|å†…ç½‘IP|å†…ç½‘IP'),(1450,'MrBird','åˆ é™¤èœå•/æŒ‰é’®',13,'cn.edu.hit.spat.system.controller.MenuController.deleteMenus()',' menuIds: \"236\"','192.168.220.1','2021-01-11 14:05:20','å†…ç½‘IP|0|0|å†…ç½‘IP|å†…ç½‘IP'),(1451,'MrBird','æ–°å¢èœå•/æŒ‰é’®',9,'cn.edu.hit.spat.system.controller.MenuController.addMenu()',' menu: \"Menu(menuId=242, parentId=233, menuName=ç»è¥çŠ¶å†µç»Ÿè®¡, url=, perms=, icon=, type=0, orderNum=null, createTime=Mon Jan 11 14:05:31 GMT+08:00 2021, modifyTime=null)\"','192.168.220.1','2021-01-11 14:05:31','å†…ç½‘IP|0|0|å†…ç½‘IP|å†…ç½‘IP'),(1452,'MrBird','åˆ é™¤èœå•/æŒ‰é’®',14,'cn.edu.hit.spat.system.controller.MenuController.deleteMenus()',' menuIds: \"237\"','192.168.220.1','2021-01-11 14:05:43','å†…ç½‘IP|0|0|å†…ç½‘IP|å†…ç½‘IP'),(1453,'MrBird','æ–°å¢èœå•/æŒ‰é’®',7,'cn.edu.hit.spat.system.controller.MenuController.addMenu()',' menu: \"Menu(menuId=243, parentId=233, menuName=å®¢æˆ·èµ„é‡‘ç»Ÿè®¡, url=, perms=, icon=, type=0, orderNum=null, createTime=Mon Jan 11 14:05:54 GMT+08:00 2021, modifyTime=null)\"','192.168.220.1','2021-01-11 14:05:54','å†…ç½‘IP|0|0|å†…ç½‘IP|å†…ç½‘IP'),(1454,'MrBird','ä¿®æ”¹è§’è‰²',27,'cn.edu.hit.spat.system.controller.RoleController.updateRole()',' role: \"Role(roleId=1, roleName=ç³»ç»Ÿç®¡ç†å‘˜, remark=ç³»ç»Ÿç®¡ç†å‘˜ï¼Œæ‹¥æœ‰æ‰€æœ‰æ“ä½œæƒé™ ^_^, createTime=null, modifyTime=Mon Jan 11 14:06:09 GMT+08:00 2021, menuIds=205,206,207,210,212,213,214,215,218,219,220,221,222,223,224,225,226,227,197,203,230,204,229,231,232,198,199,200,201,228,233,243,240,241,242,8,23,1,3,12,11,13,160,161,4,14,15,16,162,5,19,17,18,163,6,20,21,22,164)\"','192.168.220.1','2021-01-11 14:06:09','å†…ç½‘IP|0|0|å†…ç½‘IP|å†…ç½‘IP'),(1455,'MrBird','ä¿®æ”¹èœå•/æŒ‰é’®',24,'cn.edu.hit.spat.system.controller.MenuController.updateMenu()',' menu: \"Menu(menuId=240, parentId=233, menuName=åº“å­˜ç»Ÿè®¡, url=/system/statistic, perms=, icon=, type=0, orderNum=null, createTime=null, modifyTime=Tue Jan 12 11:56:52 GMT+08:00 2021)\"','192.168.220.1','2021-01-12 11:56:52','å†…ç½‘IP|0|0|å†…ç½‘IP|å†…ç½‘IP'),(1456,'MrBird','ä¿®æ”¹èœå•/æŒ‰é’®',18,'cn.edu.hit.spat.system.controller.MenuController.updateMenu()',' menu: \"Menu(menuId=240, parentId=233, menuName=åº“å­˜ç»Ÿè®¡, url=/system/statistic/inventoryStatistic, perms=, icon=, type=0, orderNum=null, createTime=null, modifyTime=Tue Jan 12 12:21:54 GMT+08:00 2021)\"','192.168.220.1','2021-01-12 12:21:54','å†…ç½‘IP|0|0|å†…ç½‘IP|å†…ç½‘IP'),(1457,'MrBird','ä¿®æ”¹èœå•/æŒ‰é’®',10,'cn.edu.hit.spat.system.controller.MenuController.updateMenu()',' menu: \"Menu(menuId=240, parentId=233, menuName=åº“å­˜ç»Ÿè®¡, url=/system/statistic, perms=, icon=, type=0, orderNum=null, createTime=null, modifyTime=Tue Jan 12 12:23:12 GMT+08:00 2021)\"','192.168.220.1','2021-01-12 12:23:12','å†…ç½‘IP|0|0|å†…ç½‘IP|å†…ç½‘IP'),(1458,'MrBird','ä¿®æ”¹èœå•/æŒ‰é’®',18,'cn.edu.hit.spat.system.controller.MenuController.updateMenu()',' menu: \"Menu(menuId=233, parentId=0, menuName=ç»Ÿè®¡æŸ¥è¯¢, url=, perms=record:view, icon=layui-icon-linechart, type=0, orderNum=4, createTime=null, modifyTime=Tue Jan 12 13:43:27 GMT+08:00 2021)\"','192.168.220.1','2021-01-12 13:43:27','å†…ç½‘IP|0|0|å†…ç½‘IP|å†…ç½‘IP'),(1459,'MrBird','ä¿®æ”¹èœå•/æŒ‰é’®',62,'cn.edu.hit.spat.system.controller.MenuController.updateMenu()',' menu: \"Menu(menuId=240, parentId=233, menuName=åº“å­˜ç»Ÿè®¡, url=/system/statistic, perms=record:view, icon=, type=0, orderNum=null, createTime=null, modifyTime=Tue Jan 12 13:44:18 GMT+08:00 2021)\"','192.168.220.1','2021-01-12 13:44:18','å†…ç½‘IP|0|0|å†…ç½‘IP|å†…ç½‘IP'),(1460,'MrBird','ä¿®æ”¹èœå•/æŒ‰é’®',9,'cn.edu.hit.spat.system.controller.MenuController.updateMenu()',' menu: \"Menu(menuId=233, parentId=0, menuName=ç»Ÿè®¡æŸ¥è¯¢, url=, perms=, icon=layui-icon-linechart, type=0, orderNum=4, createTime=null, modifyTime=Tue Jan 12 13:45:36 GMT+08:00 2021)\"','192.168.220.1','2021-01-12 13:45:37','å†…ç½‘IP|0|0|å†…ç½‘IP|å†…ç½‘IP'),(1461,'MrBird','ä¿®æ”¹èœå•/æŒ‰é’®',14,'cn.edu.hit.spat.system.controller.MenuController.updateMenu()',' menu: \"Menu(menuId=218, parentId=0, menuName=ä»“åº“ç®¡ç†, url=, perms=, icon=layui-icon-home, type=0, orderNum=2, createTime=null, modifyTime=Tue Jan 12 13:46:05 GMT+08:00 2021)\"','192.168.220.1','2021-01-12 13:46:05','å†…ç½‘IP|0|0|å†…ç½‘IP|å†…ç½‘IP'),(1462,'MrBird','ä¿®æ”¹èœå•/æŒ‰é’®',10,'cn.edu.hit.spat.system.controller.MenuController.updateMenu()',' menu: \"Menu(menuId=240, parentId=233, menuName=åº“å­˜ç»Ÿè®¡, url=/system/statistic, perms=inventory:view, icon=, type=0, orderNum=null, createTime=null, modifyTime=Tue Jan 12 13:48:13 GMT+08:00 2021)\"','192.168.220.1','2021-01-12 13:48:14','å†…ç½‘IP|0|0|å†…ç½‘IP|å†…ç½‘IP'),(1463,'MrBird','ä¿®æ”¹èœå•/æŒ‰é’®',22,'cn.edu.hit.spat.system.controller.MenuController.updateMenu()',' menu: \"Menu(menuId=240, parentId=233, menuName=åº“å­˜ç»Ÿè®¡, url=/system/statistic, perms=statistic:view, icon=, type=0, orderNum=null, createTime=null, modifyTime=Tue Jan 12 13:52:19 GMT+08:00 2021)\"','192.168.220.1','2021-01-12 13:52:20','å†…ç½‘IP|0|0|å†…ç½‘IP|å†…ç½‘IP'),(1464,'MrBird','ä¿®æ”¹èœå•/æŒ‰é’®',16,'cn.edu.hit.spat.system.controller.MenuController.updateMenu()',' menu: \"Menu(menuId=240, parentId=233, menuName=åº“å­˜ç»Ÿè®¡, url=/system/statistics, perms=statistics:view, icon=, type=0, orderNum=null, createTime=null, modifyTime=Tue Jan 12 14:17:24 GMT+08:00 2021)\"','192.168.220.1','2021-01-12 14:17:25','å†…ç½‘IP|0|0|å†…ç½‘IP|å†…ç½‘IP'),(1465,'MrBird','ä¿®æ”¹èœå•/æŒ‰é’®',17,'cn.edu.hit.spat.system.controller.MenuController.updateMenu()',' menu: \"Menu(menuId=240, parentId=233, menuName=åº“å­˜ç»Ÿè®¡, url=/system/inventory, perms=inventory:view, icon=, type=0, orderNum=null, createTime=null, modifyTime=Tue Jan 12 14:41:41 GMT+08:00 2021)\"','192.168.220.1','2021-01-12 14:41:42','å†…ç½‘IP|0|0|å†…ç½‘IP|å†…ç½‘IP'),(1466,'MrBird','æ–°å¢èœå•/æŒ‰é’®',17,'cn.edu.hit.spat.system.controller.MenuController.addMenu()',' menu: \"Menu(menuId=234, parentId=0, menuName=ç»Ÿè®¡æŸ¥è¯¢, url=, perms=, icon=layui-icon-linechart, type=0, orderNum=null, createTime=Tue Jan 12 21:41:31 GMT+08:00 2021, modifyTime=null)\"','192.168.220.1','2021-01-12 21:41:32','å†…ç½‘IP|0|0|å†…ç½‘IP|å†…ç½‘IP'),(1467,'MrBird','æ–°å¢èœå•/æŒ‰é’®',12,'cn.edu.hit.spat.system.controller.MenuController.addMenu()',' menu: \"Menu(menuId=235, parentId=234, menuName=åº“å­˜ç»Ÿè®¡, url=/system/inventory, perms=inventory:view, icon=, type=0, orderNum=null, createTime=Tue Jan 12 21:42:44 GMT+08:00 2021, modifyTime=null)\"','192.168.220.1','2021-01-12 21:42:44','å†…ç½‘IP|0|0|å†…ç½‘IP|å†…ç½‘IP'),(1468,'MrBird','ä¿®æ”¹è§’è‰²',54,'cn.edu.hit.spat.system.controller.RoleController.updateRole()',' role: \"Role(roleId=1, roleName=ç³»ç»Ÿç®¡ç†å‘˜, remark=ç³»ç»Ÿç®¡ç†å‘˜ï¼Œæ‹¥æœ‰æ‰€æœ‰æ“ä½œæƒé™ ^_^, createTime=null, modifyTime=Tue Jan 12 21:42:54 GMT+08:00 2021, menuIds=234,235,218,219,220,221,222,223,224,225,226,227,197,203,230,204,229,231,232,198,199,200,201,228,212,233,213,214,215,205,206,207,210,1,3,12,11,13,160,161,4,14,15,16,162,5,19,17,18,163,6,20,21,22,164,8,23)\"','192.168.220.1','2021-01-12 21:42:55','å†…ç½‘IP|0|0|å†…ç½‘IP|å†…ç½‘IP'),(1469,'MrBird','æ–°å¢èœå•/æŒ‰é’®',16,'cn.edu.hit.spat.system.controller.MenuController.addMenu()',' menu: \"Menu(menuId=236, parentId=234, menuName=é”€å”®ç»Ÿè®¡, url=, perms=, icon=, type=0, orderNum=null, createTime=Tue Jan 12 22:24:47 GMT+08:00 2021, modifyTime=null)\"','192.168.220.1','2021-01-12 22:24:47','å†…ç½‘IP|0|0|å†…ç½‘IP|å†…ç½‘IP'),(1470,'MrBird','ä¿®æ”¹èœå•/æŒ‰é’®',12,'cn.edu.hit.spat.system.controller.MenuController.updateMenu()',' menu: \"Menu(menuId=236, parentId=234, menuName=é”€å”®ç»Ÿè®¡, url=/system/sale, perms=sale:view, icon=, type=0, orderNum=null, createTime=null, modifyTime=Tue Jan 12 22:26:50 GMT+08:00 2021)\"','192.168.220.1','2021-01-12 22:26:51','å†…ç½‘IP|0|0|å†…ç½‘IP|å†…ç½‘IP'),(1471,'MrBird','ä¿®æ”¹è§’è‰²',51,'cn.edu.hit.spat.system.controller.RoleController.updateRole()',' role: \"Role(roleId=1, roleName=ç³»ç»Ÿç®¡ç†å‘˜, remark=ç³»ç»Ÿç®¡ç†å‘˜ï¼Œæ‹¥æœ‰æ‰€æœ‰æ“ä½œæƒé™ ^_^, createTime=null, modifyTime=Tue Jan 12 22:34:57 GMT+08:00 2021, menuIds=234,235,236,218,219,220,221,222,223,224,225,226,227,197,203,230,204,231,232,198,199,200,201,228,229,212,233,213,214,215,205,206,207,210,1,3,12,11,13,160,161,4,14,15,16,162,5,19,17,18,163,6,20,21,22,164,8,23)\"','192.168.220.1','2021-01-12 22:34:58','å†…ç½‘IP|0|0|å†…ç½‘IP|å†…ç½‘IP'),(1472,'MrBird','åˆ é™¤ä»“åº“',24,'cn.edu.hit.spat.system.controller.StorageController.deleteStorages()',' storageIds: \"3\"','192.168.220.1','2021-01-13 03:13:35','å†…ç½‘IP|0|0|å†…ç½‘IP|å†…ç½‘IP'),(1473,'MrBird','å·²æœ‰è´§å“å…¥åº“',15,'cn.edu.hit.spat.system.controller.RecordController.updateRecord()',' record: \"Record(recordId=1, storageId=1, storageName=é—¨åº—åº“æˆ¿, goodsId=1, goodsName=é”®ç›˜, number=10, value=null)\"','192.168.220.1','2021-01-13 03:48:19','å†…ç½‘IP|0|0|å†…ç½‘IP|å†…ç½‘IP'),(1474,'MrBird','è´§å“å‡ºåº“',19,'cn.edu.hit.spat.system.controller.RecordController.outRecord()',' record: \"Record(recordId=1, storageId=1, storageName=é—¨åº—åº“æˆ¿, goodsId=1, goodsName=é”®ç›˜, number=0, value=null)\"','192.168.220.1','2021-01-13 03:49:06','å†…ç½‘IP|0|0|å†…ç½‘IP|å†…ç½‘IP'),(1475,'MrBird','è´§å“è½¬ç§»',91,'cn.edu.hit.spat.system.controller.RecordController.transRecord()',' storageTrans: StorageTrans(goodsId=3, goodsName=é¼ æ ‡, sourceStorageName=é—¨åº—åº“æˆ¿, desStorageName=, number=1)','192.168.220.1','2021-01-13 10:44:11','å†…ç½‘IP|0|0|å†…ç½‘IP|å†…ç½‘IP'),(1476,'MrBird','è´§å“è½¬ç§»',23,'cn.edu.hit.spat.system.controller.RecordController.transRecord()',' storageTrans: StorageTrans(goodsId=3, goodsName=é¼ æ ‡, sourceStorageName=é—¨åº—åº“æˆ¿, desStorageName=, number=1)','192.168.220.1','2021-01-13 10:44:27','å†…ç½‘IP|0|0|å†…ç½‘IP|å†…ç½‘IP'),(1477,'MrBird','è´§å“è½¬ç§»',24,'cn.edu.hit.spat.system.controller.RecordController.transRecord()',' storageTrans: StorageTrans(goodsId=1, goodsName=é”®ç›˜, sourceStorageName=å¤§åº“, desStorageName=, number=1)','192.168.220.1','2021-01-13 10:44:57','å†…ç½‘IP|0|0|å†…ç½‘IP|å†…ç½‘IP'),(1478,'MrBird','è´§å“å‡ºåº“',13,'cn.edu.hit.spat.system.controller.RecordController.outRecord()',' record: \"Record(recordId=2, storageId=1, storageName=é—¨åº—åº“æˆ¿, goodsId=3, goodsName=é¼ æ ‡, number=16, value=null)\"','192.168.220.1','2021-01-13 10:45:17','å†…ç½‘IP|0|0|å†…ç½‘IP|å†…ç½‘IP'),(1479,'MrBird','è´§å“è½¬ç§»',35,'cn.edu.hit.spat.system.controller.RecordController.transRecord()',' storageTrans: StorageTrans(goodsId=3, goodsName=é¼ æ ‡, sourceStorageName=é—¨åº—åº“æˆ¿, desStorageName=, number=1)','192.168.220.1','2021-01-13 10:57:43','å†…ç½‘IP|0|0|å†…ç½‘IP|å†…ç½‘IP'),(1480,'MrBird','è´§å“è½¬ç§»',22,'cn.edu.hit.spat.system.controller.RecordController.transRecord()',' storageTrans: StorageTrans(goodsId=3, goodsName=é¼ æ ‡, sourceStorageName=é—¨åº—åº“æˆ¿, desStorageName=é—¨åº—åº“æˆ¿, number=1)','192.168.220.1','2021-01-13 11:14:22','å†…ç½‘IP|0|0|å†…ç½‘IP|å†…ç½‘IP'),(1481,'MrBird','å·²æœ‰è´§å“å…¥åº“',14,'cn.edu.hit.spat.system.controller.RecordController.updateRecord()',' record: \"Record(recordId=2, storageId=1, storageName=é—¨åº—åº“æˆ¿, goodsId=3, goodsName=é¼ æ ‡, number=25, value=null)\"','192.168.220.1','2021-01-13 11:15:22','å†…ç½‘IP|0|0|å†…ç½‘IP|å†…ç½‘IP'),(1482,'MrBird','è´§å“å‡ºåº“',14,'cn.edu.hit.spat.system.controller.RecordController.outRecord()',' record: \"Record(recordId=2, storageId=1, storageName=é—¨åº—åº“æˆ¿, goodsId=3, goodsName=é¼ æ ‡, number=20, value=null)\"','192.168.220.1','2021-01-13 11:15:30','å†…ç½‘IP|0|0|å†…ç½‘IP|å†…ç½‘IP'),(1483,'MrBird','è´§å“è½¬ç§»',22,'cn.edu.hit.spat.system.controller.RecordController.transRecord()',' storageTrans: StorageTrans(goodsId=3, goodsName=é¼ æ ‡, sourceStorageName=é—¨åº—åº“æˆ¿, desStorageName=é—¨åº—åº“æˆ¿, number=1)','192.168.220.1','2021-01-13 11:38:10','å†…ç½‘IP|0|0|å†…ç½‘IP|å†…ç½‘IP'),(1484,'MrBird','å·²æœ‰è´§å“å…¥åº“',30,'cn.edu.hit.spat.system.controller.RecordController.updateRecord()',' record: \"Record(recordId=2, storageId=1, storageName=é—¨åº—åº“æˆ¿, goodsId=3, goodsName=é¼ æ ‡, number=30, value=null)\"','192.168.220.1','2021-01-13 11:39:35','å†…ç½‘IP|0|0|å†…ç½‘IP|å†…ç½‘IP'),(1485,'MrBird','è´§å“å‡ºåº“',16,'cn.edu.hit.spat.system.controller.RecordController.outRecord()',' record: \"Record(recordId=3, storageId=2, storageName=å¤§åº“, goodsId=1, goodsName=é”®ç›˜, number=3, value=null)\"','192.168.220.1','2021-01-13 11:39:42','å†…ç½‘IP|0|0|å†…ç½‘IP|å†…ç½‘IP'),(1486,'MrBird','å·²æœ‰è´§å“å…¥åº“',12,'cn.edu.hit.spat.system.controller.RecordController.updateRecord()',' record: \"Record(recordId=3, storageId=2, storageName=å¤§åº“, goodsId=1, goodsName=é”®ç›˜, number=53, value=null)\"','192.168.220.1','2021-01-13 11:39:46','å†…ç½‘IP|0|0|å†…ç½‘IP|å†…ç½‘IP'),(1487,'MrBird','æ–°å¢ä»“åº“',11,'cn.edu.hit.spat.system.controller.StorageController.createStorage()',' storage: \"Storage(storageId=5, storageName=æµ‹è¯•)\"','192.168.220.1','2021-01-13 11:42:07','å†…ç½‘IP|0|0|å†…ç½‘IP|å†…ç½‘IP'),(1488,'MrBird','æ–°å¢å®¢æˆ·',11,'cn.edu.hit.spat.system.controller.CustomerController.createCustomer()',' customer: \"Customer(customerId=5, name=æ¢…æ™ºæ•, gender=ç”·, phone=13385658102, type=æ‰¹å‘å®¢æˆ·, vip=null, points=null, balance=null)\"','192.168.220.1','2021-01-13 11:42:30','å†…ç½‘IP|0|0|å†…ç½‘IP|å†…ç½‘IP'),(1489,'MrBird','ä¿®æ”¹å®¢æˆ·',10,'cn.edu.hit.spat.system.controller.CustomerController.updateCustomer()',' customer: \"Customer(customerId=5, name=æ¢…æ™ºæ•, gender=ç”·, phone=13385658102, type=æ‰¹å‘å®¢æˆ·, vip=1, points=null, balance=null)\"','192.168.220.1','2021-01-13 11:42:46','å†…ç½‘IP|0|0|å†…ç½‘IP|å†…ç½‘IP'),(1490,'MrBird','åˆ é™¤ä»“åº“',20,'cn.edu.hit.spat.system.controller.StorageController.deleteStorages()',' storageIds: \"5\"','192.168.220.1','2021-01-13 11:43:01','å†…ç½‘IP|0|0|å†…ç½‘IP|å†…ç½‘IP'),(1491,'MrBird','æ–°å¢è´§å“',13,'cn.edu.hit.spat.system.controller.GoodsController.createGoods()',' goods: \"Goods(goodsId=9, name=ç”µè„‘, purchasePrice=5000.0, wholesalePrice=6000.0, retailPrice=7000.0, detailList=null)\"','192.168.220.1','2021-01-13 11:50:54','å†…ç½‘IP|0|0|å†…ç½‘IP|å†…ç½‘IP'),(1492,'MrBird','æ–°å¢ä»“åº“',51,'cn.edu.hit.spat.system.controller.StorageController.createStorage()',' storage: \"Storage(storageId=6, storageName=æµ‹è¯•)\"','192.168.220.1','2021-01-13 11:56:13','å†…ç½‘IP|0|0|å†…ç½‘IP|å†…ç½‘IP'),(1493,'MrBird','åˆ é™¤å®¢æˆ·',15,'cn.edu.hit.spat.system.controller.CustomerController.deleteCustomers()',' customerIds: \"5\"','192.168.220.1','2021-01-13 11:56:43','å†…ç½‘IP|0|0|å†…ç½‘IP|å†…ç½‘IP'),(1494,'MrBird','åˆ é™¤è´§å“',30,'cn.edu.hit.spat.system.controller.GoodsController.deleteGoods()',' goodsIds: \"9\"','192.168.220.1','2021-01-13 11:57:43','å†…ç½‘IP|0|0|å†…ç½‘IP|å†…ç½‘IP'),(1495,'MrBird','æ–°å¢è´§å“',10,'cn.edu.hit.spat.system.controller.GoodsController.createGoods()',' goods: \"Goods(goodsId=10, name=ç”µè„‘, purchasePrice=1000.0, wholesalePrice=2000.0, retailPrice=3000.0, detailList=null)\"','192.168.220.1','2021-01-13 11:57:59','å†…ç½‘IP|0|0|å†…ç½‘IP|å†…ç½‘IP'),(1496,'MrBird','æ–°å¢è´§å“',11,'cn.edu.hit.spat.system.controller.GoodsController.createGoods()',' goods: \"Goods(goodsId=11, name=å¯ä¹, purchasePrice=1000.0, wholesalePrice=2000.0, retailPrice=2001.0, detailList=null)\"','192.168.220.1','2021-01-13 11:58:53','å†…ç½‘IP|0|0|å†…ç½‘IP|å†…ç½‘IP'),(1497,'MrBird','åˆ é™¤è´§å“',15,'cn.edu.hit.spat.system.controller.GoodsController.deleteGoods()',' goodsIds: \"11\"','192.168.220.1','2021-01-13 11:58:58','å†…ç½‘IP|0|0|å†…ç½‘IP|å†…ç½‘IP'),(1498,'MrBird','æ–°å¢è´§å“',14,'cn.edu.hit.spat.system.controller.GoodsController.createGoods()',' goods: \"Goods(goodsId=12, name=å¯ä¹, purchasePrice=1.0, wholesalePrice=2.0, retailPrice=3.0, detailList=null)\"','192.168.220.1','2021-01-13 12:01:29','å†…ç½‘IP|0|0|å†…ç½‘IP|å†…ç½‘IP'),(1499,'MrBird','æ–°è´§å“å…¥åº“',32,'cn.edu.hit.spat.system.controller.RecordController.createRecord()',' record: \"Record(recordId=4, storageId=1, storageName=é—¨åº—åº“æˆ¿, goodsId=1, goodsName=é”®ç›˜, number=1, value=0.0)\"','192.168.220.1','2021-01-13 12:20:28','å†…ç½‘IP|0|0|å†…ç½‘IP|å†…ç½‘IP'),(1500,'MrBird','è´§å“å‡ºåº“',30,'cn.edu.hit.spat.system.controller.RecordController.outRecord()',' record: \"Record(recordId=4, storageId=1, storageName=é—¨åº—åº“æˆ¿, goodsId=1, goodsName=é”®ç›˜, number=0, value=null)\"','192.168.220.1','2021-01-13 12:36:03','å†…ç½‘IP|0|0|å†…ç½‘IP|å†…ç½‘IP'),(1501,'MrBird','æ–°è´§å“å…¥åº“',22,'cn.edu.hit.spat.system.controller.RecordController.createRecord()',' record: \"Record(recordId=5, storageId=1, storageName=é—¨åº—åº“æˆ¿, goodsId=7, goodsName=æ‰‹æœº, number=10, value=0.0)\"','192.168.220.1','2021-01-13 12:36:21','å†…ç½‘IP|0|0|å†…ç½‘IP|å†…ç½‘IP'),(1502,'MrBird','æ–°è´§å“å…¥åº“',20,'cn.edu.hit.spat.system.controller.RecordController.createRecord()',' record: \"Record(recordId=6, storageId=1, storageName=é—¨åº—åº“æˆ¿, goodsId=10, goodsName=ç”µè„‘, number=0, value=0.0)\"','192.168.220.1','2021-01-13 12:37:15','å†…ç½‘IP|0|0|å†…ç½‘IP|å†…ç½‘IP'),(1503,'MrBird','æ–°è´§å“å…¥åº“',63,'cn.edu.hit.spat.system.controller.RecordController.createRecord()',' record: \"Record(recordId=7, storageId=1, storageName=é—¨åº—åº“æˆ¿, goodsId=10, goodsName=ç”µè„‘, number=0, value=0.0)\"','192.168.220.1','2021-01-13 12:40:57','å†…ç½‘IP|0|0|å†…ç½‘IP|å†…ç½‘IP'),(1504,'MrBird','è´§å“è½¬ç§»',25,'cn.edu.hit.spat.system.controller.RecordController.transRecord()',' storageTrans: StorageTrans(goodsId=3, goodsName=é¼ æ ‡, sourceStorageName=é—¨åº—åº“æˆ¿, desStorageName=é—¨åº—åº“æˆ¿, number=1)','192.168.220.1','2021-01-13 12:45:55','å†…ç½‘IP|0|0|å†…ç½‘IP|å†…ç½‘IP'),(1505,'MrBird','è´§å“è½¬ç§»',37,'cn.edu.hit.spat.system.controller.RecordController.transRecord()',' storageTrans: StorageTrans(goodsId=3, goodsName=é¼ æ ‡, sourceStorageName=é—¨åº—åº“æˆ¿, desStorageName=å¤§åº“, number=5)','192.168.220.1','2021-01-13 12:58:05','å†…ç½‘IP|0|0|å†…ç½‘IP|å†…ç½‘IP'),(1506,'MrBird','è´§å“è½¬ç§»',32,'cn.edu.hit.spat.system.controller.RecordController.transRecord()',' storageTrans: StorageTrans(goodsId=3, goodsName=é¼ æ ‡, sourceStorageName=é—¨åº—åº“æˆ¿, desStorageName=å¤§åº“, number=5)','192.168.220.1','2021-01-13 13:01:02','å†…ç½‘IP|0|0|å†…ç½‘IP|å†…ç½‘IP'),(1507,'MrBird','æ–°è´§å“å…¥åº“',19,'cn.edu.hit.spat.system.controller.RecordController.createRecord()',' record: \"Record(recordId=9, storageId=6, storageName=æµ‹è¯•, goodsId=1, goodsName=é”®ç›˜, number=14, value=0.0)\"','192.168.220.1','2021-01-13 13:01:48','å†…ç½‘IP|0|0|å†…ç½‘IP|å†…ç½‘IP'),(1508,'MrBird','æ–°å¢ç”¨æˆ·',30,'cn.edu.hit.spat.system.controller.UserController.addUser()',' user: \"User(userId=13, username=1515, password=9e691608e59ef925779dc649f926fdcc, deptId=1, email=, mobile=, status=1, createTime=Wed Jan 13 14:11:54 GMT+08:00 2021, modifyTime=null, lastLoginTime=null, sex=2, avatar=default.jpg, theme=black, isTab=1, description=, deptName=null, createTimeFrom=null, createTimeTo=null, roleId=81, roleName=null, deptIds=null)\"','192.168.220.1','2021-01-13 14:11:55','å†…ç½‘IP|0|0|å†…ç½‘IP|å†…ç½‘IP'),(1509,'MrBird','åˆ é™¤ç”¨æˆ·',21,'cn.edu.hit.spat.system.controller.UserController.deleteUsers()',' userIds: \"13\"','192.168.220.1','2021-01-13 14:12:02','å†…ç½‘IP|0|0|å†…ç½‘IP|å†…ç½‘IP'),(1510,'MrBird','æ–°å¢ç”¨æˆ·',16,'cn.edu.hit.spat.system.controller.UserController.addUser()',' user: \"User(userId=14, username=44545, password=2acefa3333f76554a1b4415823612336, deptId=null, email=, mobile=, status=1, createTime=Wed Jan 13 14:12:17 GMT+08:00 2021, modifyTime=null, lastLoginTime=null, sex=2, avatar=default.jpg, theme=black, isTab=1, description=, deptName=null, createTimeFrom=null, createTimeTo=null, roleId=2, roleName=null, deptIds=null)\"','192.168.220.1','2021-01-13 14:12:17','å†…ç½‘IP|0|0|å†…ç½‘IP|å†…ç½‘IP'),(1511,'MrBird','åˆ é™¤ç”¨æˆ·',13,'cn.edu.hit.spat.system.controller.UserController.deleteUsers()',' userIds: \"14\"','192.168.220.1','2021-01-13 14:12:29','å†…ç½‘IP|0|0|å†…ç½‘IP|å†…ç½‘IP'),(1512,'MrBird','æ–°è´§å“å…¥åº“',19,'cn.edu.hit.spat.system.controller.RecordController.createRecord()',' record: \"Record(recordId=10, storageId=1, storageName=é—¨åº—åº“æˆ¿, goodsId=12, goodsName=å¯ä¹, number=1, value=0.0)\"','192.168.220.1','2021-01-13 14:21:39','å†…ç½‘IP|0|0|å†…ç½‘IP|å†…ç½‘IP'),(1513,'MrBird','è´§å“å‡ºåº“',29,'cn.edu.hit.spat.system.controller.RecordController.outRecord()',' record: \"Record(recordId=10, storageId=1, storageName=é—¨åº—åº“æˆ¿, goodsId=12, goodsName=å¯ä¹, number=0, value=null)\"','192.168.220.1','2021-01-13 14:31:10','å†…ç½‘IP|0|0|å†…ç½‘IP|å†…ç½‘IP'),(1514,'MrBird','æ–°å¢èœå•/æŒ‰é’®',19,'cn.edu.hit.spat.system.controller.MenuController.addMenu()',' menu: \"Menu(menuId=237, parentId=234, menuName=å®¢æˆ·ç»“æ¬¾ç»Ÿè®¡, url=/system/sale, perms=sale:view, icon=, type=0, orderNum=null, createTime=Wed Jan 13 15:39:54 GMT+08:00 2021, modifyTime=null)\"','192.168.220.1','2021-01-13 15:39:54','å†…ç½‘IP|0|0|å†…ç½‘IP|å†…ç½‘IP'),(1515,'MrBird','ä¿®æ”¹è§’è‰²',51,'cn.edu.hit.spat.system.controller.RoleController.updateRole()',' role: \"Role(roleId=1, roleName=ç³»ç»Ÿç®¡ç†å‘˜, remark=ç³»ç»Ÿç®¡ç†å‘˜ï¼Œæ‹¥æœ‰æ‰€æœ‰æ“ä½œæƒé™ ^_^, createTime=null, modifyTime=Wed Jan 13 15:40:00 GMT+08:00 2021, menuIds=234,237,235,236,218,219,220,221,222,223,224,225,226,227,197,203,230,204,231,232,198,199,200,201,228,229,212,233,213,214,215,205,206,207,210,1,3,12,11,13,160,161,4,14,15,16,162,5,19,17,18,163,6,20,21,22,164,8,23)\"','192.168.220.1','2021-01-13 15:40:00','å†…ç½‘IP|0|0|å†…ç½‘IP|å†…ç½‘IP'),(1516,'MrBird','ä¿®æ”¹èœå•/æŒ‰é’®',13,'cn.edu.hit.spat.system.controller.MenuController.updateMenu()',' menu: \"Menu(menuId=237, parentId=234, menuName=å®¢æˆ·ç»“æ¬¾ç»Ÿè®¡, url=/system/pay, perms=pay:view, icon=, type=0, orderNum=null, createTime=null, modifyTime=Wed Jan 13 15:40:59 GMT+08:00 2021)\"','192.168.220.1','2021-01-13 15:41:00','å†…ç½‘IP|0|0|å†…ç½‘IP|å†…ç½‘IP');
/*!40000 ALTER TABLE `t_log` ENABLE KEYS */;
UNLOCK TABLES;

--
-- Table structure for table `t_login_log`
--

DROP TABLE IF EXISTS `t_login_log`;
/*!40101 SET @saved_cs_client     = @@character_set_client */;
/*!50503 SET character_set_client = utf8mb4 */;
CREATE TABLE `t_login_log` (
  `ID` bigint NOT NULL AUTO_INCREMENT COMMENT 'id',
  `USERNAME` varchar(50) CHARACTER SET utf8 COLLATE utf8_general_ci NOT NULL COMMENT 'ç”¨æˆ·å',
  `LOGIN_TIME` datetime NOT NULL COMMENT 'ç™»å½•æ—¶é—´',
  `LOCATION` varchar(50) CHARACTER SET utf8 COLLATE utf8_general_ci DEFAULT NULL COMMENT 'ç™»å½•åœ°ç‚¹',
  `IP` varchar(50) CHARACTER SET utf8 COLLATE utf8_general_ci DEFAULT NULL COMMENT 'IPåœ°å€',
  `SYSTEM` varchar(50) CHARACTER SET utf8 COLLATE utf8_general_ci DEFAULT NULL COMMENT 'æ“ä½œç³»ç»Ÿ',
  `BROWSER` varchar(50) CHARACTER SET utf8 COLLATE utf8_general_ci DEFAULT NULL COMMENT 'æµè§ˆå™¨',
  PRIMARY KEY (`ID`) USING BTREE,
  KEY `t_login_log_login_time` (`LOGIN_TIME`)
) ENGINE=MyISAM AUTO_INCREMENT=370 DEFAULT CHARSET=utf8 ROW_FORMAT=DYNAMIC COMMENT='ç™»å½•æ—¥å¿—è¡¨';
/*!40101 SET character_set_client = @saved_cs_client */;

--
-- Dumping data for table `t_login_log`
--

LOCK TABLES `t_login_log` WRITE;
/*!40000 ALTER TABLE `t_login_log` DISABLE KEYS */;
INSERT INTO `t_login_log` VALUES (70,'mrbird','2020-07-21 15:33:05','å†…ç½‘IP|0|0|å†…ç½‘IP|å†…ç½‘IP','192.168.160.1','Windows 10','Chrome 83'),(71,'mrbird','2020-07-21 15:45:15','å†…ç½‘IP|0|0|å†…ç½‘IP|å†…ç½‘IP','127.0.0.1','Windows 10','Chrome 83'),(72,'mrbird','2020-07-21 15:53:37','å†…ç½‘IP|0|0|å†…ç½‘IP|å†…ç½‘IP','127.0.0.1','Windows 10','Chrome 83'),(73,'mrbird','2020-07-26 17:25:35','å†…ç½‘IP|0|0|å†…ç½‘IP|å†…ç½‘IP','192.168.137.1','Windows 10','Chrome 83'),(74,'zhangsan','2020-07-26 18:25:28','å†…ç½‘IP|0|0|å†…ç½‘IP|å†…ç½‘IP','192.168.137.1','Windows 10','Chrome 83'),(75,'mrbird','2020-07-26 18:25:49','å†…ç½‘IP|0|0|å†…ç½‘IP|å†…ç½‘IP','192.168.137.1','Windows 10','Chrome 83'),(76,'zhangsan','2020-07-26 18:26:20','å†…ç½‘IP|0|0|å†…ç½‘IP|å†…ç½‘IP','192.168.137.1','Windows 10','Chrome 83'),(77,'mrbird','2020-07-26 18:27:43','å†…ç½‘IP|0|0|å†…ç½‘IP|å†…ç½‘IP','192.168.137.1','Windows 10','Chrome 83'),(78,'mrbird','2020-07-27 11:51:34','å†…ç½‘IP|0|0|å†…ç½‘IP|å†…ç½‘IP','192.168.137.1','Windows 10','Chrome 83'),(79,'mrbird','2020-07-27 14:17:14','å†…ç½‘IP|0|0|å†…ç½‘IP|å†…ç½‘IP','192.168.137.1','Windows 10','Chrome 83'),(80,'mrbird','2020-07-27 22:11:19','å†…ç½‘IP|0|0|å†…ç½‘IP|å†…ç½‘IP','192.168.137.1','Windows 10','Chrome 83'),(81,'mrbird','2020-07-28 09:08:05','å†…ç½‘IP|0|0|å†…ç½‘IP|å†…ç½‘IP','192.168.137.1','Windows 10','Chrome 83'),(82,'mrbird','2020-07-28 14:01:08','å†…ç½‘IP|0|0|å†…ç½‘IP|å†…ç½‘IP','192.168.137.1','Windows 10','Chrome 83'),(83,'mrbird','2020-07-28 14:22:32','å†…ç½‘IP|0|0|å†…ç½‘IP|å†…ç½‘IP','192.168.137.1','Windows 10','Chrome 83'),(84,'zhangsan','2020-07-28 16:15:17','å†…ç½‘IP|0|0|å†…ç½‘IP|å†…ç½‘IP','127.0.0.1','Windows 10','Chrome 83'),(85,'mrbird','2020-07-28 18:36:43','å†…ç½‘IP|0|0|å†…ç½‘IP|å†…ç½‘IP','192.168.137.1','Windows 10','Chrome 83'),(86,'mrbird','2020-07-28 19:18:17','å†…ç½‘IP|0|0|å†…ç½‘IP|å†…ç½‘IP','192.168.137.1','Windows 10','Chrome 83'),(87,'mrbird','2020-07-28 19:18:52','å†…ç½‘IP|0|0|å†…ç½‘IP|å†…ç½‘IP','192.168.137.1','Windows 10','Chrome 83'),(88,'mrbird','2020-07-28 21:44:54','å†…ç½‘IP|0|0|å†…ç½‘IP|å†…ç½‘IP','192.168.137.1','Windows 10','Chrome 84'),(89,'mrbird','2020-07-29 09:40:03','å†…ç½‘IP|0|0|å†…ç½‘IP|å†…ç½‘IP','192.168.137.1','Windows 10','Chrome 84'),(90,'beiyan','2020-07-29 09:46:13','ä¸­å›½|ååŒ—|å±±è¥¿çœ|æ™‹ä¸­å¸‚|è”é€š','60.223.188.27','Linux','Chrome 77'),(91,'beiyan','2020-07-29 09:59:44','ä¸­å›½|åä¸œ|æµ™æ±Ÿçœ|æ­å·å¸‚|ç§»åŠ¨','117.148.171.72','Linux','Chrome 77'),(92,'beiyan','2020-07-29 10:01:09','å†…ç½‘IP|0|0|å†…ç½‘IP|å†…ç½‘IP','183.236.67.139, 14.116.144.205','Linux','Chrome 57'),(93,'beiyan','2020-07-29 10:03:49','ä¸­å›½|ååŒ—|å±±è¥¿çœ|æ™‹ä¸­å¸‚|è”é€š','60.223.132.110','Linux','Chrome 78'),(94,'mrbird','2020-07-29 20:09:26','å†…ç½‘IP|0|0|å†…ç½‘IP|å†…ç½‘IP','192.168.137.1','Windows 10','Chrome 84'),(95,'mrbird','2020-07-29 22:36:49','å†…ç½‘IP|0|0|å†…ç½‘IP|å†…ç½‘IP','192.168.137.1','Windows 10','Chrome 84'),(96,'mrbird','2020-07-30 08:56:44','å†…ç½‘IP|0|0|å†…ç½‘IP|å†…ç½‘IP','192.168.137.1','Windows 10','Chrome 84'),(97,'zhangsan','2020-07-30 11:40:36','å†…ç½‘IP|0|0|å†…ç½‘IP|å†…ç½‘IP','127.0.0.1','Windows 10','Chrome 84'),(98,'zhangsan','2020-07-30 13:19:52','å†…ç½‘IP|0|0|å†…ç½‘IP|å†…ç½‘IP','127.0.0.1','Windows 10','Chrome 84'),(99,'mrbird','2020-07-30 13:45:46','å†…ç½‘IP|0|0|å†…ç½‘IP|å†…ç½‘IP','192.168.137.1','Windows 10','Chrome 84'),(100,'mrbird','2020-07-30 15:35:45','ä¸­å›½|åä¸œ|ç¦å»ºçœ|æ³‰å·å¸‚|ç§»åŠ¨','112.47.211.43','Windows 10','Chrome 84'),(101,'mrbird','2020-07-30 16:00:07','å†…ç½‘IP|0|0|å†…ç½‘IP|å†…ç½‘IP','192.168.137.1','Windows 10','Chrome 84'),(102,'mrbird','2020-07-30 18:54:27','å†…ç½‘IP|0|0|å†…ç½‘IP|å†…ç½‘IP','192.168.137.1','Windows 10','Chrome 84'),(103,'mrbird','2020-07-30 22:53:23','å†…ç½‘IP|0|0|å†…ç½‘IP|å†…ç½‘IP','192.168.137.1','Windows 10','Chrome 84'),(104,'mrbird','2020-07-31 09:50:39','å†…ç½‘IP|0|0|å†…ç½‘IP|å†…ç½‘IP','192.168.137.1','Windows 10','Chrome 84'),(105,'zhangsan','2020-07-31 11:50:32','å†…ç½‘IP|0|0|å†…ç½‘IP|å†…ç½‘IP','127.0.0.1','Windows 10','Chrome 84'),(106,'mrbird','2020-07-31 13:26:55','å†…ç½‘IP|0|0|å†…ç½‘IP|å†…ç½‘IP','192.168.137.1','Windows 10','Chrome 84'),(107,'zhangsan','2020-07-31 13:30:25','å†…ç½‘IP|0|0|å†…ç½‘IP|å†…ç½‘IP','127.0.0.1','Windows 10','Chrome 84'),(108,'mrbird','2020-11-25 22:56:32',NULL,'192.168.43.143','Windows 10','Chrome 87'),(109,'mrbird','2020-11-25 23:11:05',NULL,'192.168.43.143','Windows 10','Chrome 87'),(110,'mrbird','2020-11-25 23:39:56',NULL,'192.168.43.143','Windows 10','Chrome 87'),(111,'mrbird','2020-11-26 08:43:54','å†…ç½‘IP|0|0|å†…ç½‘IP|å†…ç½‘IP','192.168.43.143','Windows 10','Chrome 87'),(112,'mrbird','2020-11-26 08:54:19','å†…ç½‘IP|0|0|å†…ç½‘IP|å†…ç½‘IP','192.168.43.143','Windows 10','Chrome 87'),(113,'mrbird','2020-11-26 09:19:48','å†…ç½‘IP|0|0|å†…ç½‘IP|å†…ç½‘IP','172.20.88.167','Windows 10','Chrome 87'),(114,'mrbird','2020-11-26 09:32:33','å†…ç½‘IP|0|0|å†…ç½‘IP|å†…ç½‘IP','172.20.88.167','Windows 10','Chrome 87'),(115,'mrbird','2020-11-26 09:36:36','å†…ç½‘IP|0|0|å†…ç½‘IP|å†…ç½‘IP','172.20.88.167','Windows 10','Chrome 87'),(116,'mrbird','2020-11-26 09:55:02','å†…ç½‘IP|0|0|å†…ç½‘IP|å†…ç½‘IP','172.20.88.167','Windows 10','Chrome 87'),(117,'mrbird','2020-11-26 09:57:35','å†…ç½‘IP|0|0|å†…ç½‘IP|å†…ç½‘IP','172.20.88.167','Windows 10','Chrome 87'),(118,'mrbird','2020-11-26 10:01:39','å†…ç½‘IP|0|0|å†…ç½‘IP|å†…ç½‘IP','172.20.88.167','Windows 10','Chrome 87'),(119,'mrbird','2020-11-26 10:03:50','å†…ç½‘IP|0|0|å†…ç½‘IP|å†…ç½‘IP','172.20.88.167','Windows 10','Chrome 87'),(120,'mrbird','2020-11-26 10:05:03','å†…ç½‘IP|0|0|å†…ç½‘IP|å†…ç½‘IP','172.20.88.167','Windows 10','Chrome 87'),(121,'mrbird','2020-11-26 10:22:46','å†…ç½‘IP|0|0|å†…ç½‘IP|å†…ç½‘IP','172.20.88.167','Windows 10','Chrome 87'),(122,'mrbird','2020-11-26 10:27:12','å†…ç½‘IP|0|0|å†…ç½‘IP|å†…ç½‘IP','172.20.88.167','Windows 10','Chrome 87'),(123,'mrbird','2020-11-26 10:53:32','å†…ç½‘IP|0|0|å†…ç½‘IP|å†…ç½‘IP','172.20.88.167','Windows 10','Chrome 87'),(124,'mrbird','2020-11-26 11:02:56','å†…ç½‘IP|0|0|å†…ç½‘IP|å†…ç½‘IP','172.20.88.167','Windows 10','Chrome 87'),(125,'mrbird','2020-11-26 12:09:23','å†…ç½‘IP|0|0|å†…ç½‘IP|å†…ç½‘IP','172.20.88.167','Windows 10','Chrome 87'),(126,'mrbird','2020-11-27 10:49:46','å†…ç½‘IP|0|0|å†…ç½‘IP|å†…ç½‘IP','192.168.43.143','Windows 10','Chrome 87'),(127,'mrbird','2020-11-27 10:54:50','å†…ç½‘IP|0|0|å†…ç½‘IP|å†…ç½‘IP','192.168.43.143','Windows 10','Chrome 87'),(128,'mrbird','2020-11-27 10:55:55','å†…ç½‘IP|0|0|å†…ç½‘IP|å†…ç½‘IP','192.168.43.143','Windows 10','Chrome 87'),(129,'mrbird','2020-11-27 14:09:20','å†…ç½‘IP|0|0|å†…ç½‘IP|å†…ç½‘IP','192.168.43.143','Windows 10','Chrome 87'),(130,'mrbird','2020-11-27 14:11:03','å†…ç½‘IP|0|0|å†…ç½‘IP|å†…ç½‘IP','192.168.43.143','Windows 10','Chrome 87'),(131,'mrbird','2020-11-27 14:17:29','å†…ç½‘IP|0|0|å†…ç½‘IP|å†…ç½‘IP','192.168.43.143','Windows 10','Chrome 87'),(132,'mrbird','2020-11-27 14:24:22','å†…ç½‘IP|0|0|å†…ç½‘IP|å†…ç½‘IP','192.168.43.143','Windows 10','Chrome 87'),(133,'mrbird','2020-11-27 14:34:53','å†…ç½‘IP|0|0|å†…ç½‘IP|å†…ç½‘IP','192.168.43.143','Windows 10','Chrome 87'),(134,'mrbird','2020-11-27 14:36:34','å†…ç½‘IP|0|0|å†…ç½‘IP|å†…ç½‘IP','192.168.43.143','Windows 10','Chrome 87'),(135,'mrbird','2020-11-27 14:45:08','å†…ç½‘IP|0|0|å†…ç½‘IP|å†…ç½‘IP','192.168.43.143','Windows 10','Chrome 87'),(136,'mrbird','2020-11-27 14:46:56','å†…ç½‘IP|0|0|å†…ç½‘IP|å†…ç½‘IP','192.168.43.143','Windows 10','Chrome 87'),(137,'mrbird','2020-11-27 14:57:25','å†…ç½‘IP|0|0|å†…ç½‘IP|å†…ç½‘IP','192.168.43.143','Windows 10','Chrome 87'),(138,'mrbird','2020-11-27 15:05:56','å†…ç½‘IP|0|0|å†…ç½‘IP|å†…ç½‘IP','192.168.43.143','Windows 10','Chrome 87'),(139,'mrbird','2020-11-27 15:08:28','å†…ç½‘IP|0|0|å†…ç½‘IP|å†…ç½‘IP','192.168.43.143','Windows 10','Chrome 87'),(140,'mrbird','2020-11-27 15:16:33','å†…ç½‘IP|0|0|å†…ç½‘IP|å†…ç½‘IP','192.168.43.143','Windows 10','Chrome 87'),(141,'mrbird','2020-11-27 15:22:17','å†…ç½‘IP|0|0|å†…ç½‘IP|å†…ç½‘IP','192.168.43.143','Windows 10','Chrome 87'),(142,'mrbird','2020-11-27 15:28:52','å†…ç½‘IP|0|0|å†…ç½‘IP|å†…ç½‘IP','192.168.43.143','Windows 10','Chrome 87'),(143,'mrbird','2020-11-27 15:31:35','å†…ç½‘IP|0|0|å†…ç½‘IP|å†…ç½‘IP','192.168.43.143','Windows 10','Chrome 87'),(144,'mrbird','2020-11-27 15:33:32','å†…ç½‘IP|0|0|å†…ç½‘IP|å†…ç½‘IP','192.168.43.143','Windows 10','Chrome 87'),(145,'mrbird','2020-11-27 15:40:46','å†…ç½‘IP|0|0|å†…ç½‘IP|å†…ç½‘IP','192.168.43.143','Windows 10','Chrome 87'),(146,'mrbird','2020-11-27 15:44:25','å†…ç½‘IP|0|0|å†…ç½‘IP|å†…ç½‘IP','192.168.43.143','Windows 10','Chrome 87'),(147,'mrbird','2020-11-27 15:58:35','å†…ç½‘IP|0|0|å†…ç½‘IP|å†…ç½‘IP','192.168.43.143','Windows 10','Chrome 87'),(148,'mrbird','2020-11-27 16:00:56','å†…ç½‘IP|0|0|å†…ç½‘IP|å†…ç½‘IP','192.168.43.143','Windows 10','Chrome 87'),(149,'mrbird','2020-11-27 16:05:17','å†…ç½‘IP|0|0|å†…ç½‘IP|å†…ç½‘IP','192.168.43.143','Windows 10','Chrome 87'),(150,'mrbird','2020-11-27 16:06:06','å†…ç½‘IP|0|0|å†…ç½‘IP|å†…ç½‘IP','192.168.43.143','Windows 10','Chrome 87'),(151,'mrbird','2020-11-27 16:07:17','å†…ç½‘IP|0|0|å†…ç½‘IP|å†…ç½‘IP','192.168.43.143','Windows 10','Chrome 87'),(152,'mrbird','2020-11-27 16:36:37','å†…ç½‘IP|0|0|å†…ç½‘IP|å†…ç½‘IP','192.168.43.143','Windows 10','Chrome 87'),(153,'mrbird','2020-11-27 16:47:13','å†…ç½‘IP|0|0|å†…ç½‘IP|å†…ç½‘IP','192.168.43.143','Windows 10','Chrome 87'),(154,'mrbird','2020-11-27 16:54:11','å†…ç½‘IP|0|0|å†…ç½‘IP|å†…ç½‘IP','192.168.43.143','Windows 10','Chrome 87'),(155,'mrbird','2020-11-27 17:08:08','å†…ç½‘IP|0|0|å†…ç½‘IP|å†…ç½‘IP','192.168.43.143','Windows 10','Chrome 87'),(156,'mrbird','2020-11-27 17:40:37','å†…ç½‘IP|0|0|å†…ç½‘IP|å†…ç½‘IP','192.168.43.143','Windows 10','Chrome 87'),(157,'mrbird','2020-11-30 09:02:08','å†…ç½‘IP|0|0|å†…ç½‘IP|å†…ç½‘IP','192.168.43.143','Windows 10','Chrome 87'),(158,'mrbird','2020-11-30 09:22:37','å†…ç½‘IP|0|0|å†…ç½‘IP|å†…ç½‘IP','192.168.43.143','Windows 10','Chrome 87'),(159,'mrbird','2020-11-30 09:26:15','å†…ç½‘IP|0|0|å†…ç½‘IP|å†…ç½‘IP','192.168.43.143','Windows 10','Chrome 87'),(160,'mrbird','2020-11-30 09:44:37','å†…ç½‘IP|0|0|å†…ç½‘IP|å†…ç½‘IP','192.168.43.143','Windows 10','Chrome 87'),(161,'mrbird','2020-11-30 09:48:20','å†…ç½‘IP|0|0|å†…ç½‘IP|å†…ç½‘IP','192.168.43.143','Windows 10','Chrome 87'),(162,'mrbird','2020-11-30 09:51:55','å†…ç½‘IP|0|0|å†…ç½‘IP|å†…ç½‘IP','192.168.43.143','Windows 10','Chrome 87'),(163,'mrbird','2020-11-30 09:59:16','å†…ç½‘IP|0|0|å†…ç½‘IP|å†…ç½‘IP','192.168.43.143','Windows 10','Chrome 87'),(164,'mrbird','2020-11-30 10:00:03','å†…ç½‘IP|0|0|å†…ç½‘IP|å†…ç½‘IP','192.168.43.143','Windows 10','Chrome 87'),(165,'mrbird','2020-11-30 10:00:40','å†…ç½‘IP|0|0|å†…ç½‘IP|å†…ç½‘IP','192.168.43.143','Windows 10','Chrome 87'),(166,'mrbird','2020-11-30 10:01:25','å†…ç½‘IP|0|0|å†…ç½‘IP|å†…ç½‘IP','192.168.43.143','Windows 10','Chrome 87'),(167,'mrbird','2020-11-30 10:01:51','å†…ç½‘IP|0|0|å†…ç½‘IP|å†…ç½‘IP','192.168.43.143','Windows 10','Chrome 87'),(168,'mrbird','2020-11-30 11:09:51','å†…ç½‘IP|0|0|å†…ç½‘IP|å†…ç½‘IP','192.168.43.143','Windows 10','Chrome 87'),(169,'mrbird','2020-11-30 11:15:27','å†…ç½‘IP|0|0|å†…ç½‘IP|å†…ç½‘IP','192.168.43.143','Windows 10','Chrome 87'),(170,'mrbird','2020-11-30 12:38:31','å†…ç½‘IP|0|0|å†…ç½‘IP|å†…ç½‘IP','192.168.43.143','Windows 10','Chrome 87'),(171,'mrbird','2020-11-30 12:44:50','å†…ç½‘IP|0|0|å†…ç½‘IP|å†…ç½‘IP','192.168.43.143','Windows 10','Chrome 87'),(172,'mrbird','2020-11-30 13:05:01','å†…ç½‘IP|0|0|å†…ç½‘IP|å†…ç½‘IP','192.168.43.143','Windows 10','Chrome 87'),(173,'mrbird','2020-11-30 18:06:30','å†…ç½‘IP|0|0|å†…ç½‘IP|å†…ç½‘IP','192.168.43.143','Windows 10','Chrome 87'),(174,'mrbird','2020-11-30 19:46:04','å†…ç½‘IP|0|0|å†…ç½‘IP|å†…ç½‘IP','192.168.43.143','Windows 10','Chrome 87'),(175,'mrbird','2020-11-30 19:48:51','å†…ç½‘IP|0|0|å†…ç½‘IP|å†…ç½‘IP','192.168.43.143','Windows 10','Chrome 87'),(176,'mrbird','2020-11-30 19:50:08','å†…ç½‘IP|0|0|å†…ç½‘IP|å†…ç½‘IP','192.168.43.143','Windows 10','Chrome 87'),(177,'mrbird','2020-12-01 19:13:31','å†…ç½‘IP|0|0|å†…ç½‘IP|å†…ç½‘IP','192.168.43.143','Windows 10','Chrome 87'),(178,'mrbird','2020-12-01 21:01:12','å†…ç½‘IP|0|0|å†…ç½‘IP|å†…ç½‘IP','192.168.43.143','Windows 10','Chrome 87'),(179,'mrbird','2020-12-01 21:03:55','å†…ç½‘IP|0|0|å†…ç½‘IP|å†…ç½‘IP','192.168.43.143','Windows 10','Chrome 87'),(180,'mrbird','2020-12-01 21:06:59','å†…ç½‘IP|0|0|å†…ç½‘IP|å†…ç½‘IP','192.168.43.143','Windows 10','Chrome 87'),(181,'mrbird','2020-12-01 21:12:53','å†…ç½‘IP|0|0|å†…ç½‘IP|å†…ç½‘IP','192.168.43.143','Windows 10','Chrome 87'),(182,'mrbird','2020-12-01 21:30:29','å†…ç½‘IP|0|0|å†…ç½‘IP|å†…ç½‘IP','192.168.43.143','Windows 10','Chrome 87'),(183,'mrbird','2020-12-01 21:37:15','å†…ç½‘IP|0|0|å†…ç½‘IP|å†…ç½‘IP','192.168.43.143','Windows 10','Chrome 87'),(184,'mrbird','2020-12-02 18:17:33','å†…ç½‘IP|0|0|å†…ç½‘IP|å†…ç½‘IP','192.168.43.143','Windows 10','Chrome 87'),(185,'mrbird','2020-12-02 19:01:57','å†…ç½‘IP|0|0|å†…ç½‘IP|å†…ç½‘IP','192.168.43.143','Windows 10','Chrome 87'),(186,'mrbird','2020-12-02 19:05:53','å†…ç½‘IP|0|0|å†…ç½‘IP|å†…ç½‘IP','192.168.43.143','Windows 10','Chrome 87'),(187,'mrbird','2020-12-02 19:07:15','å†…ç½‘IP|0|0|å†…ç½‘IP|å†…ç½‘IP','192.168.43.143','Windows 10','Chrome 87'),(188,'mrbird','2020-12-02 19:12:17','å†…ç½‘IP|0|0|å†…ç½‘IP|å†…ç½‘IP','192.168.43.143','Windows 10','Chrome 87'),(189,'mrbird','2020-12-02 19:15:47','å†…ç½‘IP|0|0|å†…ç½‘IP|å†…ç½‘IP','192.168.43.143','Windows 10','Chrome 87'),(190,'mrbird','2020-12-02 19:19:07','å†…ç½‘IP|0|0|å†…ç½‘IP|å†…ç½‘IP','192.168.43.143','Windows 10','Chrome 87'),(191,'mrbird','2020-12-02 19:23:32','å†…ç½‘IP|0|0|å†…ç½‘IP|å†…ç½‘IP','192.168.43.143','Windows 10','Chrome 87'),(192,'mrbird','2020-12-02 19:43:44','å†…ç½‘IP|0|0|å†…ç½‘IP|å†…ç½‘IP','192.168.43.143','Windows 10','Chrome 87'),(193,'mrbird','2020-12-02 21:47:20','å†…ç½‘IP|0|0|å†…ç½‘IP|å†…ç½‘IP','192.168.43.143','Windows 10','Chrome 87'),(194,'mrbird','2020-12-02 21:58:07','å†…ç½‘IP|0|0|å†…ç½‘IP|å†…ç½‘IP','192.168.43.143','Windows 10','Chrome 87'),(195,'mrbird','2020-12-02 22:05:25','å†…ç½‘IP|0|0|å†…ç½‘IP|å†…ç½‘IP','192.168.43.143','Windows 10','Chrome 87'),(196,'mrbird','2020-12-03 19:50:22','å†…ç½‘IP|0|0|å†…ç½‘IP|å†…ç½‘IP','192.168.43.143','Windows 10','Chrome 87'),(197,'mrbird','2020-12-03 20:07:31','å†…ç½‘IP|0|0|å†…ç½‘IP|å†…ç½‘IP','192.168.43.143','Windows 10','Chrome 87'),(198,'mrbird','2020-12-03 20:21:55','å†…ç½‘IP|0|0|å†…ç½‘IP|å†…ç½‘IP','192.168.43.143','Windows 10','Chrome 87'),(199,'mrbird','2020-12-03 20:53:06','å†…ç½‘IP|0|0|å†…ç½‘IP|å†…ç½‘IP','192.168.43.143','Windows 10','Chrome 87'),(200,'mrbird','2020-12-03 20:58:56','å†…ç½‘IP|0|0|å†…ç½‘IP|å†…ç½‘IP','192.168.43.143','Windows 10','Chrome 87'),(201,'mrbird','2020-12-03 21:51:12','å†…ç½‘IP|0|0|å†…ç½‘IP|å†…ç½‘IP','192.168.43.143','Windows 10','Chrome 87'),(202,'mrbird','2020-12-03 21:53:16','å†…ç½‘IP|0|0|å†…ç½‘IP|å†…ç½‘IP','192.168.43.143','Windows 10','Chrome 87'),(203,'mrbird','2020-12-03 22:20:28','å†…ç½‘IP|0|0|å†…ç½‘IP|å†…ç½‘IP','192.168.43.143','Windows 10','Chrome 87'),(204,'mrbird','2020-12-03 22:25:10','å†…ç½‘IP|0|0|å†…ç½‘IP|å†…ç½‘IP','192.168.43.143','Windows 10','Chrome 87'),(205,'mrbird','2020-12-03 23:02:35','å†…ç½‘IP|0|0|å†…ç½‘IP|å†…ç½‘IP','192.168.43.143','Windows 10','Chrome 87'),(206,'mrbird','2020-12-03 23:24:29','å†…ç½‘IP|0|0|å†…ç½‘IP|å†…ç½‘IP','192.168.43.143','Windows 10','Chrome 87'),(207,'mrbird','2020-12-03 23:27:44','å†…ç½‘IP|0|0|å†…ç½‘IP|å†…ç½‘IP','192.168.43.143','Windows 10','Chrome 87'),(208,'mrbird','2020-12-03 23:39:04','å†…ç½‘IP|0|0|å†…ç½‘IP|å†…ç½‘IP','192.168.43.143','Windows 10','Chrome 87'),(209,'mrbird','2020-12-03 23:55:02','å†…ç½‘IP|0|0|å†…ç½‘IP|å†…ç½‘IP','192.168.43.143','Windows 10','Chrome 87'),(210,'mrbird','2020-12-04 00:01:16','å†…ç½‘IP|0|0|å†…ç½‘IP|å†…ç½‘IP','192.168.43.143','Windows 10','Chrome 87'),(211,'mrbird','2020-12-04 00:03:19','å†…ç½‘IP|0|0|å†…ç½‘IP|å†…ç½‘IP','192.168.43.143','Windows 10','Chrome 87'),(212,'mrbird','2020-12-04 00:09:19','å†…ç½‘IP|0|0|å†…ç½‘IP|å†…ç½‘IP','192.168.43.143','Windows 10','Chrome 87'),(213,'mrbird','2020-12-04 00:13:58','å†…ç½‘IP|0|0|å†…ç½‘IP|å†…ç½‘IP','192.168.43.143','Windows 10','Chrome 87'),(214,'mrbird','2020-12-04 00:21:02','å†…ç½‘IP|0|0|å†…ç½‘IP|å†…ç½‘IP','192.168.43.143','Windows 10','Chrome 87'),(215,'mrbird','2020-12-04 00:29:38','å†…ç½‘IP|0|0|å†…ç½‘IP|å†…ç½‘IP','192.168.43.143','Windows 10','Chrome 87'),(216,'mrbird','2020-12-04 00:31:52','å†…ç½‘IP|0|0|å†…ç½‘IP|å†…ç½‘IP','192.168.43.143','Windows 10','Chrome 87'),(217,'mrbird','2020-12-04 08:47:58','å†…ç½‘IP|0|0|å†…ç½‘IP|å†…ç½‘IP','192.168.43.143','Windows 10','Chrome 87'),(218,'mrbird','2020-12-04 08:56:02','å†…ç½‘IP|0|0|å†…ç½‘IP|å†…ç½‘IP','192.168.43.143','Windows 10','Chrome 87'),(219,'mrbird','2020-12-04 09:00:47','å†…ç½‘IP|0|0|å†…ç½‘IP|å†…ç½‘IP','192.168.43.143','Windows 10','Chrome 87'),(220,'mrbird','2020-12-04 09:06:03','å†…ç½‘IP|0|0|å†…ç½‘IP|å†…ç½‘IP','192.168.43.143','Windows 10','Chrome 87'),(221,'mrbird','2020-12-04 09:07:08','å†…ç½‘IP|0|0|å†…ç½‘IP|å†…ç½‘IP','192.168.43.143','Windows 10','Chrome 87'),(222,'mrbird','2020-12-04 09:09:55','å†…ç½‘IP|0|0|å†…ç½‘IP|å†…ç½‘IP','192.168.43.143','Windows 10','Chrome 87'),(223,'mrbird','2020-12-04 09:11:03','å†…ç½‘IP|0|0|å†…ç½‘IP|å†…ç½‘IP','192.168.43.143','Windows 10','Chrome 87'),(224,'mrbird','2020-12-04 09:12:48','å†…ç½‘IP|0|0|å†…ç½‘IP|å†…ç½‘IP','192.168.43.143','Windows 10','Chrome 87'),(225,'mrbird','2020-12-04 10:01:16','å†…ç½‘IP|0|0|å†…ç½‘IP|å†…ç½‘IP','192.168.43.143','Windows 10','Chrome 87'),(226,'mrbird','2020-12-04 10:44:20','å†…ç½‘IP|0|0|å†…ç½‘IP|å†…ç½‘IP','192.168.43.143','Windows 10','Chrome 87'),(227,'mrbird','2020-12-04 10:50:12','å†…ç½‘IP|0|0|å†…ç½‘IP|å†…ç½‘IP','192.168.43.143','Windows 10','Chrome 87'),(228,'mrbird','2020-12-04 10:52:13','å†…ç½‘IP|0|0|å†…ç½‘IP|å†…ç½‘IP','192.168.43.143','Windows 10','Chrome 87'),(229,'mrbird','2020-12-04 11:04:52','å†…ç½‘IP|0|0|å†…ç½‘IP|å†…ç½‘IP','192.168.43.143','Windows 10','Chrome 87'),(230,'mrbird','2020-12-04 12:24:46','å†…ç½‘IP|0|0|å†…ç½‘IP|å†…ç½‘IP','192.168.43.143','Windows 10','Chrome 87'),(231,'mrbird','2020-12-04 12:29:53','å†…ç½‘IP|0|0|å†…ç½‘IP|å†…ç½‘IP','192.168.43.143','Windows 10','Chrome 87'),(232,'mrbird','2020-12-04 12:30:53','å†…ç½‘IP|0|0|å†…ç½‘IP|å†…ç½‘IP','192.168.43.143','Windows 10','Chrome 87'),(233,'mrbird','2020-12-04 12:33:28','å†…ç½‘IP|0|0|å†…ç½‘IP|å†…ç½‘IP','192.168.43.143','Windows 10','Chrome 87'),(234,'mrbird','2020-12-04 12:56:22','å†…ç½‘IP|0|0|å†…ç½‘IP|å†…ç½‘IP','192.168.43.143','Windows 10','Chrome 87'),(235,'mrbird','2020-12-04 13:13:54','å†…ç½‘IP|0|0|å†…ç½‘IP|å†…ç½‘IP','192.168.43.143','Windows 10','Chrome 87'),(236,'mrbird','2020-12-04 13:29:42','å†…ç½‘IP|0|0|å†…ç½‘IP|å†…ç½‘IP','192.168.43.143','Windows 10','Chrome 87'),(237,'mrbird','2020-12-04 22:17:05','å†…ç½‘IP|0|0|å†…ç½‘IP|å†…ç½‘IP','192.168.43.143','Windows 10','Chrome 87'),(238,'mrbird','2020-12-04 22:30:39','å†…ç½‘IP|0|0|å†…ç½‘IP|å†…ç½‘IP','192.168.43.143','Windows 10','Chrome 87'),(239,'mrbird','2020-12-04 23:45:56','å†…ç½‘IP|0|0|å†…ç½‘IP|å†…ç½‘IP','192.168.43.143','Windows 10','Chrome 87'),(240,'mrbird','2020-12-05 00:17:31','å†…ç½‘IP|0|0|å†…ç½‘IP|å†…ç½‘IP','192.168.43.143','Windows 10','Chrome 87'),(241,'mrbird','2020-12-05 09:42:29','å†…ç½‘IP|0|0|å†…ç½‘IP|å†…ç½‘IP','192.168.43.143','Windows 10','Chrome 87'),(242,'mrbird','2020-12-05 10:37:58','å†…ç½‘IP|0|0|å†…ç½‘IP|å†…ç½‘IP','192.168.43.143','Windows 10','Chrome 87'),(243,'mrbird','2020-12-05 10:41:23','å†…ç½‘IP|0|0|å†…ç½‘IP|å†…ç½‘IP','192.168.43.143','Windows 10','Chrome 87'),(244,'mrbird','2020-12-05 11:00:34','å†…ç½‘IP|0|0|å†…ç½‘IP|å†…ç½‘IP','192.168.43.143','Windows 10','Chrome 87'),(245,'mrbird','2020-12-05 11:11:39','å†…ç½‘IP|0|0|å†…ç½‘IP|å†…ç½‘IP','192.168.43.143','Windows 10','Chrome 87'),(246,'mrbird','2020-12-05 13:15:12','å†…ç½‘IP|0|0|å†…ç½‘IP|å†…ç½‘IP','192.168.43.143','Windows 10','Chrome 87'),(247,'mrbird','2020-12-05 14:12:34','å†…ç½‘IP|0|0|å†…ç½‘IP|å†…ç½‘IP','192.168.43.143','Windows 10','Chrome 87'),(248,'123','2020-12-05 14:19:01','å†…ç½‘IP|0|0|å†…ç½‘IP|å†…ç½‘IP','127.0.0.1','Windows 10','Chrome 87'),(249,'1234','2020-12-05 14:25:40','å†…ç½‘IP|0|0|å†…ç½‘IP|å†…ç½‘IP','127.0.0.1','Windows 10','Chrome 87'),(250,'1234','2020-12-05 14:27:36','å†…ç½‘IP|0|0|å†…ç½‘IP|å†…ç½‘IP','127.0.0.1','Windows 10','Chrome 87'),(251,'master','2020-12-05 14:29:42','å†…ç½‘IP|0|0|å†…ç½‘IP|å†…ç½‘IP','127.0.0.1','Windows 10','Chrome 87'),(252,'mrbird','2020-12-06 10:00:05',NULL,'192.168.137.1','Windows 10','Chrome 87'),(253,'mrbird','2020-12-06 10:07:50',NULL,'192.168.137.1','Windows 10','Chrome 87'),(254,'mrbird','2020-12-06 10:22:08',NULL,'192.168.137.1','Windows 10','Chrome 87'),(255,'mrbird','2020-12-06 15:48:26',NULL,'192.168.137.1','Windows 10','Chrome 87'),(256,'mrbird','2020-12-06 15:53:28',NULL,'192.168.137.1','Windows 10','Chrome 87'),(257,'mrbird','2020-12-06 16:11:08',NULL,'192.168.137.1','Windows 10','Chrome 87'),(258,'mrbird','2020-12-06 16:21:19',NULL,'192.168.137.1','Windows 10','Chrome 87'),(259,'mrbird','2020-12-06 16:37:05',NULL,'192.168.137.1','Windows 10','Chrome 87'),(260,'mrbird','2020-12-06 16:55:53',NULL,'192.168.137.1','Windows 10','Chrome 87'),(261,'mrbird','2020-12-06 17:39:49',NULL,'192.168.137.1','Windows 10','Chrome 87'),(262,'mrbird','2020-12-06 17:48:39',NULL,'192.168.137.1','Windows 10','Chrome 87'),(263,'mrbird','2020-12-06 17:50:17',NULL,'192.168.137.1','Windows 10','Chrome 87'),(264,'mrbird','2020-12-06 18:01:11',NULL,'192.168.137.1','Windows 10','Chrome 87'),(265,'mrbird','2020-12-06 18:07:38',NULL,'192.168.137.1','Windows 10','Chrome 87'),(266,'mrbird','2020-12-06 18:11:15',NULL,'192.168.137.1','Windows 10','Chrome 87'),(267,'mrbird','2020-12-06 18:12:43',NULL,'192.168.137.1','Windows 10','Chrome 87'),(268,'mrbird','2020-12-06 18:22:10',NULL,'192.168.137.1','Windows 10','Chrome 87'),(269,'mrbird','2020-12-06 18:25:52',NULL,'192.168.137.1','Windows 10','Chrome 87'),(270,'mrbird','2020-12-06 18:27:26',NULL,'192.168.137.1','Windows 10','Chrome 87'),(271,'mrbird','2020-12-06 18:29:06',NULL,'192.168.137.1','Windows 10','Chrome 87'),(272,'mrbird','2020-12-06 18:31:59',NULL,'192.168.137.1','Windows 10','Chrome 87'),(273,'mrbird','2020-12-06 18:35:23',NULL,'192.168.137.1','Windows 10','Chrome 87'),(274,'mrbird','2020-12-06 18:47:57',NULL,'192.168.137.1','Windows 10','Chrome 87'),(275,'mrbird','2020-12-06 18:52:24',NULL,'192.168.137.1','Windows 10','Chrome 87'),(276,'mrbird','2020-12-06 19:00:11',NULL,'192.168.137.1','Windows 10','Chrome 87'),(277,'mrbird','2020-12-06 20:57:04',NULL,'192.168.137.1','Windows 10','Chrome 87'),(278,'mrbird','2020-12-06 21:45:17',NULL,'192.168.137.1','Windows 10','Chrome 87'),(279,'mrbird','2020-12-06 22:22:04',NULL,'192.168.137.1','Windows 10','Chrome 87'),(280,'mrbird','2020-12-08 10:33:44',NULL,'192.168.137.1','Windows 10','Chrome 87'),(281,'mrbird','2020-12-08 10:37:41',NULL,'192.168.137.1','Windows 10','Chrome 87'),(282,'mrbird','2020-12-11 13:33:31','å†…ç½‘IP|0|0|å†…ç½‘IP|å†…ç½‘IP','192.168.43.143','Windows 10','Chrome 87'),(283,'mrbird','2020-12-11 14:14:06','å†…ç½‘IP|0|0|å†…ç½‘IP|å†…ç½‘IP','192.168.43.143','Windows 10','Chrome 87'),(284,'mrbird','2020-12-14 18:41:22','å†…ç½‘IP|0|0|å†…ç½‘IP|å†…ç½‘IP','192.168.220.1','Windows 10','Chrome 87'),(285,'mrbird','2021-01-11 11:49:56','å†…ç½‘IP|0|0|å†…ç½‘IP|å†…ç½‘IP','192.168.220.1','Windows 10','Chrome 87'),(286,'mrbird','2021-01-11 13:54:16','å†…ç½‘IP|0|0|å†…ç½‘IP|å†…ç½‘IP','192.168.220.1','Windows 10','Chrome 87'),(287,'mrbird','2021-01-11 14:39:07','å†…ç½‘IP|0|0|å†…ç½‘IP|å†…ç½‘IP','192.168.220.1','Windows 10','Chrome 87'),(288,'mrbird','2021-01-11 17:18:59','å†…ç½‘IP|0|0|å†…ç½‘IP|å†…ç½‘IP','192.168.220.1','Windows 10','Chrome 87'),(289,'mrbird','2021-01-11 17:20:54','å†…ç½‘IP|0|0|å†…ç½‘IP|å†…ç½‘IP','192.168.220.1','Windows 10','Chrome 87'),(290,'mrbird','2021-01-12 10:31:31','å†…ç½‘IP|0|0|å†…ç½‘IP|å†…ç½‘IP','192.168.220.1','Windows 10','Chrome 87'),(291,'mrbird','2021-01-12 12:19:43','å†…ç½‘IP|0|0|å†…ç½‘IP|å†…ç½‘IP','192.168.220.1','Windows 10','Chrome 87'),(292,'mrbird','2021-01-12 12:26:25','å†…ç½‘IP|0|0|å†…ç½‘IP|å†…ç½‘IP','192.168.220.1','Windows 10','Chrome 87'),(293,'mrbird','2021-01-12 12:32:54','å†…ç½‘IP|0|0|å†…ç½‘IP|å†…ç½‘IP','192.168.220.1','Windows 10','Chrome 87'),(294,'mrbird','2021-01-12 12:35:04','å†…ç½‘IP|0|0|å†…ç½‘IP|å†…ç½‘IP','192.168.220.1','Windows 10','Chrome 87'),(295,'mrbird','2021-01-12 12:41:52','å†…ç½‘IP|0|0|å†…ç½‘IP|å†…ç½‘IP','192.168.220.1','Windows 10','Chrome 87'),(296,'mrbird','2021-01-12 13:58:07','å†…ç½‘IP|0|0|å†…ç½‘IP|å†…ç½‘IP','192.168.220.1','Windows 10','Chrome 87'),(297,'mrbird','2021-01-12 14:11:19','å†…ç½‘IP|0|0|å†…ç½‘IP|å†…ç½‘IP','192.168.220.1','Windows 10','Chrome 87'),(298,'mrbird','2021-01-12 14:15:05','å†…ç½‘IP|0|0|å†…ç½‘IP|å†…ç½‘IP','192.168.220.1','Windows 10','Chrome 87'),(299,'mrbird','2021-01-12 14:21:14','å†…ç½‘IP|0|0|å†…ç½‘IP|å†…ç½‘IP','192.168.220.1','Windows 10','Chrome 87'),(300,'mrbird','2021-01-12 14:33:04','å†…ç½‘IP|0|0|å†…ç½‘IP|å†…ç½‘IP','192.168.220.1','Windows 10','Chrome 87'),(301,'mrbird','2021-01-12 14:42:45','å†…ç½‘IP|0|0|å†…ç½‘IP|å†…ç½‘IP','192.168.220.1','Windows 10','Chrome 87'),(302,'mrbird','2021-01-12 14:46:00','å†…ç½‘IP|0|0|å†…ç½‘IP|å†…ç½‘IP','192.168.220.1','Windows 10','Chrome 87'),(303,'mrbird','2021-01-12 14:53:13','å†…ç½‘IP|0|0|å†…ç½‘IP|å†…ç½‘IP','192.168.220.1','Windows 10','Chrome 87'),(304,'mrbird','2021-01-12 15:35:25','å†…ç½‘IP|0|0|å†…ç½‘IP|å†…ç½‘IP','192.168.220.1','Windows 10','Chrome 87'),(305,'mrbird','2021-01-12 17:22:33','å†…ç½‘IP|0|0|å†…ç½‘IP|å†…ç½‘IP','192.168.220.1','Windows 10','Chrome 87'),(306,'mrbird','2021-01-12 17:44:08','å†…ç½‘IP|0|0|å†…ç½‘IP|å†…ç½‘IP','192.168.220.1','Windows 10','Chrome 87'),(307,'mrbird','2021-01-12 17:46:20','å†…ç½‘IP|0|0|å†…ç½‘IP|å†…ç½‘IP','192.168.220.1','Windows 10','Chrome 87'),(308,'mrbird','2021-01-12 18:32:01','å†…ç½‘IP|0|0|å†…ç½‘IP|å†…ç½‘IP','192.168.220.1','Windows 10','Chrome 87'),(309,'mrbird','2021-01-12 18:36:13','å†…ç½‘IP|0|0|å†…ç½‘IP|å†…ç½‘IP','192.168.220.1','Windows 10','Chrome 87'),(310,'mrbird','2021-01-12 18:44:38','å†…ç½‘IP|0|0|å†…ç½‘IP|å†…ç½‘IP','192.168.220.1','Windows 10','Chrome 87'),(311,'mrbird','2021-01-12 18:48:27','å†…ç½‘IP|0|0|å†…ç½‘IP|å†…ç½‘IP','192.168.220.1','Windows 10','Chrome 87'),(312,'mrbird','2021-01-12 18:50:08','å†…ç½‘IP|0|0|å†…ç½‘IP|å†…ç½‘IP','192.168.220.1','Windows 10','Chrome 87'),(313,'mrbird','2021-01-12 19:00:26','å†…ç½‘IP|0|0|å†…ç½‘IP|å†…ç½‘IP','192.168.220.1','Windows 10','Chrome 87'),(314,'mrbird','2021-01-12 19:01:57','å†…ç½‘IP|0|0|å†…ç½‘IP|å†…ç½‘IP','192.168.220.1','Windows 10','Chrome 87'),(315,'mrbird','2021-01-12 19:03:27','å†…ç½‘IP|0|0|å†…ç½‘IP|å†…ç½‘IP','192.168.220.1','Windows 10','Chrome 87'),(316,'mrbird','2021-01-12 19:06:21','å†…ç½‘IP|0|0|å†…ç½‘IP|å†…ç½‘IP','192.168.220.1','Windows 10','Chrome 87'),(317,'mrbird','2021-01-12 20:30:48','å†…ç½‘IP|0|0|å†…ç½‘IP|å†…ç½‘IP','192.168.220.1','Windows 10','Chrome 87'),(318,'mrbird','2021-01-12 20:34:08','å†…ç½‘IP|0|0|å†…ç½‘IP|å†…ç½‘IP','192.168.220.1','Windows 10','Chrome 87'),(319,'mrbird','2021-01-12 20:39:39','å†…ç½‘IP|0|0|å†…ç½‘IP|å†…ç½‘IP','192.168.220.1','Windows 10','Chrome 87'),(320,'mrbird','2021-01-12 20:42:09','å†…ç½‘IP|0|0|å†…ç½‘IP|å†…ç½‘IP','192.168.220.1','Windows 10','Chrome 87'),(321,'mrbird','2021-01-12 20:47:40','å†…ç½‘IP|0|0|å†…ç½‘IP|å†…ç½‘IP','192.168.220.1','Windows 10','Chrome 87'),(322,'mrbird','2021-01-12 21:26:03','å†…ç½‘IP|0|0|å†…ç½‘IP|å†…ç½‘IP','192.168.220.1','Windows 10','Chrome 87'),(323,'mrbird','2021-01-12 21:30:56','å†…ç½‘IP|0|0|å†…ç½‘IP|å†…ç½‘IP','192.168.220.1','Windows 10','Chrome 87'),(324,'mrbird','2021-01-12 21:36:04','å†…ç½‘IP|0|0|å†…ç½‘IP|å†…ç½‘IP','192.168.220.1','Windows 10','Chrome 87'),(325,'mrbird','2021-01-12 21:39:10','å†…ç½‘IP|0|0|å†…ç½‘IP|å†…ç½‘IP','192.168.220.1','Windows 10','Chrome 87'),(326,'mrbird','2021-01-12 21:56:37','å†…ç½‘IP|0|0|å†…ç½‘IP|å†…ç½‘IP','192.168.220.1','Windows 10','Chrome 87'),(327,'mrbird','2021-01-12 22:24:23','å†…ç½‘IP|0|0|å†…ç½‘IP|å†…ç½‘IP','192.168.220.1','Windows 10','Chrome 87'),(328,'mrbird','2021-01-12 22:46:05','å†…ç½‘IP|0|0|å†…ç½‘IP|å†…ç½‘IP','192.168.220.1','Windows 10','Chrome 87'),(329,'mrbird','2021-01-12 23:05:16','å†…ç½‘IP|0|0|å†…ç½‘IP|å†…ç½‘IP','192.168.220.1','Windows 10','Chrome 87'),(330,'mrbird','2021-01-12 23:58:57','å†…ç½‘IP|0|0|å†…ç½‘IP|å†…ç½‘IP','192.168.220.1','Windows 10','Chrome 87'),(331,'mrbird','2021-01-13 00:09:48','å†…ç½‘IP|0|0|å†…ç½‘IP|å†…ç½‘IP','192.168.220.1','Windows 10','Chrome 87'),(332,'mrbird','2021-01-13 00:21:16','å†…ç½‘IP|0|0|å†…ç½‘IP|å†…ç½‘IP','192.168.220.1','Windows 10','Chrome 87'),(333,'mrbird','2021-01-13 00:35:05','å†…ç½‘IP|0|0|å†…ç½‘IP|å†…ç½‘IP','192.168.220.1','Windows 10','Chrome 87'),(334,'mrbird','2021-01-13 02:31:38','å†…ç½‘IP|0|0|å†…ç½‘IP|å†…ç½‘IP','192.168.220.1','Windows 10','Chrome 87'),(335,'mrbird','2021-01-13 02:42:00','å†…ç½‘IP|0|0|å†…ç½‘IP|å†…ç½‘IP','192.168.220.1','Windows 10','Chrome 87'),(336,'mrbird','2021-01-13 03:06:18','å†…ç½‘IP|0|0|å†…ç½‘IP|å†…ç½‘IP','192.168.220.1','Windows 10','Chrome 87'),(337,'mrbird','2021-01-13 10:22:35','å†…ç½‘IP|0|0|å†…ç½‘IP|å†…ç½‘IP','192.168.220.1','Windows 10','Chrome 87'),(338,'mrbird','2021-01-13 10:24:59','å†…ç½‘IP|0|0|å†…ç½‘IP|å†…ç½‘IP','192.168.220.1','Windows 10','Chrome 87'),(339,'mrbird','2021-01-13 10:55:46','å†…ç½‘IP|0|0|å†…ç½‘IP|å†…ç½‘IP','192.168.220.1','Windows 10','Chrome 87'),(340,'mrbird','2021-01-13 11:06:24','å†…ç½‘IP|0|0|å†…ç½‘IP|å†…ç½‘IP','192.168.220.1','Windows 10','Chrome 87'),(341,'mrbird','2021-01-13 11:11:14','å†…ç½‘IP|0|0|å†…ç½‘IP|å†…ç½‘IP','192.168.220.1','Windows 10','Chrome 87'),(342,'mrbird','2021-01-13 11:13:46','å†…ç½‘IP|0|0|å†…ç½‘IP|å†…ç½‘IP','192.168.220.1','Windows 10','Chrome 87'),(343,'mrbird','2021-01-13 11:25:35','å†…ç½‘IP|0|0|å†…ç½‘IP|å†…ç½‘IP','192.168.220.1','Windows 10','Chrome 87'),(344,'mrbird','2021-01-13 11:27:49','å†…ç½‘IP|0|0|å†…ç½‘IP|å†…ç½‘IP','192.168.220.1','Windows 10','Chrome 87'),(345,'mrbird','2021-01-13 11:29:11','å†…ç½‘IP|0|0|å†…ç½‘IP|å†…ç½‘IP','192.168.220.1','Windows 10','Chrome 87'),(346,'mrbird','2021-01-13 11:30:34','å†…ç½‘IP|0|0|å†…ç½‘IP|å†…ç½‘IP','192.168.220.1','Windows 10','Chrome 87'),(347,'mrbird','2021-01-13 11:34:58','å†…ç½‘IP|0|0|å†…ç½‘IP|å†…ç½‘IP','192.168.220.1','Windows 10','Chrome 87'),(348,'mrbird','2021-01-13 11:53:47','å†…ç½‘IP|0|0|å†…ç½‘IP|å†…ç½‘IP','192.168.220.1','Windows 10','Chrome 87'),(349,'mrbird','2021-01-13 11:55:50','å†…ç½‘IP|0|0|å†…ç½‘IP|å†…ç½‘IP','192.168.220.1','Windows 10','Chrome 87'),(350,'mrbird','2021-01-13 12:20:12','å†…ç½‘IP|0|0|å†…ç½‘IP|å†…ç½‘IP','192.168.220.1','Windows 10','Chrome 87'),(351,'mrbird','2021-01-13 12:35:51','å†…ç½‘IP|0|0|å†…ç½‘IP|å†…ç½‘IP','192.168.220.1','Windows 10','Chrome 87'),(352,'mrbird','2021-01-13 12:44:50','å†…ç½‘IP|0|0|å†…ç½‘IP|å†…ç½‘IP','192.168.220.1','Windows 10','Chrome 87'),(353,'mrbird','2021-01-13 12:47:58','å†…ç½‘IP|0|0|å†…ç½‘IP|å†…ç½‘IP','192.168.220.1','Windows 10','Chrome 87'),(354,'mrbird','2021-01-13 12:57:41','å†…ç½‘IP|0|0|å†…ç½‘IP|å†…ç½‘IP','192.168.220.1','Windows 10','Chrome 87'),(355,'mrbird','2021-01-13 13:00:32','å†…ç½‘IP|0|0|å†…ç½‘IP|å†…ç½‘IP','192.168.220.1','Windows 10','Chrome 87'),(356,'mrbird','2021-01-13 13:43:23','å†…ç½‘IP|0|0|å†…ç½‘IP|å†…ç½‘IP','192.168.220.1','Windows 10','Chrome 87'),(357,'mrbird','2021-01-13 14:10:50','å†…ç½‘IP|0|0|å†…ç½‘IP|å†…ç½‘IP','192.168.220.1','Windows 10','Chrome 87'),(358,'mrbird','2021-01-13 14:29:31','å†…ç½‘IP|0|0|å†…ç½‘IP|å†…ç½‘IP','192.168.220.1','Windows 10','Chrome 87'),(359,'mrbird','2021-01-13 14:39:09','å†…ç½‘IP|0|0|å†…ç½‘IP|å†…ç½‘IP','192.168.220.1','Windows 10','Chrome 87'),(360,'mrbird','2021-01-13 15:28:07','å†…ç½‘IP|0|0|å†…ç½‘IP|å†…ç½‘IP','192.168.220.1','Windows 10','Chrome 87'),(361,'mrbird','2021-01-13 16:20:03','å†…ç½‘IP|0|0|å†…ç½‘IP|å†…ç½‘IP','192.168.220.1','Windows 10','Chrome 87'),(362,'mrbird','2021-01-13 16:34:33','å†…ç½‘IP|0|0|å†…ç½‘IP|å†…ç½‘IP','192.168.220.1','Windows 10','Chrome 87'),(363,'mrbird','2021-01-13 16:39:24','å†…ç½‘IP|0|0|å†…ç½‘IP|å†…ç½‘IP','192.168.220.1','Windows 10','Chrome 87'),(364,'mrbird','2021-01-13 16:48:11','å†…ç½‘IP|0|0|å†…ç½‘IP|å†…ç½‘IP','192.168.220.1','Windows 10','Chrome 87'),(365,'mrbird','2021-01-13 17:11:59','å†…ç½‘IP|0|0|å†…ç½‘IP|å†…ç½‘IP','192.168.220.1','Windows 10','Chrome 87'),(366,'mrbird','2021-01-13 17:36:54','å†…ç½‘IP|0|0|å†…ç½‘IP|å†…ç½‘IP','192.168.220.1','Windows 10','Chrome 87'),(367,'mrbird','2021-01-13 17:43:25','å†…ç½‘IP|0|0|å†…ç½‘IP|å†…ç½‘IP','192.168.220.1','Windows 10','Chrome 87'),(368,'mrbird','2021-01-13 17:51:06','å†…ç½‘IP|0|0|å†…ç½‘IP|å†…ç½‘IP','192.168.220.1','Windows 10','Chrome 87'),(369,'mrbird','2021-01-13 18:08:22','å†…ç½‘IP|0|0|å†…ç½‘IP|å†…ç½‘IP','192.168.220.1','Windows 10','Chrome 87');
/*!40000 ALTER TABLE `t_login_log` ENABLE KEYS */;
UNLOCK TABLES;

--
-- Table structure for table `t_menu`
--

DROP TABLE IF EXISTS `t_menu`;
/*!40101 SET @saved_cs_client     = @@character_set_client */;
/*!50503 SET character_set_client = utf8mb4 */;
CREATE TABLE `t_menu` (
  `MENU_ID` bigint NOT NULL AUTO_INCREMENT COMMENT 'èœå•/æŒ‰é’®ID',
  `PARENT_ID` bigint NOT NULL COMMENT 'ä¸Šçº§èœå•ID',
  `MENU_NAME` varchar(50) NOT NULL COMMENT 'èœå•/æŒ‰é’®åç§°',
  `URL` varchar(50) DEFAULT NULL COMMENT 'èœå•URL',
  `PERMS` text COMMENT 'æƒé™æ ‡è¯†',
  `ICON` varchar(50) DEFAULT NULL COMMENT 'å›¾æ ‡',
  `TYPE` char(2) NOT NULL COMMENT 'ç±»å‹ 0èœå• 1æŒ‰é’®',
  `ORDER_NUM` bigint DEFAULT NULL COMMENT 'æ’åº',
  `CREATE_TIME` datetime NOT NULL COMMENT 'åˆ›å»ºæ—¶é—´',
  `MODIFY_TIME` datetime DEFAULT NULL COMMENT 'ä¿®æ”¹æ—¶é—´',
  PRIMARY KEY (`MENU_ID`) USING BTREE,
  KEY `t_menu_parent_id` (`PARENT_ID`),
  KEY `t_menu_menu_id` (`MENU_ID`)
) ENGINE=InnoDB AUTO_INCREMENT=238 DEFAULT CHARSET=utf8 ROW_FORMAT=DYNAMIC COMMENT='èœå•è¡¨';
/*!40101 SET character_set_client = @saved_cs_client */;

--
-- Dumping data for table `t_menu`
--

LOCK TABLES `t_menu` WRITE;
/*!40000 ALTER TABLE `t_menu` DISABLE KEYS */;
INSERT INTO `t_menu` VALUES (1,0,'ç³»ç»Ÿç®¡ç†','','','layui-icon-setting','0',3,'2017-12-27 16:39:07','2020-11-30 18:42:34'),(3,1,'ç”¨æˆ·ç®¡ç†','/system/user','user:view','','0',1,'2017-12-27 16:47:13','2019-12-04 16:46:50'),(4,1,'è§’è‰²ç®¡ç†','/system/role','role:view','','0',2,'2017-12-27 16:48:09','2019-06-13 08:57:19'),(5,1,'èœå•ç®¡ç†','/system/menu','menu:view','','0',3,'2017-12-27 16:48:57','2019-06-13 08:57:34'),(6,1,'éƒ¨é—¨ç®¡ç†','/system/dept','dept:view','','0',4,'2017-12-27 16:57:33','2019-06-14 19:56:00'),(8,0,'åœ¨çº¿ç”¨æˆ·','/monitor/online','online:view','layui-icon-alert','0',4,'2017-12-27 16:59:33','2020-12-05 13:21:00'),(11,3,'æ–°å¢ç”¨æˆ·',NULL,'user:add',NULL,'1',NULL,'2017-12-27 17:02:58',NULL),(12,3,'ä¿®æ”¹ç”¨æˆ·',NULL,'user:update',NULL,'1',NULL,'2017-12-27 17:04:07',NULL),(13,3,'åˆ é™¤ç”¨æˆ·',NULL,'user:delete',NULL,'1',NULL,'2017-12-27 17:04:58',NULL),(14,4,'æ–°å¢è§’è‰²',NULL,'role:add',NULL,'1',NULL,'2017-12-27 17:06:38',NULL),(15,4,'ä¿®æ”¹è§’è‰²',NULL,'role:update',NULL,'1',NULL,'2017-12-27 17:06:38',NULL),(16,4,'åˆ é™¤è§’è‰²',NULL,'role:delete',NULL,'1',NULL,'2017-12-27 17:06:38',NULL),(17,5,'æ–°å¢èœå•',NULL,'menu:add',NULL,'1',NULL,'2017-12-27 17:08:02',NULL),(18,5,'ä¿®æ”¹èœå•',NULL,'menu:update',NULL,'1',NULL,'2017-12-27 17:08:02',NULL),(19,5,'åˆ é™¤èœå•',NULL,'menu:delete',NULL,'1',NULL,'2017-12-27 17:08:02',NULL),(20,6,'æ–°å¢éƒ¨é—¨',NULL,'dept:add',NULL,'1',NULL,'2017-12-27 17:09:24',NULL),(21,6,'ä¿®æ”¹éƒ¨é—¨',NULL,'dept:update',NULL,'1',NULL,'2017-12-27 17:09:24',NULL),(22,6,'åˆ é™¤éƒ¨é—¨',NULL,'dept:delete',NULL,'1',NULL,'2017-12-27 17:09:24',NULL),(23,8,'è¸¢å‡ºç”¨æˆ·',NULL,'user:kickout',NULL,'1',NULL,'2017-12-27 17:11:13',NULL),(160,3,'å¯†ç é‡ç½®',NULL,'user:password:reset',NULL,'1',NULL,'2019-06-13 08:40:13',NULL),(161,3,'å¯¼å‡ºExcel',NULL,'user:export',NULL,'1',NULL,'2019-06-13 08:40:34',NULL),(162,4,'å¯¼å‡ºExcel',NULL,'role:export',NULL,'1',NULL,'2019-06-13 14:29:00','2019-06-13 14:29:11'),(163,5,'å¯¼å‡ºExcel',NULL,'menu:export',NULL,'1',NULL,'2019-06-13 14:29:32',NULL),(164,6,'å¯¼å‡ºExcel',NULL,'dept:export',NULL,'1',NULL,'2019-06-13 14:29:59',NULL),(197,0,'è®¢å•ç®¡ç†','','order:view','layui-icon-filedone','0',0,'2020-07-29 14:02:14','2020-12-04 22:48:21'),(198,204,'æ–°å¢è®¢å•',NULL,'orders:create',NULL,'1',NULL,'2020-07-29 14:02:35','2020-12-05 00:11:24'),(199,204,'æäº¤è®¢å•',NULL,'orders:submit',NULL,'1',NULL,'2020-07-29 14:04:17','2020-12-04 23:47:02'),(200,204,'å®¡æ‰¹è®¢å•',NULL,'orders:audit',NULL,'1',NULL,'2020-07-29 14:04:43',NULL),(201,204,'å®Œæˆæ”¶æ¬¾',NULL,'orders:pay',NULL,'1',NULL,'2020-07-29 14:05:10',NULL),(203,197,'é›¶å”®è®¢å•','/system/order','order:view','','0',1,'2020-07-29 14:06:48','2020-12-06 10:10:23'),(204,197,'æ‰¹å‘è®¢å•','/system/order/wholesale','orders:view','','0',2,'2020-07-29 14:07:38','2020-11-30 20:06:37'),(205,0,'è´§å“ç®¡ç†','/system/goods','goods:view','layui-icon-gift','0',2,'2020-07-29 14:09:46','2020-11-30 18:42:19'),(206,205,'æ–°å¢è´§å“',NULL,'goods:create',NULL,'1',NULL,'2020-07-29 14:10:49','2020-11-26 10:14:03'),(207,205,'ä¿®æ”¹è´§å“',NULL,'goods:update',NULL,'1',NULL,'2020-07-29 14:11:20','2020-11-30 19:43:25'),(210,205,'åˆ é™¤è´§å“','','goods:delete','','1',NULL,'2020-07-29 17:01:49','2020-11-30 19:43:12'),(212,0,'å®¢æˆ·ç®¡ç†','/system/customer/','customer:view','layui-icon-team','0',1,'2020-07-29 22:37:50','2020-11-30 18:42:12'),(213,212,'æ–°å¢å®¢æˆ·',NULL,'customer:create',NULL,'1',NULL,'2020-07-29 22:38:45',NULL),(214,212,'ä¿®æ”¹å®¢æˆ·',NULL,'customer:update',NULL,'1',NULL,'2020-07-29 22:39:20','2020-07-29 23:57:52'),(215,212,'åˆ é™¤å®¢æˆ·',NULL,'customer:delete',NULL,'1',NULL,'2020-07-29 22:40:16',NULL),(218,0,'ä»“åº“ç®¡ç†','','storage:view','layui-icon-home','0',NULL,'2020-12-04 22:32:20',NULL),(219,218,'ä»“åº“æ€»è§ˆ','/system/storage','storage:view','','0',0,'2020-12-04 22:33:54',NULL),(220,219,'æ–°å¢ä»“åº“',NULL,'storage:create',NULL,'1',NULL,'2020-12-04 22:35:52','2020-12-04 22:37:43'),(221,219,'ä¿®æ”¹ä»“åº“',NULL,'storage:update',NULL,'1',NULL,'2020-12-04 22:36:24','2020-12-04 22:37:51'),(222,219,'åˆ é™¤ä»“åº“',NULL,'storage:delete',NULL,'1',NULL,'2020-12-04 22:37:07',NULL),(223,218,'åº“å­˜è®°å½•','/system/record','record:view','','0',1,'2020-12-04 22:40:48',NULL),(224,223,'æ–°è´§å…¥åº“',NULL,'record:create',NULL,'1',NULL,'2020-12-04 22:42:16',NULL),(225,223,'è´§å“å‡ºåº“',NULL,'record:out',NULL,'1',NULL,'2020-12-04 22:43:27',NULL),(226,223,'å·²æœ‰è´§å“å…¥åº“',NULL,'record:update',NULL,'1',NULL,'2020-12-04 22:44:39',NULL),(227,223,'è´§å“è½¬ç§»',NULL,'record:trans',NULL,'1',NULL,'2020-12-04 22:45:04',NULL),(228,204,'ä¿®æ”¹è®¢å•',NULL,'orders:update',NULL,'1',NULL,'2020-12-05 00:00:26',NULL),(229,204,'åˆ é™¤è®¢å•',NULL,'orders:delete',NULL,'1',NULL,'2020-12-05 00:01:25',NULL),(230,203,'æ–°å¢è®¢å•',NULL,'order:retail',NULL,'1',NULL,'2020-12-06 10:08:57',NULL),(231,204,'è®¢å•é€€è´§',NULL,'orders:return',NULL,'1',NULL,'2020-12-11 13:50:26',NULL),(232,204,'å•æœŸæ”¶æ¬¾',NULL,'orders:payone',NULL,'1',NULL,'2020-12-11 13:50:51',NULL),(233,212,'è®¾å®šç§¯åˆ†è§„åˆ™',NULL,'customer:pointsRule',NULL,'1',NULL,'2021-01-11 23:05:59',NULL),(234,0,'ç»Ÿè®¡æŸ¥è¯¢','','','layui-icon-linechart','0',NULL,'2021-01-12 21:41:32',NULL),(235,234,'åº“å­˜ç»Ÿè®¡','/system/inventory','inventory:view','','0',NULL,'2021-01-12 21:42:44',NULL),(236,234,'é”€å”®ç»Ÿè®¡','/system/sale','sale:view','','0',NULL,'2021-01-12 22:24:47','2021-01-12 22:26:51'),(237,234,'å®¢æˆ·ç»“æ¬¾ç»Ÿè®¡','/system/pay','pay:view','','0',NULL,'2021-01-13 15:39:54','2021-01-13 15:41:00');
/*!40000 ALTER TABLE `t_menu` ENABLE KEYS */;
UNLOCK TABLES;

--
-- Table structure for table `t_order_retail`
--

DROP TABLE IF EXISTS `t_order_retail`;
/*!40101 SET @saved_cs_client     = @@character_set_client */;
/*!50503 SET character_set_client = utf8mb4 */;
CREATE TABLE `t_order_retail` (
  `order_id` bigint unsigned NOT NULL AUTO_INCREMENT COMMENT 'é›¶å”®å•å·',
  `customer_name` varchar(100) NOT NULL COMMENT 'å®¢æˆ·å§“å',
  `customer_phone` varchar(100) NOT NULL COMMENT 'å®¢æˆ·ç”µè¯',
  `order_price` double DEFAULT NULL COMMENT 'é›¶å”®å•ä»·æ ¼',
  `create_time` datetime NOT NULL COMMENT 'åˆ›å»ºæ—¶é—´',
  PRIMARY KEY (`order_id`)
) ENGINE=InnoDB AUTO_INCREMENT=20 DEFAULT CHARSET=utf8mb4 COLLATE=utf8mb4_0900_ai_ci COMMENT='é›¶å”®è®¢å•è¡¨';
/*!40101 SET character_set_client = @saved_cs_client */;

--
-- Dumping data for table `t_order_retail`
--

LOCK TABLES `t_order_retail` WRITE;
/*!40000 ALTER TABLE `t_order_retail` DISABLE KEYS */;
INSERT INTO `t_order_retail` VALUES (1,'xx','11111111111',11,'2020-12-01 20:33:44'),(2,'ss','11111111111',22,'2020-12-06 16:56:14'),(3,'ww','11111111111',11,'2020-12-06 18:01:29'),(4,'ss','13629837999',2,'2020-12-06 18:08:10'),(5,'w','13629837931',2,'2020-12-06 18:22:43'),(6,'q','11111111111',1,'2020-12-06 18:32:22'),(7,'w','11111111111',2,'2020-12-06 19:02:12'),(8,'qw','11111111111',NULL,'2020-12-06 21:34:46'),(9,'rrr','11111111111',30,'2020-12-06 21:45:36'),(10,'qqq','11111111111',60,'2020-12-06 21:46:23'),(11,'eeo','11111111111',800,'2020-12-06 22:22:29'),(12,'22','11111111111',400,'2020-12-06 22:24:38'),(13,'1','11111111111',400,'2020-12-06 22:25:52'),(14,'ququ','11111111111',400,'2020-12-06 22:31:10'),(15,'ww','19999999999',800,'2020-12-08 10:34:21'),(16,'q','11111111111',400,'2020-12-08 10:38:16'),(18,'æå››','15211112222',430,'2020-12-11 13:37:16'),(19,'test','10011112222',400,'2020-12-14 18:47:07');
/*!40000 ALTER TABLE `t_order_retail` ENABLE KEYS */;
UNLOCK TABLES;

--
-- Table structure for table `t_order_single`
--

DROP TABLE IF EXISTS `t_order_single`;
/*!40101 SET @saved_cs_client     = @@character_set_client */;
/*!50503 SET character_set_client = utf8mb4 */;
CREATE TABLE `t_order_single` (
  `order_id` int NOT NULL AUTO_INCREMENT COMMENT 'è®¢å•ç¼–å·',
  `customer_name` varchar(100) NOT NULL COMMENT 'å®¢æˆ·å§“å',
  `customer_phone` varchar(100) NOT NULL COMMENT 'å®¢æˆ·ç”µè¯',
  `order_price` varchar(100) CHARACTER SET utf8mb4 COLLATE utf8mb4_0900_ai_ci NOT NULL COMMENT 'ä»·æ ¼',
  `create_time` varchar(100) NOT NULL COMMENT 'è®¢å•å»ºç«‹æ—¶é—´',
  `order_info` varchar(100) NOT NULL,
  PRIMARY KEY (`order_id`)
) ENGINE=InnoDB AUTO_INCREMENT=4 DEFAULT CHARSET=utf8mb4 COLLATE=utf8mb4_0900_ai_ci COMMENT='é›¶å”®è®¢å•è¡¨';
/*!40101 SET character_set_client = @saved_cs_client */;

--
-- Dumping data for table `t_order_single`
--

LOCK TABLES `t_order_single` WRITE;
/*!40000 ALTER TABLE `t_order_single` DISABLE KEYS */;
INSERT INTO `t_order_single` VALUES (1,'ss','1111','12','2020/12/02 21:00','æ‹–é‹*2;è„¸ç›†*3;æ¯›å·¾*4');
/*!40000 ALTER TABLE `t_order_single` ENABLE KEYS */;
UNLOCK TABLES;

--
-- Table structure for table `t_order_wholesale`
--

DROP TABLE IF EXISTS `t_order_wholesale`;
/*!40101 SET @saved_cs_client     = @@character_set_client */;
/*!50503 SET character_set_client = utf8mb4 */;
CREATE TABLE `t_order_wholesale` (
  `orders_id` int NOT NULL AUTO_INCREMENT COMMENT 'è®¢å•ç¼–å·',
  `customer_name` varchar(100) NOT NULL COMMENT 'å®¢æˆ·å§“å',
  `customer_phone` varchar(100) NOT NULL COMMENT 'å®¢æˆ·æ‰‹æœºå·ç ',
  `goods_id` bigint unsigned NOT NULL COMMENT 'è´§å“ID',
  `goods_num` bigint unsigned NOT NULL COMMENT 'è´§å“æ•°é‡',
  `create_time` datetime NOT NULL COMMENT 'åˆ›å»ºæ—¶é—´',
  `price_paid` double NOT NULL COMMENT 'å·²æ”¶æ¬¾é‡‘é¢',
  `orders_price` double NOT NULL COMMENT 'é”€å”®å•ä»·æ ¼',
  `status` varchar(100) NOT NULL COMMENT 'è®¢å•çŠ¶æ€',
  `orders_address` varchar(100) NOT NULL COMMENT 'æ”¶è´§åœ°å€',
  `storehouse` varchar(100) NOT NULL COMMENT 'å‘è´§ä»“åº“',
  `orders_period` double NOT NULL COMMENT 'è®¢å•åˆ†æœŸæ•°',
  `orders_profile` double NOT NULL COMMENT 'è®¢å•åˆ©æ¶¦',
  `goods_name` varchar(100) NOT NULL COMMENT 'å•†å“åç§°',
  PRIMARY KEY (`orders_id`)
) ENGINE=InnoDB AUTO_INCREMENT=13 DEFAULT CHARSET=utf8mb4 COLLATE=utf8mb4_0900_ai_ci COMMENT='æ‰¹å‘è®¢å•è¡¨';
/*!40101 SET character_set_client = @saved_cs_client */;

--
-- Dumping data for table `t_order_wholesale`
--

LOCK TABLES `t_order_wholesale` WRITE;
/*!40000 ALTER TABLE `t_order_wholesale` DISABLE KEYS */;
INSERT INTO `t_order_wholesale` VALUES (1,'å¼ ä¸‰','13123989123',1,199,'2020-12-02 21:00:00',200,1000,'4','é»‘é¾™æ±Ÿçœå“ˆå°”æ»¨å¸‚å—å²—åŒºå“ˆå°”æ»¨å·¥ä¸šå¤§å­¦','å¤§åº“',5,17910,'é”®ç›˜'),(2,'æå››','18759525258',1,111,'2020-12-02 21:13:34',2220,11100,'2','é»‘é¾™æ±Ÿçœå“ˆå°”æ»¨å¸‚é¦™åŠåŒº','é—¨åº—åº“æˆ¿',5,9990,'é”®ç›˜'),(4,'ç‹äº”','18759513412',3,70,'2020-12-03 12:47:24',0,1400,'2','é»‘é¾™æ±Ÿçœå“ˆå°”æ»¨å¸‚å—å²—åŒºè¥¿å¤§ç›´è¡—12å·','é—¨åº—åº“æˆ¿',6,700,'é¼ æ ‡'),(5,'ç‹å…­','18759513412',3,300,'2020-12-03 13:01:11',30000,30000,'3','é»‘é¾™æ±Ÿçœå“ˆå°”æ»¨å¸‚å—å²—åŒºè¥¿å¤§ç›´è¡—12å·','å¤§åº“',3,3000,'é¼ æ ‡'),(6,'ç‹äº”','18759513412',1,50,'2020-12-06 23:56:37',0,15000,'2','é»‘é¾™æ±Ÿçœå“ˆå°”æ»¨å¸‚å—å²—åŒºè¥¿å¤§ç›´è¡—12å·','å¤§åº“',5,4500,'é”®ç›˜'),(7,'ç‹äºŒ','18759213412',1,66,'2020-12-07 00:27:54',19800,19800,'4','é»‘é¾™æ±Ÿçœå“ˆå°”æ»¨å¸‚å—å²—åŒºè¥¿å¤§ç›´è¡—12å·','å¤§åº“',6,5940,'é”®ç›˜'),(8,'ç‹æ£®','18759513412',1,20,'2020-12-07 02:11:34',6000,6000,'4','é»‘é¾™æ±Ÿçœå“ˆå°”æ»¨å¸‚å—å²—åŒºè¥¿å¤§ç›´è¡—12å·','å¤§åº“',2,1800,'é”®ç›˜'),(9,'ç‹äº”','18759513412',3,66,'2020-12-07 09:40:59',0,1320,'2','é»‘é¾™æ±Ÿçœå“ˆå°”æ»¨å¸‚å—å²—åŒºè¥¿å¤§ç›´è¡—12å·','å¤§åº“',6,660,'é¼ æ ‡'),(10,'é™ˆäº”','18759513412',1,45,'2020-12-07 09:41:58',0,13500,'1','é»‘é¾™æ±Ÿçœå“ˆå°”æ»¨å¸‚å—å²—åŒºè¥¿å¤§ç›´è¡—12å·','é—¨åº—åº“æˆ¿',7,4050,'é”®ç›˜'),(11,'æäº”','18759513412',1,12,'2020-12-07 09:43:03',0,3600,'0','é»‘é¾™æ±Ÿçœå“ˆå°”æ»¨å¸‚å—å²—åŒºè¥¿å¤§ç›´è¡—12å·','é—¨åº—åº“æˆ¿',2,1080,'é”®ç›˜'),(12,'test','15011112222',1,20,'2020-12-14 18:47:55',6000,6000,'3','é»‘é¾™æ±Ÿå“ˆå°”æ»¨','é—¨åº—åº“æˆ¿',2,1800,'é”®ç›˜');
/*!40000 ALTER TABLE `t_order_wholesale` ENABLE KEYS */;
UNLOCK TABLES;

--
-- Table structure for table `t_points_rule`
--

DROP TABLE IF EXISTS `t_points_rule`;
/*!40101 SET @saved_cs_client     = @@character_set_client */;
/*!50503 SET character_set_client = utf8mb4 */;
CREATE TABLE `t_points_rule` (
  `POINTS_RULE_ID` bigint unsigned NOT NULL AUTO_INCREMENT,
  `TO_POINTS` double NOT NULL COMMENT 'ä»˜è´¦ç´¯è®¡ç§¯åˆ†æ—¶çš„æ¯”ä¾‹',
  `TO_BALANCE` double NOT NULL COMMENT 'ç§¯åˆ†å…‘æ¢ä½™é¢çš„æ¯”ä¾‹',
  PRIMARY KEY (`POINTS_RULE_ID`)
) ENGINE=InnoDB AUTO_INCREMENT=2 DEFAULT CHARSET=utf8mb4 COLLATE=utf8mb4_0900_ai_ci;
/*!40101 SET character_set_client = @saved_cs_client */;

--
-- Dumping data for table `t_points_rule`
--

LOCK TABLES `t_points_rule` WRITE;
/*!40000 ALTER TABLE `t_points_rule` DISABLE KEYS */;
INSERT INTO `t_points_rule` VALUES (1,1,100);
/*!40000 ALTER TABLE `t_points_rule` ENABLE KEYS */;
UNLOCK TABLES;

--
-- Table structure for table `t_retail_goods`
--

DROP TABLE IF EXISTS `t_retail_goods`;
/*!40101 SET @saved_cs_client     = @@character_set_client */;
/*!50503 SET character_set_client = utf8mb4 */;
CREATE TABLE `t_retail_goods` (
  `order_id` bigint unsigned NOT NULL COMMENT 'é›¶å”®å•å·',
  `goods_id` bigint unsigned NOT NULL COMMENT 'å•†å“ç¼–å·',
  KEY `t_retail_goods_goods_id` (`goods_id`) USING BTREE,
  KEY `t_retail_goods_order_id` (`order_id`) USING BTREE
) ENGINE=InnoDB DEFAULT CHARSET=utf8mb4 COLLATE=utf8mb4_0900_ai_ci COMMENT='é›¶å”®è®¢å•é¡¹è¡¨';
/*!40101 SET character_set_client = @saved_cs_client */;

--
-- Dumping data for table `t_retail_goods`
--

LOCK TABLES `t_retail_goods` WRITE;
/*!40000 ALTER TABLE `t_retail_goods` DISABLE KEYS */;
INSERT INTO `t_retail_goods` VALUES (1,1),(2,1),(2,1),(3,1),(4,1),(5,1),(6,1),(7,1),(8,1),(9,3),(10,3),(10,3),(11,1),(11,1),(12,1),(13,1),(14,1),(15,1),(15,1),(16,1),(18,1),(18,3),(19,1);
/*!40000 ALTER TABLE `t_retail_goods` ENABLE KEYS */;
UNLOCK TABLES;

--
-- Table structure for table `t_role`
--

DROP TABLE IF EXISTS `t_role`;
/*!40101 SET @saved_cs_client     = @@character_set_client */;
/*!50503 SET character_set_client = utf8mb4 */;
CREATE TABLE `t_role` (
  `ROLE_ID` bigint NOT NULL AUTO_INCREMENT COMMENT 'è§’è‰²ID',
  `ROLE_NAME` varchar(100) CHARACTER SET utf8 COLLATE utf8_general_ci NOT NULL COMMENT 'è§’è‰²åç§°',
  `REMARK` varchar(100) CHARACTER SET utf8 COLLATE utf8_general_ci DEFAULT NULL COMMENT 'è§’è‰²æè¿°',
  `CREATE_TIME` datetime NOT NULL COMMENT 'åˆ›å»ºæ—¶é—´',
  `MODIFY_TIME` datetime DEFAULT NULL COMMENT 'ä¿®æ”¹æ—¶é—´',
  PRIMARY KEY (`ROLE_ID`) USING BTREE
) ENGINE=InnoDB AUTO_INCREMENT=87 DEFAULT CHARSET=utf8 ROW_FORMAT=DYNAMIC COMMENT='è§’è‰²è¡¨';
/*!40101 SET character_set_client = @saved_cs_client */;

--
-- Dumping data for table `t_role`
--

LOCK TABLES `t_role` WRITE;
/*!40000 ALTER TABLE `t_role` DISABLE KEYS */;
INSERT INTO `t_role` VALUES (1,'ç³»ç»Ÿç®¡ç†å‘˜','ç³»ç»Ÿç®¡ç†å‘˜ï¼Œæ‹¥æœ‰æ‰€æœ‰æ“ä½œæƒé™ ^_^','2019-06-14 16:23:11','2021-01-13 15:40:00'),(2,'æ³¨å†Œè´¦æˆ·','æ³¨å†Œè´¦æˆ·ï¼Œæ‹¥æœ‰æŸ¥çœ‹æƒé™','2019-06-14 16:00:15','2020-12-05 14:36:16'),(84,'åº—ä¸»','åº—ä¸»','2020-11-26 08:57:45','2020-12-11 14:14:55'),(85,'ç»ç†','ç»ç†','2020-11-30 18:34:17','2020-12-05 14:32:47'),(86,'åº—å‘˜','åº—å‘˜','2020-11-30 18:36:07',NULL);
/*!40000 ALTER TABLE `t_role` ENABLE KEYS */;
UNLOCK TABLES;

--
-- Table structure for table `t_role_menu`
--

DROP TABLE IF EXISTS `t_role_menu`;
/*!40101 SET @saved_cs_client     = @@character_set_client */;
/*!50503 SET character_set_client = utf8mb4 */;
CREATE TABLE `t_role_menu` (
  `ROLE_ID` bigint NOT NULL COMMENT 'è§’è‰²ID',
  `MENU_ID` bigint NOT NULL COMMENT 'èœå•/æŒ‰é’®ID',
  KEY `t_role_menu_menu_id` (`MENU_ID`),
  KEY `t_role_menu_role_id` (`ROLE_ID`)
) ENGINE=InnoDB DEFAULT CHARSET=utf8 ROW_FORMAT=DYNAMIC COMMENT='è§’è‰²èœå•å…³è”è¡¨';
/*!40101 SET character_set_client = @saved_cs_client */;

--
-- Dumping data for table `t_role_menu`
--

LOCK TABLES `t_role_menu` WRITE;
/*!40000 ALTER TABLE `t_role_menu` DISABLE KEYS */;
INSERT INTO `t_role_menu` VALUES (86,212),(86,213),(86,214),(86,197),(86,198),(85,218),(85,219),(85,222),(85,220),(85,221),(85,223),(85,224),(85,225),(85,226),(85,227),(85,197),(85,203),(85,204),(85,229),(85,228),(85,198),(85,199),(85,200),(85,201),(85,212),(85,213),(85,214),(85,215),(85,205),(85,206),(85,207),(85,210),(2,218),(2,219),(2,223),(2,205),(2,8),(84,218),(84,219),(84,220),(84,221),(84,222),(84,223),(84,226),(84,227),(84,224),(84,225),(84,197),(84,203),(84,230),(84,204),(84,228),(84,229),(84,231),(84,232),(84,198),(84,199),(84,200),(84,201),(84,212),(84,213),(84,214),(84,215),(84,205),(84,206),(84,207),(84,210),(84,1),(84,3),(84,11),(84,12),(84,13),(84,160),(84,161),(84,8),(84,23),(1,234),(1,237),(1,235),(1,236),(1,218),(1,219),(1,220),(1,221),(1,222),(1,223),(1,224),(1,225),(1,226),(1,227),(1,197),(1,203),(1,230),(1,204),(1,231),(1,232),(1,198),(1,199),(1,200),(1,201),(1,228),(1,229),(1,212),(1,233),(1,213),(1,214),(1,215),(1,205),(1,206),(1,207),(1,210),(1,1),(1,3),(1,12),(1,11),(1,13),(1,160),(1,161),(1,4),(1,14),(1,15),(1,16),(1,162),(1,5),(1,19),(1,17),(1,18),(1,163),(1,6),(1,20),(1,21),(1,22),(1,164),(1,8),(1,23);
/*!40000 ALTER TABLE `t_role_menu` ENABLE KEYS */;
UNLOCK TABLES;

--
-- Table structure for table `t_storage`
--

DROP TABLE IF EXISTS `t_storage`;
/*!40101 SET @saved_cs_client     = @@character_set_client */;
/*!50503 SET character_set_client = utf8mb4 */;
CREATE TABLE `t_storage` (
  `STORAGE_ID` bigint unsigned NOT NULL AUTO_INCREMENT,
  `STORAGE_NAME` varchar(100) CHARACTER SET utf8mb4 COLLATE utf8mb4_0900_ai_ci NOT NULL,
  PRIMARY KEY (`STORAGE_ID`)
) ENGINE=InnoDB AUTO_INCREMENT=7 DEFAULT CHARSET=utf8mb4 COLLATE=utf8mb4_0900_ai_ci COMMENT='ä»“åº“æ€»è¡¨';
/*!40101 SET character_set_client = @saved_cs_client */;

--
-- Dumping data for table `t_storage`
--

LOCK TABLES `t_storage` WRITE;
/*!40000 ALTER TABLE `t_storage` DISABLE KEYS */;
INSERT INTO `t_storage` VALUES (1,'é—¨åº—åº“æˆ¿'),(2,'å¤§åº“'),(6,'æµ‹è¯•');
/*!40000 ALTER TABLE `t_storage` ENABLE KEYS */;
UNLOCK TABLES;

--
-- Table structure for table `t_storage_goods`
--

DROP TABLE IF EXISTS `t_storage_goods`;
/*!40101 SET @saved_cs_client     = @@character_set_client */;
/*!50503 SET character_set_client = utf8mb4 */;
CREATE TABLE `t_storage_goods` (
  `RECORD_ID` bigint unsigned NOT NULL AUTO_INCREMENT,
  `STORAGE_ID` bigint unsigned NOT NULL,
  `STORAGE_NAME` varchar(100) NOT NULL,
  `GOODS_ID` bigint unsigned NOT NULL,
  `GOODS_NAME` varchar(100) NOT NULL,
  `NUMBER` bigint unsigned NOT NULL,
  `VALUE` double NOT NULL,
  PRIMARY KEY (`RECORD_ID`),
  KEY `t_storage_goods_fk` (`GOODS_ID`),
  KEY `t_storage_goods_fk_1` (`STORAGE_ID`),
  CONSTRAINT `t_storage_goods_fk` FOREIGN KEY (`GOODS_ID`) REFERENCES `t_goods` (`GOODS_ID`) ON DELETE RESTRICT ON UPDATE RESTRICT,
  CONSTRAINT `t_storage_goods_fk_1` FOREIGN KEY (`STORAGE_ID`) REFERENCES `t_storage` (`STORAGE_ID`) ON DELETE RESTRICT ON UPDATE RESTRICT
) ENGINE=InnoDB AUTO_INCREMENT=11 DEFAULT CHARSET=utf8mb4 COLLATE=utf8mb4_0900_ai_ci COMMENT='ä»“åº“å­è¡¨';
/*!40101 SET character_set_client = @saved_cs_client */;

--
-- Dumping data for table `t_storage_goods`
--

LOCK TABLES `t_storage_goods` WRITE;
/*!40000 ALTER TABLE `t_storage_goods` DISABLE KEYS */;
INSERT INTO `t_storage_goods` VALUES (2,1,'é—¨åº—åº“æˆ¿',3,'é¼ æ ‡',20,200),(3,2,'å¤§åº“',1,'é”®ç›˜',53,10600),(5,1,'é—¨åº—åº“æˆ¿',7,'æ‰‹æœº',10,10000),(8,2,'å¤§åº“',3,'é¼ æ ‡',10,100),(9,6,'æµ‹è¯•',1,'é”®ç›˜',14,2800);
/*!40000 ALTER TABLE `t_storage_goods` ENABLE KEYS */;
UNLOCK TABLES;

--
-- Table structure for table `t_user`
--

DROP TABLE IF EXISTS `t_user`;
/*!40101 SET @saved_cs_client     = @@character_set_client */;
/*!50503 SET character_set_client = utf8mb4 */;
CREATE TABLE `t_user` (
  `USER_ID` bigint NOT NULL AUTO_INCREMENT COMMENT 'ç”¨æˆ·ID',
  `USERNAME` varchar(50) CHARACTER SET utf8 COLLATE utf8_general_ci NOT NULL COMMENT 'ç”¨æˆ·å',
  `PASSWORD` varchar(128) CHARACTER SET utf8 COLLATE utf8_general_ci NOT NULL COMMENT 'å¯†ç ',
  `DEPT_ID` bigint DEFAULT NULL COMMENT 'éƒ¨é—¨ID',
  `EMAIL` varchar(128) CHARACTER SET utf8 COLLATE utf8_general_ci DEFAULT NULL COMMENT 'é‚®ç®±',
  `MOBILE` varchar(20) CHARACTER SET utf8 COLLATE utf8_general_ci DEFAULT NULL COMMENT 'è”ç³»ç”µè¯',
  `STATUS` char(1) CHARACTER SET utf8 COLLATE utf8_general_ci NOT NULL COMMENT 'çŠ¶æ€ 0é”å®š 1æœ‰æ•ˆ',
  `CREATE_TIME` datetime NOT NULL COMMENT 'åˆ›å»ºæ—¶é—´',
  `MODIFY_TIME` datetime DEFAULT NULL COMMENT 'ä¿®æ”¹æ—¶é—´',
  `LAST_LOGIN_TIME` datetime DEFAULT NULL COMMENT 'æœ€è¿‘è®¿é—®æ—¶é—´',
  `SSEX` char(1) CHARACTER SET utf8 COLLATE utf8_general_ci DEFAULT NULL COMMENT 'æ€§åˆ« 0ç”· 1å¥³ 2ä¿å¯†',
  `IS_TAB` char(1) CHARACTER SET utf8 COLLATE utf8_general_ci DEFAULT NULL COMMENT 'æ˜¯å¦å¼€å¯tabï¼Œ0å…³é—­ 1å¼€å¯',
  `THEME` varchar(10) CHARACTER SET utf8 COLLATE utf8_general_ci DEFAULT NULL COMMENT 'ä¸»é¢˜',
  `AVATAR` varchar(100) CHARACTER SET utf8 COLLATE utf8_general_ci DEFAULT NULL COMMENT 'å¤´åƒ',
  `DESCRIPTION` varchar(100) CHARACTER SET utf8 COLLATE utf8_general_ci DEFAULT NULL COMMENT 'æè¿°',
  PRIMARY KEY (`USER_ID`) USING BTREE,
  KEY `t_user_username` (`USERNAME`),
  KEY `t_user_mobile` (`MOBILE`)
) ENGINE=InnoDB AUTO_INCREMENT=15 DEFAULT CHARSET=utf8 ROW_FORMAT=DYNAMIC COMMENT='ç”¨æˆ·è¡¨';
/*!40101 SET character_set_client = @saved_cs_client */;

--
-- Dumping data for table `t_user`
--

LOCK TABLES `t_user` WRITE;
/*!40000 ALTER TABLE `t_user` DISABLE KEYS */;
INSERT INTO `t_user` VALUES (1,'MrBird','cb62ad1497597283961545d608f80241',1,'mrbird@qq.com','17788888888','1','2019-06-14 20:39:22','2019-12-04 16:47:11','2021-01-13 18:08:23','0','1','black','cnrhVkzwxjPwAaCfPbdc.png','æˆ‘æ˜¯å¸…æ¯”ä½œè€…ã€‚'),(2,'Scott','1d685729d113cfd03872f154939bee1c',1,'scott@gmail.com','17722222222','1','2019-06-14 20:55:53','2020-12-05 14:15:10','2019-08-18 17:36:18','0','1','black','gaOngJwsRYRaVAuXXcmB.png','æˆ‘æ˜¯scottã€‚'),(6,'Georgie','dffc683378cdaa015a0ee9554c532225',1,'Georgie@qq.com','17766666666','0','2019-06-14 21:15:09','2020-12-05 14:34:04','2019-06-14 21:16:11','2','0','black','BiazfanxmamNRoxxVxka.png','ç”Ÿäº§æ‰§è¡Œrm -rf *ï¼Œè´¦å·å°ç¦T T'),(10,'Master','bd6c486fb63480e5ca347d8e1e29ad08',NULL,'','','1','2020-12-05 14:18:50','2020-12-05 14:26:01','2020-12-05 14:29:43','2','1','black','default.jpg','æ³¨å†Œç”¨æˆ·'),(11,'Manager','1910ab772c0cd7ba2f5ab5b02b29db05',NULL,'','','1','2020-12-05 14:31:15',NULL,NULL,'2','1','black','default.jpg',''),(12,'Employee','fa08edc78a947e2217e156e06be0d46c',NULL,'','','1','2020-12-05 14:32:14',NULL,NULL,'2','1','black','default.jpg','');
/*!40000 ALTER TABLE `t_user` ENABLE KEYS */;
UNLOCK TABLES;

--
-- Table structure for table `t_user_data_permission`
--

DROP TABLE IF EXISTS `t_user_data_permission`;
/*!40101 SET @saved_cs_client     = @@character_set_client */;
/*!50503 SET character_set_client = utf8mb4 */;
CREATE TABLE `t_user_data_permission` (
  `USER_ID` bigint NOT NULL,
  `DEPT_ID` bigint NOT NULL,
  PRIMARY KEY (`USER_ID`,`DEPT_ID`)
) ENGINE=InnoDB DEFAULT CHARSET=utf8 COMMENT='ç”¨æˆ·æ•°æ®æƒé™å…³è”è¡¨';
/*!40101 SET character_set_client = @saved_cs_client */;

--
-- Dumping data for table `t_user_data_permission`
--

LOCK TABLES `t_user_data_permission` WRITE;
/*!40000 ALTER TABLE `t_user_data_permission` DISABLE KEYS */;
INSERT INTO `t_user_data_permission` VALUES (1,1),(1,6),(2,1);
/*!40000 ALTER TABLE `t_user_data_permission` ENABLE KEYS */;
UNLOCK TABLES;

--
-- Table structure for table `t_user_role`
--

DROP TABLE IF EXISTS `t_user_role`;
/*!40101 SET @saved_cs_client     = @@character_set_client */;
/*!50503 SET character_set_client = utf8mb4 */;
CREATE TABLE `t_user_role` (
  `USER_ID` bigint NOT NULL COMMENT 'ç”¨æˆ·ID',
  `ROLE_ID` bigint NOT NULL COMMENT 'è§’è‰²ID',
  KEY `t_user_role_user_id` (`USER_ID`),
  KEY `t_user_role_role_id` (`ROLE_ID`)
) ENGINE=InnoDB DEFAULT CHARSET=utf8 ROW_FORMAT=DYNAMIC COMMENT='ç”¨æˆ·è§’è‰²å…³è”è¡¨';
/*!40101 SET character_set_client = @saved_cs_client */;

--
-- Dumping data for table `t_user_role`
--

LOCK TABLES `t_user_role` WRITE;
/*!40000 ALTER TABLE `t_user_role` DISABLE KEYS */;
INSERT INTO `t_user_role` VALUES (1,1),(2,2),(10,84),(11,85),(12,86),(6,2);
/*!40000 ALTER TABLE `t_user_role` ENABLE KEYS */;
UNLOCK TABLES;

--
-- Dumping routines for database 'test'
--
/*!40103 SET TIME_ZONE=@OLD_TIME_ZONE */;

/*!40101 SET SQL_MODE=@OLD_SQL_MODE */;
/*!40014 SET FOREIGN_KEY_CHECKS=@OLD_FOREIGN_KEY_CHECKS */;
/*!40014 SET UNIQUE_CHECKS=@OLD_UNIQUE_CHECKS */;
/*!40101 SET CHARACTER_SET_CLIENT=@OLD_CHARACTER_SET_CLIENT */;
/*!40101 SET CHARACTER_SET_RESULTS=@OLD_CHARACTER_SET_RESULTS */;
/*!40101 SET COLLATION_CONNECTION=@OLD_COLLATION_CONNECTION */;
/*!40111 SET SQL_NOTES=@OLD_SQL_NOTES */;

-- Dump completed on 2021-01-13 18:09:51
